profile,index,source_row,case_id,ia,ib,ic,theta_e,we,id_ref,iq_ref,vdc,pi_reset,uq_zero_en,i_alpha_source,i_alpha_fixed,i_alpha_error,i_beta_source,i_beta_fixed,i_beta_error,id_source,id_fixed,id_error,iq_source,iq_fixed,iq_error,ud_lim_source,ud_lim_fixed,ud_lim_error,uq_lim_source,uq_lim_fixed,uq_lim_error,v_alpha_source,v_alpha_fixed,v_alpha_error,v_beta_source,v_beta_fixed,v_beta_error,ud_raw_source,ud_raw_fixed,ud_raw_error,uq_raw_source,uq_raw_fixed,uq_raw_error,t1_source,t1_fixed,t1_error,t2_source,t2_fixed,t2_error,duty_u_source,duty_u_fixed,duty_u_error,duty_v_source,duty_v_fixed,duty_v_error,duty_w_source,duty_w_fixed,duty_w_error,du_d_z_source,du_d_z_fixed,du_d_z_error,du_q_z_source,du_q_z_fixed,du_q_z_error,sector_source,sector_fixed,sat_old_source,sat_old_fixed
0,0,1,zero_reset1,0,0,0,0,0,0,0,1572864,1,0,0.0,0.0,0.0,0.0,0.0,0.0,0.0,0.0,0.0,0.0,0.0,0.0,0.0,0.0,0.0,0.0,0.0,0.0,0.0,0.0,0.0,0.0,0.0,0.0,0.0,0.0,0.0,0.0,0.0,0.0,0.0,0.0,0.0,-0.0,0.0,0.0,0.5,0.5,0.0,0.5,0.5,0.0,0.5,0.5,0.0,0.0,0.0,0.0,0.0,0.0,0.0,2,2,0,0
0,1,2,zero_reset2,0,0,0,0,0,0,0,1572864,1,0,0.0,0.0,0.0,0.0,0.0,0.0,0.0,0.0,0.0,0.0,0.0,0.0,0.0,0.0,0.0,0.0,0.0,0.0,0.0,0.0,0.0,0.0,0.0,0.0,0.0,0.0,0.0,0.0,0.0,0.0,0.0,0.0,0.0,-0.0,0.0,0.0,0.5,0.5,0.0,0.5,0.5,0.0,0.5,0.5,0.0,0.0,0.0,0.0,0.0,0.0,0.0,2,2,0,0
0,2,3,zero,0,0,0,0,0,0,0,1572864,0,0,0.0,0.0,0.0,0.0,0.0,0.0,0.0,0.0,0.0,0.0,0.0,0.0,0.0,0.0,0.0,0.0,0.0,0.0,0.0,0.0,0.0,0.0,0.0,0.0,0.0,0.0,0.0,0.0,0.0,0.0,0.0,0.0,0.0,-0.0,0.0,0.0,0.5,0.5,0.0,0.5,0.5,0.0,0.5,0.5,0.0,0.0,0.0,0.0,0.0,0.0,0.0,2,2,0,0
0,3,4,d_current_reset1,0,0,0,0,0,0,0,1572864,1,0,0.0,0.0,0.0,0.0,0.0,0.0,0.0,0.0,0.0,0.0,0.0,0.0,0.0,0.0,0.0,0.0,0.0,0.0,0.0,0.0,0.0,0.0,0.0,0.0,0.0,0.0,0.0,0.0,0.0,0.0,0.0,0.0,0.0,-0.0,0.0,0.0,0.5,0.5,0.0,0.5,0.5,0.0,0.5,0.5,0.0,0.0,0.0,0.0,0.0,0.0,0.0,2,2,0,0
0,4,5,d_current_reset2,0,0,0,0,0,0,0,1572864,1,0,0.0,0.0,0.0,0.0,0.0,0.0,0.0,0.0,0.0,0.0,0.0,0.0,0.0,0.0,0.0,0.0,0.0,0.0,0.0,0.0,0.0,0.0,0.0,0.0,0.0,0.0,0.0,0.0,0.0,0.0,0.0,0.0,0.0,-0.0,0.0,0.0,0.5,0.5,0.0,0.5,0.5,0.0,0.5,0.5,0.0,0.0,0.0,0.0,0.0,0.0,0.0,2,2,0,0
0,5,6,d_current,32768,-16384,-16384,0,0,0,0,1572864,0,0,1.0,1.0,0.0,0.0,0.0,0.0,1.0,1.0,0.0,0.0,0.0,0.0,-2.18125,-8.725006103515625,6.543756103515625,0.0,0.0,0.0,-2.18125,-8.725006103515625,6.543756103515625,0.0,0.0,0.0,-2.18125,-8.725000023841858,6.5437500238418576,0.0,0.0,0.0,-0.0,0.0,0.0,0.0681640625,0.2726564407348633,0.20449237823486327,0.53408203125,0.6363282203674316,0.10224618911743166,0.46591796875,0.36367177963256836,0.10224618911743166,0.46591796875,0.36367177963256836,0.10224618911743166,0.0,0.0,0.0,0.0,0.0,0.0,4,4,0,0
0,6,7,q_current_reset1,0,0,0,0,0,0,0,1572864,1,0,0.0,0.0,0.0,0.0,0.0,0.0,0.0,0.0,0.0,0.0,0.0,0.0,0.0,0.0,0.0,0.0,0.0,0.0,0.0,0.0,0.0,0.0,0.0,0.0,0.0,0.0,0.0,0.0,0.0,0.0,0.0,0.0,0.0,-0.0,0.0,0.0,0.5,0.5,0.0,0.5,0.5,0.0,0.5,0.5,0.0,0.0,0.0,0.0,0.0,0.0,0.0,2,2,0,0
0,7,8,q_current_reset2,0,0,0,0,0,0,0,1572864,1,0,0.0,0.0,0.0,0.0,0.0,0.0,0.0,0.0,0.0,0.0,0.0,0.0,0.0,0.0,0.0,0.0,0.0,0.0,0.0,0.0,0.0,0.0,0.0,0.0,0.0,0.0,0.0,0.0,0.0,0.0,0.0,0.0,0.0,-0.0,0.0,0.0,0.5,0.5,0.0,0.5,0.5,0.0,0.5,0.5,0.0,0.0,0.0,0.0,0.0,0.0,0.0,2,2,0,0
0,8,9,q_current,0,28378,-28378,0,0,0,0,1572864,0,0,0.0,0.0,0.0,1.0,1.0,0.0,0.0,0.0,0.0,1.0,1.0,0.0,0.0,0.0,0.0,-2.18125,-8.725006103515625,6.543756103515625,0.0,0.0,0.0,-2.18125,-8.725006103515625,6.543756103515625,0.0,0.0,0.0,-2.18125,-8.725000023841858,6.5437500238418576,0.0393533854166667,0.15741365170106292,0.11806026628439623,0.0393533854166667,0.15741365170106292,0.11806026628439623,0.5,0.5,0.0,0.539353385416667,0.65741366147995,0.11806027606328295,0.460646614583333,0.34258633852005005,0.11806027606328295,0.0,0.0,0.0,0.0,0.0,0.0,6,6,0,0
0,9,10,common_mode_reset1,0,0,0,0,0,0,0,1572864,1,0,0.0,0.0,0.0,0.0,0.0,0.0,0.0,0.0,0.0,0.0,0.0,0.0,0.0,0.0,0.0,0.0,0.0,0.0,0.0,0.0,0.0,0.0,0.0,0.0,0.0,0.0,0.0,0.0,0.0,0.0,0.0,0.0,0.0,-0.0,0.0,0.0,0.5,0.5,0.0,0.5,0.5,0.0,0.5,0.5,0.0,0.0,0.0,0.0,0.0,0.0,0.0,2,2,0,0
0,10,11,common_mode_reset2,0,0,0,0,0,0,0,1572864,1,0,0.0,0.0,0.0,0.0,0.0,0.0,0.0,0.0,0.0,0.0,0.0,0.0,0.0,0.0,0.0,0.0,0.0,0.0,0.0,0.0,0.0,0.0,0.0,0.0,0.0,0.0,0.0,0.0,0.0,0.0,0.0,0.0,0.0,-0.0,0.0,0.0,0.5,0.5,0.0,0.5,0.5,0.0,0.5,0.5,0.0,0.0,0.0,0.0,0.0,0.0,0.0,2,2,0,0
0,11,12,common_mode,32768,32768,32768,0,0,0,0,1572864,0,0,0.0,0.0,0.0,0.0,0.0,0.0,0.0,0.0,0.0,0.0,0.0,0.0,0.0,0.0,0.0,0.0,0.0,0.0,0.0,0.0,0.0,0.0,0.0,0.0,0.0,0.0,0.0,0.0,0.0,0.0,0.0,0.0,0.0,-0.0,0.0,0.0,0.5,0.5,0.0,0.5,0.5,0.0,0.5,0.5,0.0,0.0,0.0,0.0,0.0,0.0,0.0,2,2,0,0
0,12,13,angle_0.0000_reset1,0,0,0,0,0,0,0,1572864,1,0,0.0,0.0,0.0,0.0,0.0,0.0,0.0,0.0,0.0,0.0,0.0,0.0,0.0,0.0,0.0,0.0,0.0,0.0,0.0,0.0,0.0,0.0,0.0,0.0,0.0,0.0,0.0,0.0,0.0,0.0,0.0,0.0,0.0,-0.0,0.0,0.0,0.5,0.5,0.0,0.5,0.5,0.0,0.5,0.5,0.0,0.0,0.0,0.0,0.0,0.0,0.0,2,2,0,0
0,13,14,angle_0.0000_reset2,0,0,0,0,0,0,0,1572864,1,0,0.0,0.0,0.0,0.0,0.0,0.0,0.0,0.0,0.0,0.0,0.0,0.0,0.0,0.0,0.0,0.0,0.0,0.0,0.0,0.0,0.0,0.0,0.0,0.0,0.0,0.0,0.0,0.0,0.0,0.0,0.0,0.0,0.0,-0.0,0.0,0.0,0.5,0.5,0.0,0.5,0.5,0.0,0.5,0.5,0.0,0.0,0.0,0.0,0.0,0.0,0.0,2,2,0,0
0,14,15,angle_0.0000,6554,-9830,3277,0,0,13107,-6554,1572864,0,0,0.2,0.20001220703125,1.2207031249988898e-05,-0.23094010767585,-0.230926513671875,1.3594003974992663e-05,0.2,0.20001220703125,1.2207031249988898e-05,-0.23094010767585,-0.230926513671875,1.3594003974992663e-05,0.43625,1.744842529296875,1.308592529296875,0.0674881098679486,0.26971435546875,0.20222624560080138,0.43625,1.744842529296875,1.308592529296875,0.0674881098679486,0.26971435546875,0.20222624560080138,0.43625,1.7448402643203735,1.3085902643203735,0.0674881098679486,0.26972734928131104,0.20223923941336241,0.012415214517799098,0.04966023261658847,0.03724501809878938,0.0024353365646306996,0.009732754901051521,0.007297418336420822,0.49257472445878503,0.4703035354614258,0.022271188997359248,0.5049899389765841,0.5199637413024902,0.014973802325906171,0.507425275541215,0.5296964645385742,0.022271188997359248,0.0,0.0,0.0,0.0,0.0,0.0,3,3,0,0
0,15,16,angle_1.5708_reset1,0,0,0,0,0,0,0,1572864,1,0,0.0,0.0,0.0,0.0,0.0,0.0,0.0,0.0,0.0,0.0,0.0,0.0,0.0,0.0,0.0,0.0,0.0,0.0,0.0,0.0,0.0,0.0,0.0,0.0,0.0,0.0,0.0,0.0,0.0,0.0,0.0,0.0,0.0,-0.0,0.0,0.0,0.5,0.5,0.0,0.5,0.5,0.0,0.5,0.5,0.0,0.0,0.0,0.0,0.0,0.0,0.0,2,2,0,0
0,16,17,angle_1.5708_reset2,0,0,0,0,0,0,0,1572864,1,0,0.0,0.0,0.0,0.0,0.0,0.0,0.0,0.0,0.0,0.0,0.0,0.0,0.0,0.0,0.0,0.0,0.0,0.0,0.0,0.0,0.0,0.0,0.0,0.0,0.0,0.0,0.0,0.0,0.0,0.0,0.0,0.0,0.0,-0.0,0.0,0.0,0.5,0.5,0.0,0.5,0.5,0.0,0.5,0.5,0.0,0.0,0.0,0.0,0.0,0.0,0.0,2,2,0,0
0,17,18,angle_1.5708,6554,-9830,3277,16384,0,13107,-6554,1572864,0,0,0.2,0.20001220703125,1.2207031249988898e-05,-0.23094010767585,-0.230926513671875,1.3594003974992663e-05,-0.23094010767585,-0.230926513671875,1.3594003974992663e-05,-0.2,-0.20001220703125,1.2207031249988898e-05,1.37623810986795,5.504791259765625,4.128553149897675,0.0,0.0,0.0,1.68540559611439e-16,0.0,1.68540559611439e-16,1.37623810986795,5.504791259765625,4.128553149897675,1.37623810986795,5.50478059053421,4.12854248066626,0.0,0.0,0.0,0.0248296292322009,0.09931560908444226,0.07448597985224135,0.0248296292322009,0.09931560908444226,0.07448597985224135,0.5,0.5,0.0,0.475170370767799,0.4006844162940979,0.0744859544737011,0.524829629232201,0.5993155837059021,0.0744859544737011,0.0,0.0,0.0,0.0,0.0,0.0,1,1,0,0
0,18,19,angle_3.1416_reset1,0,0,0,0,0,0,0,1572864,1,0,0.0,0.0,0.0,0.0,0.0,0.0,0.0,0.0,0.0,0.0,0.0,0.0,0.0,0.0,0.0,0.0,0.0,0.0,0.0,0.0,0.0,0.0,0.0,0.0,0.0,0.0,0.0,0.0,0.0,0.0,0.0,0.0,0.0,-0.0,0.0,0.0,0.5,0.5,0.0,0.5,0.5,0.0,0.5,0.5,0.0,0.0,0.0,0.0,0.0,0.0,0.0,2,2,0,0
0,19,20,angle_3.1416_reset2,0,0,0,0,0,0,0,1572864,1,0,0.0,0.0,0.0,0.0,0.0,0.0,0.0,0.0,0.0,0.0,0.0,0.0,0.0,0.0,0.0,0.0,0.0,0.0,0.0,0.0,0.0,0.0,0.0,0.0,0.0,0.0,0.0,0.0,0.0,0.0,0.0,0.0,0.0,-0.0,0.0,0.0,0.5,0.5,0.0,0.5,0.5,0.0,0.5,0.5,0.0,0.0,0.0,0.0,0.0,0.0,0.0,2,2,0,0
0,20,21,angle_3.1416,6554,-9830,3277,32768,0,13107,-6554,1572864,0,0,0.2,0.20001220703125,1.2207031249988898e-05,-0.23094010767585,-0.230926513671875,1.3594003974992663e-05,-0.2,-0.20001220703125,1.2207031249988898e-05,0.23094010767585,0.230926513671875,1.3594003974992663e-05,1.30875,5.23504638671875,3.92629638671875,-0.939988109867949,-3.75994873046875,2.819960620600801,-1.30875,-5.23504638671875,3.92629638671875,0.939988109867949,3.75994873046875,2.819960620600801,1.30875,5.235053241252899,3.9263032412528993,-0.939988109867949,-3.7599403262138367,2.8199522163458877,0.0339198626062974,0.1356793164741248,0.10175945386782739,0.023939485351132397,0.09575945790857077,0.07181997255743837,0.5289296739787149,0.6157193779945374,0.08678970401582242,0.471070326021285,0.38428062200546265,0.08678970401582237,0.504990188627582,0.5199599266052246,0.014969737977642561,0.0,0.0,0.0,0.0,0.0,0.0,5,5,0,0
0,21,22,angle_4.7124_reset1,0,0,0,0,0,0,0,1572864,1,0,0.0,0.0,0.0,0.0,0.0,0.0,0.0,0.0,0.0,0.0,0.0,0.0,0.0,0.0,0.0,0.0,0.0,0.0,0.0,0.0,0.0,0.0,0.0,0.0,0.0,0.0,0.0,0.0,0.0,0.0,0.0,0.0,0.0,-0.0,0.0,0.0,0.5,0.5,0.0,0.5,0.5,0.0,0.5,0.5,0.0,0.0,0.0,0.0,0.0,0.0,0.0,2,2,0,0
0,22,23,angle_4.7124_reset2,0,0,0,0,0,0,0,1572864,1,0,0.0,0.0,0.0,0.0,0.0,0.0,0.0,0.0,0.0,0.0,0.0,0.0,0.0,0.0,0.0,0.0,0.0,0.0,0.0,0.0,0.0,0.0,0.0,0.0,0.0,0.0,0.0,0.0,0.0,0.0,0.0,0.0,0.0,-0.0,0.0,0.0,0.5,0.5,0.0,0.5,0.5,0.0,0.5,0.5,0.0,0.0,0.0,0.0,0.0,0.0,0.0,2,2,0,0
0,23,24,angle_4.7124,6554,-9830,3277,49152,0,13107,-6554,1572864,0,0,0.2,0.20001220703125,1.2207031249988898e-05,-0.23094010767585,-0.230926513671875,1.3594003974992663e-05,0.23094010767585,0.230926513671875,1.3594003974992663e-05,0.2,0.20001220703125,1.2207031249988898e-05,0.368761890132052,1.475128173828125,1.106366283696073,-0.8725,-3.490203857421875,2.617703857421875,-0.8725,-3.490203857421875,2.617703857421875,-0.368761890132051,-1.475128173828125,1.106366283696074,0.368761890132052,1.4751129150390625,1.1063510249070105,-0.8725,-3.4902130365371704,2.6177130365371704,0.013306926456202598,0.05323061486706138,0.039923688410858776,0.020612545898867598,0.08245509979315102,0.06184255389428342,0.516959736177535,0.5678428411483765,0.050883104970841475,0.496347190278667,0.48538774251937866,0.010959447759288365,0.483040263822465,0.43215715885162354,0.050883104970841475,0.0,0.0,0.0,0.0,0.0,0.0,4,4,0,0
0,24,25,angle_6.2832_reset1,0,0,0,0,0,0,0,1572864,1,0,0.0,0.0,0.0,0.0,0.0,0.0,0.0,0.0,0.0,0.0,0.0,0.0,0.0,0.0,0.0,0.0,0.0,0.0,0.0,0.0,0.0,0.0,0.0,0.0,0.0,0.0,0.0,0.0,0.0,0.0,0.0,0.0,0.0,-0.0,0.0,0.0,0.5,0.5,0.0,0.5,0.5,0.0,0.5,0.5,0.0,0.0,0.0,0.0,0.0,0.0,0.0,2,2,0,0
0,25,26,angle_6.2832_reset2,0,0,0,0,0,0,0,1572864,1,0,0.0,0.0,0.0,0.0,0.0,0.0,0.0,0.0,0.0,0.0,0.0,0.0,0.0,0.0,0.0,0.0,0.0,0.0,0.0,0.0,0.0,0.0,0.0,0.0,0.0,0.0,0.0,0.0,0.0,0.0,0.0,0.0,0.0,-0.0,0.0,0.0,0.5,0.5,0.0,0.5,0.5,0.0,0.5,0.5,0.0,0.0,0.0,0.0,0.0,0.0,0.0,2,2,0,0
0,26,27,angle_6.2832,6554,-9830,3277,0,0,13107,-6554,1572864,0,0,0.2,0.20001220703125,1.2207031249988898e-05,-0.23094010767585,-0.230926513671875,1.3594003974992663e-05,0.2,0.20001220703125,1.2207031249988898e-05,-0.23094010767585,-0.230926513671875,1.3594003974992663e-05,0.43625,1.744842529296875,1.308592529296875,0.0674881098679486,0.26971435546875,0.20222624560080138,0.43625,1.744842529296875,1.308592529296875,0.0674881098679486,0.26971435546875,0.20222624560080138,0.43625,1.7448402643203735,1.3085902643203735,0.0674881098679486,0.26972734928131104,0.20223923941336241,0.012415214517799098,0.04966023261658847,0.03724501809878938,0.0024353365646306996,0.009732754901051521,0.007297418336420822,0.49257472445878503,0.4703035354614258,0.022271188997359248,0.5049899389765841,0.5199637413024902,0.014973802325906171,0.507425275541215,0.5296964645385742,0.022271188997359248,0.0,0.0,0.0,0.0,0.0,0.0,3,3,0,0
0,27,28,sector_15_reset1,0,0,0,0,0,0,0,1572864,1,0,0.0,0.0,0.0,0.0,0.0,0.0,0.0,0.0,0.0,0.0,0.0,0.0,0.0,0.0,0.0,0.0,0.0,0.0,0.0,0.0,0.0,0.0,0.0,0.0,0.0,0.0,0.0,0.0,0.0,0.0,0.0,0.0,0.0,-0.0,0.0,0.0,0.5,0.5,0.0,0.5,0.5,0.0,0.5,0.5,0.0,0.0,0.0,0.0,0.0,0.0,0.0,2,2,0,0
0,28,29,sector_15_reset2,0,0,0,0,0,0,0,1572864,1,0,0.0,0.0,0.0,0.0,0.0,0.0,0.0,0.0,0.0,0.0,0.0,0.0,0.0,0.0,0.0,0.0,0.0,0.0,0.0,0.0,0.0,0.0,0.0,0.0,0.0,0.0,0.0,0.0,0.0,0.0,0.0,0.0,0.0,-0.0,0.0,0.0,0.5,0.5,0.0,0.5,0.5,0.0,0.5,0.5,0.0,0.0,0.0,0.0,0.0,0.0,0.0,2,2,0,0
0,29,30,sector_15,0,0,0,0,0,31651,8481,1572864,0,0,0.0,0.0,0.0,0.0,0.0,0.0,0.0,0.0,0.0,0.0,0.0,0.0,2.10692570859303,8.427581787109375,6.320656078516345,0.564549042129873,2.258209228515625,1.693660186385752,2.10692570859303,8.427581787109375,6.320656078516345,0.564549042129873,2.258209228515625,1.693660186385752,2.10692570859303,8.427581071853638,6.320655363260608,0.564549042129873,2.2582008242607117,1.6936517821308388,0.0556560227584391,0.22262007277458906,0.16696405001614995,0.020371987414024,0.08148842095397413,0.061116433539950124,0.461985994913769,0.3479457497596741,0.11404024515409494,0.5176420176722081,0.5705658197402954,0.05292380206808733,0.538014005086232,0.6520542502403259,0.11404024515409394,0.0,0.0,0.0,0.0,0.0,0.0,3,3,0,0
0,30,31,sector_75_reset1,0,0,0,0,0,0,0,1572864,1,0,0.0,0.0,0.0,0.0,0.0,0.0,0.0,0.0,0.0,0.0,0.0,0.0,0.0,0.0,0.0,0.0,0.0,0.0,0.0,0.0,0.0,0.0,0.0,0.0,0.0,0.0,0.0,0.0,0.0,0.0,0.0,0.0,0.0,-0.0,0.0,0.0,0.5,0.5,0.0,0.5,0.5,0.0,0.5,0.5,0.0,0.0,0.0,0.0,0.0,0.0,0.0,2,2,0,0
0,31,32,sector_75_reset2,0,0,0,0,0,0,0,1572864,1,0,0.0,0.0,0.0,0.0,0.0,0.0,0.0,0.0,0.0,0.0,0.0,0.0,0.0,0.0,0.0,0.0,0.0,0.0,0.0,0.0,0.0,0.0,0.0,0.0,0.0,0.0,0.0,0.0,0.0,0.0,0.0,0.0,0.0,-0.0,0.0,0.0,0.5,0.5,0.0,0.5,0.5,0.0,0.5,0.5,0.0,0.0,0.0,0.0,0.0,0.0,0.0,2,2,0,0
0,32,33,sector_75,0,0,0,0,0,8481,31651,1572864,0,0,0.0,0.0,0.0,0.0,0.0,0.0,0.0,0.0,0.0,0.0,0.0,0.0,0.564549042129873,2.258209228515625,1.693660186385752,2.10692570859303,8.427581787109375,6.320656078516345,0.564549042129873,2.258209228515625,1.693660186385752,2.10692570859303,8.427581787109375,6.320656078516345,0.564549042129873,2.2582008242607117,1.6936517821308388,2.10692570859303,8.427581071853638,6.320655363260608,0.020370293759307396,0.08147858292795718,0.061108289168649785,0.0556546088924245,0.22261665971018374,0.16696205081775925,0.482357842433441,0.4294309616088867,0.05292688082455427,0.461987548674134,0.34795236587524414,0.11403518279888986,0.5380124513258661,0.6520476341247559,0.1140351827988898,0.0,0.0,0.0,0.0,0.0,0.0,1,1,0,0
0,33,34,sector_135_reset1,0,0,0,0,0,0,0,1572864,1,0,0.0,0.0,0.0,0.0,0.0,0.0,0.0,0.0,0.0,0.0,0.0,0.0,0.0,0.0,0.0,0.0,0.0,0.0,0.0,0.0,0.0,0.0,0.0,0.0,0.0,0.0,0.0,0.0,0.0,0.0,0.0,0.0,0.0,-0.0,0.0,0.0,0.5,0.5,0.0,0.5,0.5,0.0,0.5,0.5,0.0,0.0,0.0,0.0,0.0,0.0,0.0,2,2,0,0
0,34,35,sector_135_reset2,0,0,0,0,0,0,0,1572864,1,0,0.0,0.0,0.0,0.0,0.0,0.0,0.0,0.0,0.0,0.0,0.0,0.0,0.0,0.0,0.0,0.0,0.0,0.0,0.0,0.0,0.0,0.0,0.0,0.0,0.0,0.0,0.0,0.0,0.0,0.0,0.0,0.0,0.0,-0.0,0.0,0.0,0.5,0.5,0.0,0.5,0.5,0.0,0.5,0.5,0.0,0.0,0.0,0.0,0.0,0.0,0.0,2,2,0,0
0,35,36,sector_135,0,0,0,0,0,-23170,23170,1572864,0,0,0.0,0.0,0.0,0.0,0.0,0.0,0.0,0.0,0.0,0.0,0.0,0.0,-1.54237666646316,-6.16937255859375,4.62699589213059,1.54237666646316,6.16937255859375,4.62699589213059,-1.54237666646316,-6.16937255859375,4.62699589213059,1.54237666646316,6.16937255859375,4.62699589213059,-1.54237666646316,-6.169380187988281,4.627003521525121,1.54237666646316,6.169380187988281,4.627003521525121,0.0556573046662674,0.22262437944300473,0.16696707477673733,0.0203722251362009,0.08148712920956314,0.06111490407336224,0.538014764901234,0.6520557403564453,0.1140409754552113,0.46198523509876604,0.3479442596435547,0.11404097545521136,0.5176425397650329,0.5705686211585999,0.052926081393566915,0.0,0.0,0.0,0.0,0.0,0.0,5,5,0,0
0,36,37,sector_195_reset1,0,0,0,0,0,0,0,1572864,1,0,0.0,0.0,0.0,0.0,0.0,0.0,0.0,0.0,0.0,0.0,0.0,0.0,0.0,0.0,0.0,0.0,0.0,0.0,0.0,0.0,0.0,0.0,0.0,0.0,0.0,0.0,0.0,0.0,0.0,0.0,0.0,0.0,0.0,-0.0,0.0,0.0,0.5,0.5,0.0,0.5,0.5,0.0,0.5,0.5,0.0,0.0,0.0,0.0,0.0,0.0,0.0,2,2,0,0
0,37,38,sector_195_reset2,0,0,0,0,0,0,0,1572864,1,0,0.0,0.0,0.0,0.0,0.0,0.0,0.0,0.0,0.0,0.0,0.0,0.0,0.0,0.0,0.0,0.0,0.0,0.0,0.0,0.0,0.0,0.0,0.0,0.0,0.0,0.0,0.0,0.0,0.0,0.0,0.0,0.0,0.0,-0.0,0.0,0.0,0.5,0.5,0.0,0.5,0.5,0.0,0.5,0.5,0.0,0.0,0.0,0.0,0.0,0.0,0.0,2,2,0,0
0,38,39,sector_195,0,0,0,0,0,-31651,-8481,1572864,0,0,0.0,0.0,0.0,0.0,0.0,0.0,0.0,0.0,0.0,0.0,0.0,0.0,-2.10692570859303,-8.427581787109375,6.320656078516345,-0.564549042129872,-2.258209228515625,1.693660186385753,-2.10692570859303,-8.427581787109375,6.320656078516345,-0.564549042129872,-2.258209228515625,1.693660186385753,-2.10692570859303,-8.427581071853638,6.320655363260608,-0.564549042129872,-2.2582008242607117,1.6936517821308397,0.020371987414024,0.08148842095397413,0.061116433539950124,0.0556560227584391,0.22262007277458906,0.16696405001614995,0.538014005086232,0.6520542502403259,0.11404024515409394,0.482357982327792,0.4294341802597046,0.05292380206808739,0.461985994913769,0.3479457497596741,0.11404024515409494,0.0,0.0,0.0,0.0,0.0,0.0,4,4,0,0
0,39,40,sector_255_reset1,0,0,0,0,0,0,0,1572864,1,0,0.0,0.0,0.0,0.0,0.0,0.0,0.0,0.0,0.0,0.0,0.0,0.0,0.0,0.0,0.0,0.0,0.0,0.0,0.0,0.0,0.0,0.0,0.0,0.0,0.0,0.0,0.0,0.0,0.0,0.0,0.0,0.0,0.0,-0.0,0.0,0.0,0.5,0.5,0.0,0.5,0.5,0.0,0.5,0.5,0.0,0.0,0.0,0.0,0.0,0.0,0.0,2,2,0,0
0,40,41,sector_255_reset2,0,0,0,0,0,0,0,1572864,1,0,0.0,0.0,0.0,0.0,0.0,0.0,0.0,0.0,0.0,0.0,0.0,0.0,0.0,0.0,0.0,0.0,0.0,0.0,0.0,0.0,0.0,0.0,0.0,0.0,0.0,0.0,0.0,0.0,0.0,0.0,0.0,0.0,0.0,-0.0,0.0,0.0,0.5,0.5,0.0,0.5,0.5,0.0,0.5,0.5,0.0,0.0,0.0,0.0,0.0,0.0,0.0,2,2,0,0
0,41,42,sector_255,0,0,0,0,0,-8481,-31651,1572864,0,0,0.0,0.0,0.0,0.0,0.0,0.0,0.0,0.0,0.0,0.0,0.0,0.0,-0.564549042129873,-2.258209228515625,1.693660186385752,-2.10692570859303,-8.427581787109375,6.320656078516345,-0.564549042129873,-2.258209228515625,1.693660186385752,-2.10692570859303,-8.427581787109375,6.320656078516345,-0.564549042129873,-2.2582008242607117,1.6936517821308388,-2.10692570859303,-8.427581071853638,6.320655363260608,0.0556546088924245,0.22261665971018374,0.16696205081775925,0.020370293759307396,0.08147858292795718,0.061108289168649785,0.5176421575665591,0.5705690383911133,0.05292688082455421,0.5380124513258661,0.6520476341247559,0.1140351827988898,0.461987548674134,0.34795236587524414,0.11403518279888986,0.0,0.0,0.0,0.0,0.0,0.0,6,6,0,0
0,42,43,sector_315_reset1,0,0,0,0,0,0,0,1572864,1,0,0.0,0.0,0.0,0.0,0.0,0.0,0.0,0.0,0.0,0.0,0.0,0.0,0.0,0.0,0.0,0.0,0.0,0.0,0.0,0.0,0.0,0.0,0.0,0.0,0.0,0.0,0.0,0.0,0.0,0.0,0.0,0.0,0.0,-0.0,0.0,0.0,0.5,0.5,0.0,0.5,0.5,0.0,0.5,0.5,0.0,0.0,0.0,0.0,0.0,0.0,0.0,2,2,0,0
0,43,44,sector_315_reset2,0,0,0,0,0,0,0,1572864,1,0,0.0,0.0,0.0,0.0,0.0,0.0,0.0,0.0,0.0,0.0,0.0,0.0,0.0,0.0,0.0,0.0,0.0,0.0,0.0,0.0,0.0,0.0,0.0,0.0,0.0,0.0,0.0,0.0,0.0,0.0,0.0,0.0,0.0,-0.0,0.0,0.0,0.5,0.5,0.0,0.5,0.5,0.0,0.5,0.5,0.0,0.0,0.0,0.0,0.0,0.0,0.0,2,2,0,0
0,44,45,sector_315,0,0,0,0,0,23170,-23170,1572864,0,0,0.0,0.0,0.0,0.0,0.0,0.0,0.0,0.0,0.0,0.0,0.0,0.0,1.54237666646316,6.16937255859375,4.62699589213059,-1.54237666646316,-6.16937255859375,4.62699589213059,1.54237666646316,6.16937255859375,4.62699589213059,-1.54237666646316,-6.16937255859375,4.62699589213059,1.54237666646316,6.169380187988281,4.627003521525121,-1.54237666646316,-6.169380187988281,4.627003521525121,0.0203722251362008,0.08148712920956314,0.061114904073362335,0.0556573046662674,0.22262437944300473,0.16696707477673733,0.46198523509876604,0.3479442596435547,0.11404097545521136,0.538014764901234,0.6520557403564453,0.1140409754552113,0.48235746023496706,0.42943137884140015,0.052926081393566915,0.0,0.0,0.0,0.0,0.0,0.0,2,2,0,0
0,45,46,edge_1_0_reset1,0,0,0,0,0,0,0,1572864,1,0,0.0,0.0,0.0,0.0,0.0,0.0,0.0,0.0,0.0,0.0,0.0,0.0,0.0,0.0,0.0,0.0,0.0,0.0,0.0,0.0,0.0,0.0,0.0,0.0,0.0,0.0,0.0,0.0,0.0,0.0,0.0,0.0,0.0,-0.0,0.0,0.0,0.5,0.5,0.0,0.5,0.5,0.0,0.5,0.5,0.0,0.0,0.0,0.0,0.0,0.0,0.0,2,2,0,0
0,46,47,edge_1_0_reset2,0,0,0,0,0,0,0,1572864,1,0,0.0,0.0,0.0,0.0,0.0,0.0,0.0,0.0,0.0,0.0,0.0,0.0,0.0,0.0,0.0,0.0,0.0,0.0,0.0,0.0,0.0,0.0,0.0,0.0,0.0,0.0,0.0,0.0,0.0,0.0,0.0,0.0,0.0,-0.0,0.0,0.0,0.5,0.5,0.0,0.5,0.5,0.0,0.5,0.5,0.0,0.0,0.0,0.0,0.0,0.0,0.0,2,2,0,0
0,47,48,edge_1_0,0,0,0,0,0,32768,0,1572864,0,0,0.0,0.0,0.0,0.0,0.0,0.0,0.0,0.0,0.0,0.0,0.0,0.0,2.18125,8.725006103515625,6.543756103515625,0.0,0.0,0.0,2.18125,8.725006103515625,6.543756103515625,0.0,0.0,0.0,2.18125,8.725000023841858,6.5437500238418576,0.0,0.0,0.0,0.0681640625,0.2726564407348633,0.20449237823486327,-0.0,0.0,0.0,0.46591796875,0.36367177963256836,0.10224618911743166,0.53408203125,0.6363282203674316,0.10224618911743166,0.53408203125,0.6363282203674316,0.10224618911743166,0.0,0.0,0.0,0.0,0.0,0.0,2,2,0,0
0,48,49,edge_1_1.732_reset1,0,0,0,0,0,0,0,1572864,1,0,0.0,0.0,0.0,0.0,0.0,0.0,0.0,0.0,0.0,0.0,0.0,0.0,0.0,0.0,0.0,0.0,0.0,0.0,0.0,0.0,0.0,0.0,0.0,0.0,0.0,0.0,0.0,0.0,0.0,0.0,0.0,0.0,0.0,-0.0,0.0,0.0,0.5,0.5,0.0,0.5,0.5,0.0,0.5,0.5,0.0,0.0,0.0,0.0,0.0,0.0,0.0,2,2,0,0
0,49,50,edge_1_1.732_reset2,0,0,0,0,0,0,0,1572864,1,0,0.0,0.0,0.0,0.0,0.0,0.0,0.0,0.0,0.0,0.0,0.0,0.0,0.0,0.0,0.0,0.0,0.0,0.0,0.0,0.0,0.0,0.0,0.0,0.0,0.0,0.0,0.0,0.0,0.0,0.0,0.0,0.0,0.0,-0.0,0.0,0.0,0.5,0.5,0.0,0.5,0.5,0.0,0.5,0.5,0.0,0.0,0.0,0.0,0.0,0.0,0.0,2,2,0,0
0,50,51,edge_1_1.732,0,0,0,0,0,32768,56754,1572864,0,0,0.0,0.0,0.0,0.0,0.0,0.0,0.0,0.0,0.0,0.0,0.0,0.0,2.18125,8.725006103515625,6.543756103515625,3.777925,15.111663818359375,11.333738818359375,2.18125,8.725006103515625,6.543756103515625,3.777925,15.111663818359375,11.333738818359375,2.18125,8.725000023841858,6.5437500238418576,3.777925,15.11165314912796,11.33372814912796,3.99895833333441e-06,1.6839243471622467e-05,1.2840285138288058e-05,0.13632799776041699,0.5453106854110956,0.40898268765067863,0.43183400164062496,0.22733622789382935,0.20449777374679562,0.43183800059895805,0.22735309600830078,0.20448490459065727,0.5681659983593751,0.7726637721061707,0.20449777374679556,0.0,0.0,0.0,0.0,0.0,0.0,3,3,0,0
0,51,52,edge_-1_1.732_reset1,0,0,0,0,0,0,0,1572864,1,0,0.0,0.0,0.0,0.0,0.0,0.0,0.0,0.0,0.0,0.0,0.0,0.0,0.0,0.0,0.0,0.0,0.0,0.0,0.0,0.0,0.0,0.0,0.0,0.0,0.0,0.0,0.0,0.0,0.0,0.0,0.0,0.0,0.0,-0.0,0.0,0.0,0.5,0.5,0.0,0.5,0.5,0.0,0.5,0.5,0.0,0.0,0.0,0.0,0.0,0.0,0.0,2,2,0,0
0,52,53,edge_-1_1.732_reset2,0,0,0,0,0,0,0,1572864,1,0,0.0,0.0,0.0,0.0,0.0,0.0,0.0,0.0,0.0,0.0,0.0,0.0,0.0,0.0,0.0,0.0,0.0,0.0,0.0,0.0,0.0,0.0,0.0,0.0,0.0,0.0,0.0,0.0,0.0,0.0,0.0,0.0,0.0,-0.0,0.0,0.0,0.5,0.5,0.0,0.5,0.5,0.0,0.5,0.5,0.0,0.0,0.0,0.0,0.0,0.0,0.0,2,2,0,0
0,53,54,edge_-1_1.732,0,0,0,0,0,-32768,56754,1572864,0,0,0.0,0.0,0.0,0.0,0.0,0.0,0.0,0.0,0.0,0.0,0.0,0.0,-2.18125,-8.725006103515625,6.543756103515625,3.777925,15.111663818359375,11.333738818359375,-2.18125,-8.725006103515625,6.543756103515625,3.777925,15.111663818359375,11.333738818359375,-2.18125,-8.725000023841858,6.5437500238418576,3.777925,15.11165314912796,11.33372814912796,0.136324126041667,0.5453106854110956,0.4089865593694286,-3.99895833333441e-06,1.6839243471622467e-05,2.0838201804956876e-05,0.5681640625,0.7726637721061707,0.2044997096061707,0.43183993645833296,0.22733622789382935,0.20450370856450362,0.568160063541667,0.7726469039916992,0.20448684045003218,0.0,0.0,0.0,0.0,0.0,0.0,1,5,0,0
0,54,55,edge_-1_0_reset1,0,0,0,0,0,0,0,1572864,1,0,0.0,0.0,0.0,0.0,0.0,0.0,0.0,0.0,0.0,0.0,0.0,0.0,0.0,0.0,0.0,0.0,0.0,0.0,0.0,0.0,0.0,0.0,0.0,0.0,0.0,0.0,0.0,0.0,0.0,0.0,0.0,0.0,0.0,-0.0,0.0,0.0,0.5,0.5,0.0,0.5,0.5,0.0,0.5,0.5,0.0,0.0,0.0,0.0,0.0,0.0,0.0,2,2,0,0
0,55,56,edge_-1_0_reset2,0,0,0,0,0,0,0,1572864,1,0,0.0,0.0,0.0,0.0,0.0,0.0,0.0,0.0,0.0,0.0,0.0,0.0,0.0,0.0,0.0,0.0,0.0,0.0,0.0,0.0,0.0,0.0,0.0,0.0,0.0,0.0,0.0,0.0,0.0,0.0,0.0,0.0,0.0,-0.0,0.0,0.0,0.5,0.5,0.0,0.5,0.5,0.0,0.5,0.5,0.0,0.0,0.0,0.0,0.0,0.0,0.0,2,2,0,0
0,56,57,edge_-1_0,0,0,0,0,0,-32768,0,1572864,0,0,0.0,0.0,0.0,0.0,0.0,0.0,0.0,0.0,0.0,0.0,0.0,0.0,-2.18125,-8.725006103515625,6.543756103515625,0.0,0.0,0.0,-2.18125,-8.725006103515625,6.543756103515625,0.0,0.0,0.0,-2.18125,-8.725000023841858,6.5437500238418576,0.0,0.0,0.0,-0.0,0.0,0.0,0.0681640625,0.2726564407348633,0.20449237823486327,0.53408203125,0.6363282203674316,0.10224618911743166,0.46591796875,0.36367177963256836,0.10224618911743166,0.46591796875,0.36367177963256836,0.10224618911743166,0.0,0.0,0.0,0.0,0.0,0.0,4,4,0,0
0,57,58,edge_-1_-1.732_reset1,0,0,0,0,0,0,0,1572864,1,0,0.0,0.0,0.0,0.0,0.0,0.0,0.0,0.0,0.0,0.0,0.0,0.0,0.0,0.0,0.0,0.0,0.0,0.0,0.0,0.0,0.0,0.0,0.0,0.0,0.0,0.0,0.0,0.0,0.0,0.0,0.0,0.0,0.0,-0.0,0.0,0.0,0.5,0.5,0.0,0.5,0.5,0.0,0.5,0.5,0.0,0.0,0.0,0.0,0.0,0.0,0.0,2,2,0,0
0,58,59,edge_-1_-1.732_reset2,0,0,0,0,0,0,0,1572864,1,0,0.0,0.0,0.0,0.0,0.0,0.0,0.0,0.0,0.0,0.0,0.0,0.0,0.0,0.0,0.0,0.0,0.0,0.0,0.0,0.0,0.0,0.0,0.0,0.0,0.0,0.0,0.0,0.0,0.0,0.0,0.0,0.0,0.0,-0.0,0.0,0.0,0.5,0.5,0.0,0.5,0.5,0.0,0.5,0.5,0.0,0.0,0.0,0.0,0.0,0.0,0.0,2,2,0,0
0,59,60,edge_-1_-1.732,0,0,0,0,0,-32768,-56754,1572864,0,0,0.0,0.0,0.0,0.0,0.0,0.0,0.0,0.0,0.0,0.0,0.0,0.0,-2.18125,-8.725006103515625,6.543756103515625,-3.777925,-15.111663818359375,11.333738818359375,-2.18125,-8.725006103515625,6.543756103515625,-3.777925,-15.111663818359375,11.333738818359375,-2.18125,-8.725000023841858,6.5437500238418576,-3.777925,-15.11165314912796,11.33372814912796,0.136324126041667,0.5453106854110956,0.4089865593694286,-3.99895833333441e-06,1.6839243471622467e-05,2.0838201804956876e-05,0.5681640625,0.7726637721061707,0.2044997096061707,0.568160063541667,0.7726469039916992,0.20448684045003218,0.43183993645833296,0.22733622789382935,0.20450370856450362,0.0,0.0,0.0,0.0,0.0,0.0,6,4,0,0
0,60,61,edge_1_-1.732_reset1,0,0,0,0,0,0,0,1572864,1,0,0.0,0.0,0.0,0.0,0.0,0.0,0.0,0.0,0.0,0.0,0.0,0.0,0.0,0.0,0.0,0.0,0.0,0.0,0.0,0.0,0.0,0.0,0.0,0.0,0.0,0.0,0.0,0.0,0.0,0.0,0.0,0.0,0.0,-0.0,0.0,0.0,0.5,0.5,0.0,0.5,0.5,0.0,0.5,0.5,0.0,0.0,0.0,0.0,0.0,0.0,0.0,2,2,0,0
0,61,62,edge_1_-1.732_reset2,0,0,0,0,0,0,0,1572864,1,0,0.0,0.0,0.0,0.0,0.0,0.0,0.0,0.0,0.0,0.0,0.0,0.0,0.0,0.0,0.0,0.0,0.0,0.0,0.0,0.0,0.0,0.0,0.0,0.0,0.0,0.0,0.0,0.0,0.0,0.0,0.0,0.0,0.0,-0.0,0.0,0.0,0.5,0.5,0.0,0.5,0.5,0.0,0.5,0.5,0.0,0.0,0.0,0.0,0.0,0.0,0.0,2,2,0,0
0,62,63,edge_1_-1.732,0,0,0,0,0,32768,-56754,1572864,0,0,0.0,0.0,0.0,0.0,0.0,0.0,0.0,0.0,0.0,0.0,0.0,0.0,2.18125,8.725006103515625,6.543756103515625,-3.777925,-15.111663818359375,11.333738818359375,2.18125,8.725006103515625,6.543756103515625,-3.777925,-15.111663818359375,11.333738818359375,2.18125,8.725000023841858,6.5437500238418576,-3.777925,-15.11165314912796,11.33372814912796,3.99895833333441e-06,1.6839243471622467e-05,1.2840285138288058e-05,0.13632799776041699,0.5453106854110956,0.40898268765067863,0.43183400164062496,0.22733622789382935,0.20449777374679562,0.5681659983593751,0.7726637721061707,0.20449777374679556,0.43183800059895805,0.22735309600830078,0.20448490459065727,0.0,0.0,0.0,0.0,0.0,0.0,2,2,0,0
0,63,64,feedforward_reset1,0,0,0,0,0,0,0,1572864,1,0,0.0,0.0,0.0,0.0,0.0,0.0,0.0,0.0,0.0,0.0,0.0,0.0,0.0,0.0,0.0,0.0,0.0,0.0,0.0,0.0,0.0,0.0,0.0,0.0,0.0,0.0,0.0,0.0,0.0,0.0,0.0,0.0,0.0,-0.0,0.0,0.0,0.5,0.5,0.0,0.5,0.5,0.0,0.5,0.5,0.0,0.0,0.0,0.0,0.0,0.0,0.0,2,2,0,0
0,64,65,feedforward_reset2,0,0,0,0,0,0,0,1572864,1,0,0.0,0.0,0.0,0.0,0.0,0.0,0.0,0.0,0.0,0.0,0.0,0.0,0.0,0.0,0.0,0.0,0.0,0.0,0.0,0.0,0.0,0.0,0.0,0.0,0.0,0.0,0.0,0.0,0.0,0.0,0.0,0.0,0.0,-0.0,0.0,0.0,0.5,0.5,0.0,0.5,0.5,0.0,0.5,0.5,0.0,0.0,0.0,0.0,0.0,0.0,0.0,2,2,0,0
0,65,66,feedforward,6554,-3277,-3277,3129,6553600,16384,13107,1572864,0,0,0.2,0.20001220703125,1.2207031249988898e-05,0.0,0.0,0.0,0.191066365401038,0.191070556640625,4.191239587003626e-06,-0.0591037512790529,-0.05908203125,2.1720029052901824e-05,0.684175095067181,2.705718994140625,2.021543899073444,15.1347611382399,18.1387939453125,3.0040328070725995,-3.81899154635006,-2.773712158203125,1.0452793881469349,14.6609055827327,18.128570556640625,3.467664973907924,0.684175095067181,2.705719232559204,2.021544137492023,15.1347611382399,18.138779282569885,3.0040181443299847,0.383850657378576,0.41374813206493855,0.029897474686362557,0.145163685731697,0.24039112217724323,0.09522743644554624,0.619343485823439,0.5866785049438477,0.032664980879591354,0.23549282844486402,0.17293035984039307,0.06256246860447096,0.764507171555136,0.8270696401596069,0.0625624686044709,0.0,0.0,0.0,0.0,0.0,0.0,1,1,0,0
0,66,67,sat_start_reset1,0,0,0,0,0,0,0,1572864,1,0,0.0,0.0,0.0,0.0,0.0,0.0,0.0,0.0,0.0,0.0,0.0,0.0,0.0,0.0,0.0,0.0,0.0,0.0,0.0,0.0,0.0,0.0,0.0,0.0,0.0,0.0,0.0,0.0,0.0,0.0,0.0,0.0,0.0,-0.0,0.0,0.0,0.5,0.5,0.0,0.5,0.5,0.0,0.5,0.5,0.0,0.0,0.0,0.0,0.0,0.0,0.0,2,2,0,0
0,67,68,sat_start_reset2,0,0,0,0,0,0,0,1572864,1,0,0.0,0.0,0.0,0.0,0.0,0.0,0.0,0.0,0.0,0.0,0.0,0.0,0.0,0.0,0.0,0.0,0.0,0.0,0.0,0.0,0.0,0.0,0.0,0.0,0.0,0.0,0.0,0.0,0.0,0.0,0.0,0.0,0.0,-0.0,0.0,0.0,0.5,0.5,0.0,0.5,0.5,0.0,0.5,0.5,0.0,0.0,0.0,0.0,0.0,0.0,0.0,2,2,0,0
0,68,69,sat_start,0,0,0,2086,0,983040,-655360,1572864,0,0,0.0,0.0,0.0,0.0,0.0,0.0,0.0,0.0,0.0,0.0,0.0,0.0,20.7526084692659,20.752593994140625,1.4475125276192102e-05,-13.8350723128439,-13.8350830078125,1.0694968599622712e-05,23.087365371818,23.085540771484375,0.0018246003336237493,-9.43631277208387,-9.441009521484375,0.00469674940050524,65.4375,261.75000071525574,196.31250071525574,-43.625,-174.50000047683716,130.87500047683716,0.5512333582729649,0.5510916023049504,0.00014175596801457857,0.34051327817763494,0.3406827624421567,0.00016948426452173537,0.0541266817747002,0.054112792015075684,1.3889759624519105e-05,0.9458733182253,0.9458872079849243,1.3889759624352571e-05,0.605360040047665,0.6052044034004211,0.00015563664724382864,0.0,0.0,0.0,0.0,0.0,0.0,2,2,0,0
0,69,70,sat_hold_1,0,0,0,2086,0,983040,-655360,1572864,0,0,0.0,0.0,0.0,0.0,0.0,0.0,0.0,0.0,0.0,0.0,0.0,0.0,20.7526085008189,20.752593994140625,1.4506678276404728e-05,-13.8350723338793,-13.8350830078125,1.0673933200422425e-05,23.0873654069208,23.085540771484375,0.0018246354364244155,-9.43631278643116,-9.441009521484375,0.0046967350532156615,74.325,297.3000007867813,222.97500078678132,-49.55,-198.20000052452087,148.65000052452086,0.551233359111079,0.5510916023049504,0.0001417568061286012,0.34051327869536296,0.3406827624421567,0.00016948374679370826,0.0541266810967793,0.054112792015075684,1.3889081703619133e-05,0.9458733189032209,0.9458872079849243,1.3889081703410966e-05,0.605360040207858,0.6052044034004211,0.00015563680743690966,44.6848915307341,240.99739211797714,196.31250058724305,-29.7899276871561,-160.66492807865143,130.87500039149532,2,2,1,1
0,70,71,sat_hold_2,0,0,0,2086,0,983040,-655360,1572864,0,0,0.0,0.0,0.0,0.0,0.0,0.0,0.0,0.0,0.0,0.0,0.0,0.0,20.7526085006641,20.752593994140625,1.4506523474011601e-05,-13.8350723337761,-13.8350830078125,1.0674036399649367e-05,23.0873654067486,23.085540771484375,0.0018246352642243835,-9.43631278636079,-9.441009521484375,0.004696735123584261,74.2755216938532,284.6505253314972,210.375003637644,-49.5170144625688,-189.7670168876648,140.250002425096,0.551233359106968,0.5510916023049504,0.00014175680201766738,0.340513278692824,0.3406827624421567,0.0001694837493326773,0.0541266811001043,0.054112792015075684,1.388908502861913e-05,0.945873318899896,0.9458872079849243,1.388908502830688e-05,0.605360040207072,0.6052044034004211,0.00015563680665087176,53.5723914991811,276.5473921895027,222.97500069032162,-35.7149276661207,-184.36492812633514,148.65000046021444,2,2,1,1
0,71,72,sat_hold_3,0,0,0,2086,0,983040,-655360,1572864,0,0,0.0,0.0,0.0,0.0,0.0,0.0,0.0,0.0,0.0,0.0,0.0,0.0,20.7526084948017,20.752593994140625,1.4500661073668653e-05,-13.8350723298678,-13.8350830078125,1.0677944700887565e-05,23.0873654002266,23.085540771484375,0.0018246287422236662,-9.4363127836951,-9.441009521484375,0.004696737789274152,72.448543394017,264.8910502791405,192.44250688512346,-48.2990289293446,-176.59403347969055,128.29500455034594,0.5512333589512479,0.5510916023049504,0.0001417566462975639,0.340513278596631,0.3406827624421567,0.0001694838455256753,0.054126681226060396,0.054112792015075684,1.3889210984711908e-05,0.9458733187739401,0.9458872079849243,1.3889210984219247e-05,0.605360040177309,0.6052044034004211,0.0001556367768879019,53.5229131931891,263.8979167342186,210.3750035410295,-35.6819421287927,-175.93194448947906,140.25000236068638,2,2,1,1
0,72,73,sat_hold_4,0,0,0,2086,0,983040,-655360,1572864,0,0,0.0,0.0,0.0,0.0,0.0,0.0,0.0,0.0,0.0,0.0,0.0,0.0,20.7526084886701,20.752593994140625,1.449452947355212e-05,-13.8350723257801,-13.8350830078125,1.0682032399955688e-05,23.0873653934052,23.085540771484375,0.001824621920825109,-9.43631278090706,-9.441009521484375,0.0046967405773141735,70.6314607553792,247.66147017478943,177.03000941941025,-47.0876405035861,-165.1076467037201,118.02000620013399,0.551233358788382,0.5510916023049504,0.00014175648343162095,0.340513278496023,0.3406827624421567,0.00016948394613369722,0.05412668135779739,0.054112792015075684,1.388934272170822e-05,0.945873318642203,0.9458872079849243,1.3889342721284947e-05,0.6053600401461791,0.6052044034004211,0.00015563674575791442,51.6959348992153,244.13844168186188,192.44250678264657,-34.4639565994769,-162.75896108150482,128.29500448202793,2,2,1,1
0,73,74,recovery_1,0,0,0,0,0,0,0,1572864,0,0,0.0,0.0,0.0,0.0,0.0,0.0,0.0,0.0,0.0,0.0,0.0,0.0,3.74227377553609,-20.752593994140625,24.494867769676716,-2.49484918369073,13.8350830078125,16.32993219150323,3.74227377553609,-20.752593994140625,24.494867769676716,-2.49484918369073,13.8350830078125,16.32993219150323,3.74227377553609,-27.366215884685516,31.108489660221608,-2.49484918369073,18.244144022464752,20.73899320615548,0.07193481812974929,0.4992447348777205,0.4273099167479712,0.0900276723139733,0.3989106062799692,0.3088829339659959,0.419018754778139,0.9490776658058167,0.5300589110276777,0.580981245221861,0.05092233419418335,0.5300589110276777,0.490953572907888,0.5501670837402344,0.05921351083234638,49.878852266709,226.90886157751083,177.03000931080183,-33.252568177806,-151.27257430553436,118.02000612772837,2,5,1,1
0,74,75,recovery_2,0,0,0,0,0,0,0,1572864,0,0,0.0,0.0,0.0,0.0,0.0,0.0,0.0,0.0,0.0,0.0,0.0,0.0,-6.23349667780571,-20.752593994140625,14.519097316334914,4.15566445187047,13.8350830078125,9.67941855594203,-6.23349667780571,-20.752593994140625,14.519097316334914,4.15566445187047,13.8350830078125,9.67941855594203,-6.23349667780571,-72.74798548221588,66.51448880441018,4.15566445187047,48.49865710735321,44.34299265548274,0.14995888327260098,0.4992447348777205,0.3492858516051195,0.119821658362265,0.3989106062799692,0.2790889479177042,0.634890270817433,0.9490776658058167,0.31418739498838366,0.36510972918256696,0.05092233419418335,0.3141873949883836,0.515068612455168,0.5501670837402344,0.03509847128506638,0.0,-6.613607883453369,6.613607883453369,0.0,4.409071922302246,4.409071922302246,5,5,0,1
0,75,76,recovery_3,0,0,0,0,0,0,0,1572864,0,0,0.0,0.0,0.0,0.0,0.0,0.0,0.0,0.0,0.0,0.0,0.0,0.0,-6.23349667780571,-20.752593994140625,14.519097316334914,4.15566445187047,13.8350830078125,9.67941855594203,-6.23349667780571,-20.752593994140625,14.519097316334914,4.15566445187047,13.8350830078125,9.67941855594203,-6.23349667780571,-71.42526400089264,65.19176732308694,4.15566445187047,47.61684274673462,43.46117829486415,0.14995888327260098,0.4992447348777205,0.3492858516051195,0.119821658362265,0.3989106062799692,0.2790889479177042,0.634890270817433,0.9490776658058167,0.31418739498838366,0.36510972918256696,0.05092233419418335,0.3141873949883836,0.515068612455168,0.5501670837402344,0.03509847128506638,0.0,-51.99537706375122,51.99537706375122,0.0,34.663584768772125,34.663584768772125,5,5,0,1
0,76,77,recovery_4,0,0,0,0,0,0,0,1572864,0,0,0.0,0.0,0.0,0.0,0.0,0.0,0.0,0.0,0.0,0.0,0.0,0.0,-6.23349667780571,-20.752593994140625,14.519097316334914,4.15566445187047,13.8350830078125,9.67941855594203,-6.23349667780571,-20.752593994140625,14.519097316334914,4.15566445187047,13.8350830078125,9.67941855594203,-6.23349667780571,-61.0261892080307,54.79269253022499,4.15566445187047,40.68412619829178,36.52846174642131,0.14995888327260098,0.4992447348777205,0.3492858516051195,0.119821658362265,0.3989106062799692,0.2790889479177042,0.634890270817433,0.9490776658058167,0.31418739498838366,0.36510972918256696,0.05092233419418335,0.3141873949883836,0.515068612455168,0.5501670837402344,0.03509847128506638,0.0,-50.67265558242798,50.67265558242798,0.0,33.781770408153534,33.781770408153534,5,5,0,1
0,77,78,q_zero,3277,-1638,-1638,0,1966080,32768,32768,1572864,0,1,0.1,0.100006103515625,6.103515624994449e-06,0.0,0.0,0.0,0.1,0.100006103515625,6.103515624994449e-06,0.0,0.0,0.0,-4.27037167780571,-24.9415283203125,20.67115664250679,0.0,0.0,0.0,-4.27037167780571,-24.9415283203125,20.67115664250679,0.0,0.0,0.0,-4.27037167780571,-43.03921192884445,38.76884025103874,0.0,0.0,0.0,-0.0,0.0,0.0,0.133449114931428,0.7794227600097656,0.6459736450783377,0.566724557465714,0.8897113800048828,0.32298682253916877,0.43327544253428596,0.11028861999511719,0.32298682253916877,0.43327544253428596,0.11028861999511719,0.32298682253916877,0.0,-40.27358078956604,40.27358078956604,0.0,26.849053919315338,26.849053919315338,4,4,0,1
0,78,79,reset_after_sat,0,0,0,0,0,655360,655360,1572864,1,0,0.0,0.0,0.0,0.0,0.0,0.0,0.0,0.0,0.0,0.0,0.0,0.0,0.0,0.0,0.0,0.0,0.0,0.0,0.0,0.0,0.0,0.0,0.0,0.0,0.0,0.0,0.0,0.0,0.0,0.0,0.0,0.0,0.0,-0.0,0.0,0.0,0.5,0.5,0.0,0.5,0.5,0.0,0.5,0.5,0.0,0.0,-18.097680926322937,18.097680926322937,0.0,0.0,0.0,2,2,0,1
0,79,80,release,0,0,0,0,0,6554,-6554,1572864,0,0,0.0,0.0,0.0,0.0,0.0,0.0,0.0,0.0,0.0,0.0,0.0,0.0,0.43625,1.7451171875,1.3088671875,-0.43625,-1.7451171875,1.3088671875,0.43625,1.7451171875,1.3088671875,-0.43625,-1.7451171875,1.3088671875,0.43625,1.7451065182685852,1.3088565182685852,-0.43625,-1.7451065182685852,1.3088565182685852,0.00576213541666667,0.02305008959956467,0.017287954182898004,0.0157422630208333,0.06297328090295196,0.047231017882118656,0.48924780078125,0.4569883346557617,0.0322594661254883,0.5107521992187499,0.5430116653442383,0.032259466125488356,0.495009936197917,0.4800384044647217,0.01497153173319532,0.0,0.0,0.0,0.0,0.0,0.0,2,2,0,0
1,0,81,zero_reset1,0,0,0,0,0,0,0,1572864,1,0,0.0,0.0,0.0,0.0,0.0,0.0,0.0,0.0,0.0,0.0,0.0,0.0,0.0,0.0,0.0,0.0,0.0,0.0,0.0,0.0,0.0,0.0,0.0,0.0,0.0,0.0,0.0,0.0,0.0,0.0,0.0,0.0,0.0,-0.0,0.0,0.0,0.5,0.5,0.0,0.5,0.5,0.0,0.5,0.5,0.0,0.0,0.0,0.0,0.0,0.0,0.0,2,2,0,0
1,1,82,zero_reset2,0,0,0,0,0,0,0,1572864,1,0,0.0,0.0,0.0,0.0,0.0,0.0,0.0,0.0,0.0,0.0,0.0,0.0,0.0,0.0,0.0,0.0,0.0,0.0,0.0,0.0,0.0,0.0,0.0,0.0,0.0,0.0,0.0,0.0,0.0,0.0,0.0,0.0,0.0,-0.0,0.0,0.0,0.5,0.5,0.0,0.5,0.5,0.0,0.5,0.5,0.0,0.0,0.0,0.0,0.0,0.0,0.0,2,2,0,0
1,2,83,zero,0,0,0,0,0,0,0,1572864,0,0,0.0,0.0,0.0,0.0,0.0,0.0,0.0,0.0,0.0,0.0,0.0,0.0,0.0,0.0,0.0,0.0,0.0,0.0,0.0,0.0,0.0,0.0,0.0,0.0,0.0,0.0,0.0,0.0,0.0,0.0,0.0,0.0,0.0,-0.0,0.0,0.0,0.5,0.5,0.0,0.5,0.5,0.0,0.5,0.5,0.0,0.0,0.0,0.0,0.0,0.0,0.0,2,2,0,0
1,3,84,d_current_reset1,0,0,0,0,0,0,0,1572864,1,0,0.0,0.0,0.0,0.0,0.0,0.0,0.0,0.0,0.0,0.0,0.0,0.0,0.0,0.0,0.0,0.0,0.0,0.0,0.0,0.0,0.0,0.0,0.0,0.0,0.0,0.0,0.0,0.0,0.0,0.0,0.0,0.0,0.0,-0.0,0.0,0.0,0.5,0.5,0.0,0.5,0.5,0.0,0.5,0.5,0.0,0.0,0.0,0.0,0.0,0.0,0.0,2,2,0,0
1,4,85,d_current_reset2,0,0,0,0,0,0,0,1572864,1,0,0.0,0.0,0.0,0.0,0.0,0.0,0.0,0.0,0.0,0.0,0.0,0.0,0.0,0.0,0.0,0.0,0.0,0.0,0.0,0.0,0.0,0.0,0.0,0.0,0.0,0.0,0.0,0.0,0.0,0.0,0.0,0.0,0.0,-0.0,0.0,0.0,0.5,0.5,0.0,0.5,0.5,0.0,0.5,0.5,0.0,0.0,0.0,0.0,0.0,0.0,0.0,2,2,0,0
1,5,86,d_current,32768,-16384,-16384,0,0,0,0,1572864,0,0,1.0,1.0,0.0,0.0,0.0,0.0,1.0,1.0,0.0,0.0,0.0,0.0,-4.3625,-4.36248779296875,1.2207031249822364e-05,0.0,0.0,0.0,-4.3625,-4.36248779296875,1.2207031249822364e-05,0.0,0.0,0.0,-4.3625,-4.362500011920929,1.1920929132713809e-08,0.0,0.0,0.0,-0.0,0.0,0.0,0.136328125,0.13632774353027344,3.814697265569489e-07,0.5681640625,0.5681638717651367,1.9073486323684108e-07,0.4318359375,0.4318361282348633,1.9073486329235223e-07,0.4318359375,0.4318361282348633,1.9073486329235223e-07,0.0,0.0,0.0,0.0,0.0,0.0,4,4,0,0
1,6,87,q_current_reset1,0,0,0,0,0,0,0,1572864,1,0,0.0,0.0,0.0,0.0,0.0,0.0,0.0,0.0,0.0,0.0,0.0,0.0,0.0,0.0,0.0,0.0,0.0,0.0,0.0,0.0,0.0,0.0,0.0,0.0,0.0,0.0,0.0,0.0,0.0,0.0,0.0,0.0,0.0,-0.0,0.0,0.0,0.5,0.5,0.0,0.5,0.5,0.0,0.5,0.5,0.0,0.0,0.0,0.0,0.0,0.0,0.0,2,2,0,0
1,7,88,q_current_reset2,0,0,0,0,0,0,0,1572864,1,0,0.0,0.0,0.0,0.0,0.0,0.0,0.0,0.0,0.0,0.0,0.0,0.0,0.0,0.0,0.0,0.0,0.0,0.0,0.0,0.0,0.0,0.0,0.0,0.0,0.0,0.0,0.0,0.0,0.0,0.0,0.0,0.0,0.0,-0.0,0.0,0.0,0.5,0.5,0.0,0.5,0.5,0.0,0.5,0.5,0.0,0.0,0.0,0.0,0.0,0.0,0.0,2,2,0,0
1,8,89,q_current,0,28378,-28378,0,0,0,0,1572864,0,0,0.0,0.0,0.0,1.0,1.0,0.0,0.0,0.0,0.0,1.0,1.0,0.0,0.0,0.0,0.0,-4.3625,-4.36248779296875,1.2207031249822364e-05,0.0,0.0,0.0,-4.3625,-4.36248779296875,1.2207031249822364e-05,0.0,0.0,0.0,-4.3625,-4.362500011920929,1.1920929132713809e-08,0.0787067708333333,0.07870655064471066,2.2018862264050476e-07,0.0787067708333333,0.07870655064471066,2.2018862264050476e-07,0.5,0.5,0.0,0.578706770833333,0.5787065625190735,2.0831425950884608e-07,0.42129322916666695,0.4212934374809265,2.0831425956435723e-07,0.0,0.0,0.0,0.0,0.0,0.0,6,6,0,0
1,9,90,common_mode_reset1,0,0,0,0,0,0,0,1572864,1,0,0.0,0.0,0.0,0.0,0.0,0.0,0.0,0.0,0.0,0.0,0.0,0.0,0.0,0.0,0.0,0.0,0.0,0.0,0.0,0.0,0.0,0.0,0.0,0.0,0.0,0.0,0.0,0.0,0.0,0.0,0.0,0.0,0.0,-0.0,0.0,0.0,0.5,0.5,0.0,0.5,0.5,0.0,0.5,0.5,0.0,0.0,0.0,0.0,0.0,0.0,0.0,2,2,0,0
1,10,91,common_mode_reset2,0,0,0,0,0,0,0,1572864,1,0,0.0,0.0,0.0,0.0,0.0,0.0,0.0,0.0,0.0,0.0,0.0,0.0,0.0,0.0,0.0,0.0,0.0,0.0,0.0,0.0,0.0,0.0,0.0,0.0,0.0,0.0,0.0,0.0,0.0,0.0,0.0,0.0,0.0,-0.0,0.0,0.0,0.5,0.5,0.0,0.5,0.5,0.0,0.5,0.5,0.0,0.0,0.0,0.0,0.0,0.0,0.0,2,2,0,0
1,11,92,common_mode,32768,32768,32768,0,0,0,0,1572864,0,0,0.0,0.0,0.0,0.0,0.0,0.0,0.0,0.0,0.0,0.0,0.0,0.0,0.0,0.0,0.0,0.0,0.0,0.0,0.0,0.0,0.0,0.0,0.0,0.0,0.0,0.0,0.0,0.0,0.0,0.0,0.0,0.0,0.0,-0.0,0.0,0.0,0.5,0.5,0.0,0.5,0.5,0.0,0.5,0.5,0.0,0.0,0.0,0.0,0.0,0.0,0.0,2,2,0,0
1,12,93,angle_0.0000_reset1,0,0,0,0,0,0,0,1572864,1,0,0.0,0.0,0.0,0.0,0.0,0.0,0.0,0.0,0.0,0.0,0.0,0.0,0.0,0.0,0.0,0.0,0.0,0.0,0.0,0.0,0.0,0.0,0.0,0.0,0.0,0.0,0.0,0.0,0.0,0.0,0.0,0.0,0.0,-0.0,0.0,0.0,0.5,0.5,0.0,0.5,0.5,0.0,0.5,0.5,0.0,0.0,0.0,0.0,0.0,0.0,0.0,2,2,0,0
1,13,94,angle_0.0000_reset2,0,0,0,0,0,0,0,1572864,1,0,0.0,0.0,0.0,0.0,0.0,0.0,0.0,0.0,0.0,0.0,0.0,0.0,0.0,0.0,0.0,0.0,0.0,0.0,0.0,0.0,0.0,0.0,0.0,0.0,0.0,0.0,0.0,0.0,0.0,0.0,0.0,0.0,0.0,-0.0,0.0,0.0,0.5,0.5,0.0,0.5,0.5,0.0,0.5,0.5,0.0,0.0,0.0,0.0,0.0,0.0,0.0,2,2,0,0
1,14,95,angle_0.0000,6554,-9830,3277,0,0,13107,-6554,1572864,0,0,0.2,0.20001220703125,1.2207031249988898e-05,-0.23094010767585,-0.230926513671875,1.3594003974992663e-05,0.2,0.20001220703125,1.2207031249988898e-05,-0.23094010767585,-0.230926513671875,1.3594003974992663e-05,0.8725,0.872406005859375,9.399414062505329e-05,0.134976219735897,0.134857177734375,0.00011904200152199063,0.8725,0.872406005859375,9.399414062505329e-05,0.134976219735897,0.134857177734375,0.00011904200152199063,0.8725,0.8724201321601868,7.986783981328571e-05,0.134976219735897,0.13486367464065552,0.00011254509524147305,0.024830429035598196,0.02482963935472071,7.896808774839059e-07,0.004870673129261399,0.004866377450525761,4.2956787356385195e-06,0.48514944891757006,0.485152006149292,2.5572317219335616e-06,0.509979877953168,0.509981632232666,1.754279498000777e-06,0.5148505510824299,0.514847993850708,2.5572317219335616e-06,0.0,0.0,0.0,0.0,0.0,0.0,3,3,0,0
1,15,96,angle_1.5708_reset1,0,0,0,0,0,0,0,1572864,1,0,0.0,0.0,0.0,0.0,0.0,0.0,0.0,0.0,0.0,0.0,0.0,0.0,0.0,0.0,0.0,0.0,0.0,0.0,0.0,0.0,0.0,0.0,0.0,0.0,0.0,0.0,0.0,0.0,0.0,0.0,0.0,0.0,0.0,-0.0,0.0,0.0,0.5,0.5,0.0,0.5,0.5,0.0,0.5,0.5,0.0,0.0,0.0,0.0,0.0,0.0,0.0,2,2,0,0
1,16,97,angle_1.5708_reset2,0,0,0,0,0,0,0,1572864,1,0,0.0,0.0,0.0,0.0,0.0,0.0,0.0,0.0,0.0,0.0,0.0,0.0,0.0,0.0,0.0,0.0,0.0,0.0,0.0,0.0,0.0,0.0,0.0,0.0,0.0,0.0,0.0,0.0,0.0,0.0,0.0,0.0,0.0,-0.0,0.0,0.0,0.5,0.5,0.0,0.5,0.5,0.0,0.5,0.5,0.0,0.0,0.0,0.0,0.0,0.0,0.0,2,2,0,0
1,17,98,angle_1.5708,6554,-9830,3277,16384,0,13107,-6554,1572864,0,0,0.2,0.20001220703125,1.2207031249988898e-05,-0.23094010767585,-0.230926513671875,1.3594003974992663e-05,-0.23094010767585,-0.230926513671875,1.3594003974992663e-05,-0.2,-0.20001220703125,1.2207031249988898e-05,2.7524762197359,2.75238037109375,9.584864214984279e-05,0.0,0.0,0.0,3.37081119222877e-16,0.0,3.37081119222877e-16,2.7524762197359,2.75238037109375,9.584864214984279e-05,2.7524762197359,2.7523903250694275,8.589466647235255e-05,0.0,0.0,0.0,0.0496592584644018,0.04965752921998501,1.7292444167912868e-06,0.0496592584644018,0.04965752921998501,1.7292444167912868e-06,0.5,0.5,0.0,0.45034074153559805,0.45034247636795044,1.7348323523846965e-06,0.549659258464402,0.5496575236320496,1.7348323524402076e-06,0.0,0.0,0.0,0.0,0.0,0.0,1,1,0,0
1,18,99,angle_3.1416_reset1,0,0,0,0,0,0,0,1572864,1,0,0.0,0.0,0.0,0.0,0.0,0.0,0.0,0.0,0.0,0.0,0.0,0.0,0.0,0.0,0.0,0.0,0.0,0.0,0.0,0.0,0.0,0.0,0.0,0.0,0.0,0.0,0.0,0.0,0.0,0.0,0.0,0.0,0.0,-0.0,0.0,0.0,0.5,0.5,0.0,0.5,0.5,0.0,0.5,0.5,0.0,0.0,0.0,0.0,0.0,0.0,0.0,2,2,0,0
1,19,100,angle_3.1416_reset2,0,0,0,0,0,0,0,1572864,1,0,0.0,0.0,0.0,0.0,0.0,0.0,0.0,0.0,0.0,0.0,0.0,0.0,0.0,0.0,0.0,0.0,0.0,0.0,0.0,0.0,0.0,0.0,0.0,0.0,0.0,0.0,0.0,0.0,0.0,0.0,0.0,0.0,0.0,-0.0,0.0,0.0,0.5,0.5,0.0,0.5,0.5,0.0,0.5,0.5,0.0,0.0,0.0,0.0,0.0,0.0,0.0,2,2,0,0
1,20,101,angle_3.1416,6554,-9830,3277,32768,0,13107,-6554,1572864,0,0,0.2,0.20001220703125,1.2207031249988898e-05,-0.23094010767585,-0.230926513671875,1.3594003974992663e-05,-0.2,-0.20001220703125,1.2207031249988898e-05,0.23094010767585,0.230926513671875,1.3594003974992663e-05,2.6175,2.617523193359375,2.3193359374840128e-05,-1.8799762197359,-1.879974365234375,1.8545015250115426e-06,-2.6175,-2.617523193359375,2.3193359374840128e-05,1.8799762197359,1.879974365234375,1.8545015250115426e-06,2.6175,2.617526650428772,2.6650428771812784e-05,-1.8799762197359,-1.8799701929092407,6.026826659288886e-06,0.0678397252125948,0.06783965835347772,6.685911708992354e-08,0.047878970702264795,0.04787972895428538,7.582520205884347e-07,0.55785934795743,0.5578597187995911,3.7084216109040113e-07,0.44214065204257,0.44214028120040894,3.7084216109040113e-07,0.509980377255165,0.5099799633026123,4.1395255268028563e-07,0.0,0.0,0.0,0.0,0.0,0.0,5,5,0,0
1,21,102,angle_4.7124_reset1,0,0,0,0,0,0,0,1572864,1,0,0.0,0.0,0.0,0.0,0.0,0.0,0.0,0.0,0.0,0.0,0.0,0.0,0.0,0.0,0.0,0.0,0.0,0.0,0.0,0.0,0.0,0.0,0.0,0.0,0.0,0.0,0.0,0.0,0.0,0.0,0.0,0.0,0.0,-0.0,0.0,0.0,0.5,0.5,0.0,0.5,0.5,0.0,0.5,0.5,0.0,0.0,0.0,0.0,0.0,0.0,0.0,2,2,0,0
1,22,103,angle_4.7124_reset2,0,0,0,0,0,0,0,1572864,1,0,0.0,0.0,0.0,0.0,0.0,0.0,0.0,0.0,0.0,0.0,0.0,0.0,0.0,0.0,0.0,0.0,0.0,0.0,0.0,0.0,0.0,0.0,0.0,0.0,0.0,0.0,0.0,0.0,0.0,0.0,0.0,0.0,0.0,-0.0,0.0,0.0,0.5,0.5,0.0,0.5,0.5,0.0,0.5,0.5,0.0,0.0,0.0,0.0,0.0,0.0,0.0,2,2,0,0
1,23,104,angle_4.7124,6554,-9830,3277,49152,0,13107,-6554,1572864,0,0,0.2,0.20001220703125,1.2207031249988898e-05,-0.23094010767585,-0.230926513671875,1.3594003974992663e-05,0.23094010767585,0.230926513671875,1.3594003974992663e-05,0.2,0.20001220703125,1.2207031249988898e-05,0.737523780264103,0.737548828125,2.504786089696509e-05,-1.745,-1.7451171875,0.00011718749999989342,-1.745,-1.7451171875,0.00011718749999989342,-0.737523780264103,-0.737548828125,2.504786089696509e-05,0.737523780264103,0.7375564575195312,3.267725542821509e-05,-1.745,-1.7451065182685852,0.0001065182685850985,0.026613852912405297,0.026614756789058447,9.038766531493936e-07,0.041225091797735196,0.041228302055969834,3.210258234638552e-06,0.53391947235507,0.5339215397834778,2.0674284078037175e-06,0.492694380557335,0.4926932454109192,1.1351464158093627e-06,0.46608052764493,0.4660784602165222,2.0674284078037175e-06,0.0,0.0,0.0,0.0,0.0,0.0,4,4,0,0
1,24,105,angle_6.2832_reset1,0,0,0,0,0,0,0,1572864,1,0,0.0,0.0,0.0,0.0,0.0,0.0,0.0,0.0,0.0,0.0,0.0,0.0,0.0,0.0,0.0,0.0,0.0,0.0,0.0,0.0,0.0,0.0,0.0,0.0,0.0,0.0,0.0,0.0,0.0,0.0,0.0,0.0,0.0,-0.0,0.0,0.0,0.5,0.5,0.0,0.5,0.5,0.0,0.5,0.5,0.0,0.0,0.0,0.0,0.0,0.0,0.0,2,2,0,0
1,25,106,angle_6.2832_reset2,0,0,0,0,0,0,0,1572864,1,0,0.0,0.0,0.0,0.0,0.0,0.0,0.0,0.0,0.0,0.0,0.0,0.0,0.0,0.0,0.0,0.0,0.0,0.0,0.0,0.0,0.0,0.0,0.0,0.0,0.0,0.0,0.0,0.0,0.0,0.0,0.0,0.0,0.0,-0.0,0.0,0.0,0.5,0.5,0.0,0.5,0.5,0.0,0.5,0.5,0.0,0.0,0.0,0.0,0.0,0.0,0.0,2,2,0,0
1,26,107,angle_6.2832,6554,-9830,3277,0,0,13107,-6554,1572864,0,0,0.2,0.20001220703125,1.2207031249988898e-05,-0.23094010767585,-0.230926513671875,1.3594003974992663e-05,0.2,0.20001220703125,1.2207031249988898e-05,-0.23094010767585,-0.230926513671875,1.3594003974992663e-05,0.8725,0.872406005859375,9.399414062505329e-05,0.134976219735897,0.134857177734375,0.00011904200152199063,0.8725,0.872406005859375,9.399414062505329e-05,0.134976219735897,0.134857177734375,0.00011904200152199063,0.8725,0.8724201321601868,7.986783981328571e-05,0.134976219735897,0.13486367464065552,0.00011254509524147305,0.024830429035598196,0.02482963935472071,7.896808774839059e-07,0.004870673129261399,0.004866377450525761,4.2956787356385195e-06,0.48514944891757006,0.485152006149292,2.5572317219335616e-06,0.509979877953168,0.509981632232666,1.754279498000777e-06,0.5148505510824299,0.514847993850708,2.5572317219335616e-06,0.0,0.0,0.0,0.0,0.0,0.0,3,3,0,0
1,27,108,sector_15_reset1,0,0,0,0,0,0,0,1572864,1,0,0.0,0.0,0.0,0.0,0.0,0.0,0.0,0.0,0.0,0.0,0.0,0.0,0.0,0.0,0.0,0.0,0.0,0.0,0.0,0.0,0.0,0.0,0.0,0.0,0.0,0.0,0.0,0.0,0.0,0.0,0.0,0.0,0.0,-0.0,0.0,0.0,0.5,0.5,0.0,0.5,0.5,0.0,0.5,0.5,0.0,0.0,0.0,0.0,0.0,0.0,0.0,2,2,0,0
1,28,109,sector_15_reset2,0,0,0,0,0,0,0,1572864,1,0,0.0,0.0,0.0,0.0,0.0,0.0,0.0,0.0,0.0,0.0,0.0,0.0,0.0,0.0,0.0,0.0,0.0,0.0,0.0,0.0,0.0,0.0,0.0,0.0,0.0,0.0,0.0,0.0,0.0,0.0,0.0,0.0,0.0,-0.0,0.0,0.0,0.5,0.5,0.0,0.5,0.5,0.0,0.5,0.5,0.0,0.0,0.0,0.0,0.0,0.0,0.0,2,2,0,0
1,29,110,sector_15,0,0,0,0,0,31651,8481,1572864,0,0,0.0,0.0,0.0,0.0,0.0,0.0,0.0,0.0,0.0,0.0,0.0,0.0,4.21385141718606,4.213775634765625,7.578242043493333e-05,1.12909808425975,1.12908935546875,8.728791000001124e-06,4.21385141718606,4.213775634765625,7.578242043493333e-05,1.12909808425975,1.12908935546875,8.728791000001124e-06,4.21385141718606,4.213790535926819,6.088125924108567e-05,1.12909808425975,1.1291004419326782,2.3576729282215325e-06,0.111312045516878,0.11130983475595713,2.2107609208704693e-06,0.040743974828048105,0.040743659948930144,3.148791179602428e-07,0.423971989827537,0.4239732623100281,1.272482491099236e-06,0.535284035344415,0.535283088684082,9.466603330121615e-07,0.576028010172463,0.5760267376899719,1.272482491043725e-06,0.0,0.0,0.0,0.0,0.0,0.0,3,3,0,0
1,30,111,sector_75_reset1,0,0,0,0,0,0,0,1572864,1,0,0.0,0.0,0.0,0.0,0.0,0.0,0.0,0.0,0.0,0.0,0.0,0.0,0.0,0.0,0.0,0.0,0.0,0.0,0.0,0.0,0.0,0.0,0.0,0.0,0.0,0.0,0.0,0.0,0.0,0.0,0.0,0.0,0.0,-0.0,0.0,0.0,0.5,0.5,0.0,0.5,0.5,0.0,0.5,0.5,0.0,0.0,0.0,0.0,0.0,0.0,0.0,2,2,0,0
1,31,112,sector_75_reset2,0,0,0,0,0,0,0,1572864,1,0,0.0,0.0,0.0,0.0,0.0,0.0,0.0,0.0,0.0,0.0,0.0,0.0,0.0,0.0,0.0,0.0,0.0,0.0,0.0,0.0,0.0,0.0,0.0,0.0,0.0,0.0,0.0,0.0,0.0,0.0,0.0,0.0,0.0,-0.0,0.0,0.0,0.5,0.5,0.0,0.5,0.5,0.0,0.5,0.5,0.0,0.0,0.0,0.0,0.0,0.0,0.0,2,2,0,0
1,32,113,sector_75,0,0,0,0,0,8481,31651,1572864,0,0,0.0,0.0,0.0,0.0,0.0,0.0,0.0,0.0,0.0,0.0,0.0,0.0,1.12909808425975,1.12908935546875,8.728791000001124e-06,4.21385141718606,4.213775634765625,7.578242043493333e-05,1.12909808425975,1.12908935546875,8.728791000001124e-06,4.21385141718606,4.213775634765625,7.578242043493333e-05,1.12909808425975,1.1291004419326782,2.3576729282215325e-06,4.21385141718606,4.213790535926819,6.088125924108567e-05,0.04074058751861479,0.04073949297890067,1.0945397141207125e-06,0.111309217784849,0.11130757769569755,1.6400891514473104e-06,0.464715684866883,0.46471595764160156,2.727747185349294e-07,0.423975097348268,0.42397648096084595,1.383612577954274e-06,0.576024902651732,0.576023519039154,1.383612577954274e-06,0.0,0.0,0.0,0.0,0.0,0.0,1,1,0,0
1,33,114,sector_135_reset1,0,0,0,0,0,0,0,1572864,1,0,0.0,0.0,0.0,0.0,0.0,0.0,0.0,0.0,0.0,0.0,0.0,0.0,0.0,0.0,0.0,0.0,0.0,0.0,0.0,0.0,0.0,0.0,0.0,0.0,0.0,0.0,0.0,0.0,0.0,0.0,0.0,0.0,0.0,-0.0,0.0,0.0,0.5,0.5,0.0,0.5,0.5,0.0,0.5,0.5,0.0,0.0,0.0,0.0,0.0,0.0,0.0,2,2,0,0
1,34,115,sector_135_reset2,0,0,0,0,0,0,0,1572864,1,0,0.0,0.0,0.0,0.0,0.0,0.0,0.0,0.0,0.0,0.0,0.0,0.0,0.0,0.0,0.0,0.0,0.0,0.0,0.0,0.0,0.0,0.0,0.0,0.0,0.0,0.0,0.0,0.0,0.0,0.0,0.0,0.0,0.0,-0.0,0.0,0.0,0.5,0.5,0.0,0.5,0.5,0.0,0.5,0.5,0.0,0.0,0.0,0.0,0.0,0.0,0.0,2,2,0,0
1,35,116,sector_135,0,0,0,0,0,-23170,23170,1572864,0,0,0.0,0.0,0.0,0.0,0.0,0.0,0.0,0.0,0.0,0.0,0.0,0.0,-3.08475333292631,-3.084686279296875,6.705362943515425e-05,3.08475333292631,3.084686279296875,6.705362943515425e-05,-3.08475333292631,-3.084686279296875,6.705362943515425e-05,3.08475333292631,3.084686279296875,6.705362943515425e-05,-3.08475333292631,-3.0846900939941406,6.323893216952925e-05,3.08475333292631,3.0846900939941406,6.323893216952925e-05,0.111314609332535,0.11131218960508704,2.419727447952602e-06,0.04074445027240169,0.04074356472119689,8.855512048031033e-07,0.576029529802468,0.5760278701782227,1.6596242453648102e-06,0.423970470197532,0.42397212982177734,1.6596242453648102e-06,0.535285079530067,0.5352843403816223,7.391484446728214e-07,0.0,0.0,0.0,0.0,0.0,0.0,5,5,0,0
1,36,117,sector_195_reset1,0,0,0,0,0,0,0,1572864,1,0,0.0,0.0,0.0,0.0,0.0,0.0,0.0,0.0,0.0,0.0,0.0,0.0,0.0,0.0,0.0,0.0,0.0,0.0,0.0,0.0,0.0,0.0,0.0,0.0,0.0,0.0,0.0,0.0,0.0,0.0,0.0,0.0,0.0,-0.0,0.0,0.0,0.5,0.5,0.0,0.5,0.5,0.0,0.5,0.5,0.0,0.0,0.0,0.0,0.0,0.0,0.0,2,2,0,0
1,37,118,sector_195_reset2,0,0,0,0,0,0,0,1572864,1,0,0.0,0.0,0.0,0.0,0.0,0.0,0.0,0.0,0.0,0.0,0.0,0.0,0.0,0.0,0.0,0.0,0.0,0.0,0.0,0.0,0.0,0.0,0.0,0.0,0.0,0.0,0.0,0.0,0.0,0.0,0.0,0.0,0.0,-0.0,0.0,0.0,0.5,0.5,0.0,0.5,0.5,0.0,0.5,0.5,0.0,0.0,0.0,0.0,0.0,0.0,0.0,2,2,0,0
1,38,119,sector_195,0,0,0,0,0,-31651,-8481,1572864,0,0,0.0,0.0,0.0,0.0,0.0,0.0,0.0,0.0,0.0,0.0,0.0,0.0,-4.21385141718606,-4.213775634765625,7.578242043493333e-05,-1.12909808425974,-1.12908935546875,8.728790990009117e-06,-4.21385141718606,-4.213775634765625,7.578242043493333e-05,-1.12909808425974,-1.12908935546875,8.728790990009117e-06,-4.21385141718606,-4.213790535926819,6.088125924108567e-05,-1.12909808425974,-1.1291004419326782,2.3576729382135397e-06,0.040743974828048,0.040743659948930144,3.148791178561594e-07,0.111312045516878,0.11130983475595713,2.2107609208704693e-06,0.576028010172463,0.5760267376899719,1.272482491043725e-06,0.46471596465558496,0.46471691131591797,9.466603330121615e-07,0.423971989827537,0.4239732623100281,1.272482491099236e-06,0.0,0.0,0.0,0.0,0.0,0.0,4,4,0,0
1,39,120,sector_255_reset1,0,0,0,0,0,0,0,1572864,1,0,0.0,0.0,0.0,0.0,0.0,0.0,0.0,0.0,0.0,0.0,0.0,0.0,0.0,0.0,0.0,0.0,0.0,0.0,0.0,0.0,0.0,0.0,0.0,0.0,0.0,0.0,0.0,0.0,0.0,0.0,0.0,0.0,0.0,-0.0,0.0,0.0,0.5,0.5,0.0,0.5,0.5,0.0,0.5,0.5,0.0,0.0,0.0,0.0,0.0,0.0,0.0,2,2,0,0
1,40,121,sector_255_reset2,0,0,0,0,0,0,0,1572864,1,0,0.0,0.0,0.0,0.0,0.0,0.0,0.0,0.0,0.0,0.0,0.0,0.0,0.0,0.0,0.0,0.0,0.0,0.0,0.0,0.0,0.0,0.0,0.0,0.0,0.0,0.0,0.0,0.0,0.0,0.0,0.0,0.0,0.0,-0.0,0.0,0.0,0.5,0.5,0.0,0.5,0.5,0.0,0.5,0.5,0.0,0.0,0.0,0.0,0.0,0.0,0.0,2,2,0,0
1,41,122,sector_255,0,0,0,0,0,-8481,-31651,1572864,0,0,0.0,0.0,0.0,0.0,0.0,0.0,0.0,0.0,0.0,0.0,0.0,0.0,-1.12909808425975,-1.12908935546875,8.728791000001124e-06,-4.21385141718606,-4.213775634765625,7.578242043493333e-05,-1.12909808425975,-1.12908935546875,8.728791000001124e-06,-4.21385141718606,-4.213775634765625,7.578242043493333e-05,-1.12909808425975,-1.1291004419326782,2.3576729282215325e-06,-4.21385141718606,-4.213790535926819,6.088125924108567e-05,0.111309217784849,0.11130757769569755,1.6400891514473104e-06,0.04074058751861479,0.04073949297890067,1.0945397141207125e-06,0.535284315133117,0.5352840423583984,2.7277471859044056e-07,0.576024902651732,0.576023519039154,1.383612577954274e-06,0.423975097348268,0.42397648096084595,1.383612577954274e-06,0.0,0.0,0.0,0.0,0.0,0.0,6,6,0,0
1,42,123,sector_315_reset1,0,0,0,0,0,0,0,1572864,1,0,0.0,0.0,0.0,0.0,0.0,0.0,0.0,0.0,0.0,0.0,0.0,0.0,0.0,0.0,0.0,0.0,0.0,0.0,0.0,0.0,0.0,0.0,0.0,0.0,0.0,0.0,0.0,0.0,0.0,0.0,0.0,0.0,0.0,-0.0,0.0,0.0,0.5,0.5,0.0,0.5,0.5,0.0,0.5,0.5,0.0,0.0,0.0,0.0,0.0,0.0,0.0,2,2,0,0
1,43,124,sector_315_reset2,0,0,0,0,0,0,0,1572864,1,0,0.0,0.0,0.0,0.0,0.0,0.0,0.0,0.0,0.0,0.0,0.0,0.0,0.0,0.0,0.0,0.0,0.0,0.0,0.0,0.0,0.0,0.0,0.0,0.0,0.0,0.0,0.0,0.0,0.0,0.0,0.0,0.0,0.0,-0.0,0.0,0.0,0.5,0.5,0.0,0.5,0.5,0.0,0.5,0.5,0.0,0.0,0.0,0.0,0.0,0.0,0.0,2,2,0,0
1,44,125,sector_315,0,0,0,0,0,23170,-23170,1572864,0,0,0.0,0.0,0.0,0.0,0.0,0.0,0.0,0.0,0.0,0.0,0.0,0.0,3.08475333292631,3.084686279296875,6.705362943515425e-05,-3.08475333292631,-3.084686279296875,6.705362943515425e-05,3.08475333292631,3.084686279296875,6.705362943515425e-05,-3.08475333292631,-3.084686279296875,6.705362943515425e-05,3.08475333292631,3.0846900939941406,6.323893216952925e-05,-3.08475333292631,-3.0846900939941406,6.323893216952925e-05,0.04074445027240169,0.04074356472119689,8.855512048031033e-07,0.111314609332535,0.11131218960508704,2.419727447952602e-06,0.423970470197532,0.42397212982177734,1.6596242453648102e-06,0.576029529802468,0.5760278701782227,1.6596242453648102e-06,0.464714920469934,0.4647156596183777,7.391484436736206e-07,0.0,0.0,0.0,0.0,0.0,0.0,2,2,0,0
1,45,126,edge_1_0_reset1,0,0,0,0,0,0,0,1572864,1,0,0.0,0.0,0.0,0.0,0.0,0.0,0.0,0.0,0.0,0.0,0.0,0.0,0.0,0.0,0.0,0.0,0.0,0.0,0.0,0.0,0.0,0.0,0.0,0.0,0.0,0.0,0.0,0.0,0.0,0.0,0.0,0.0,0.0,-0.0,0.0,0.0,0.5,0.5,0.0,0.5,0.5,0.0,0.5,0.5,0.0,0.0,0.0,0.0,0.0,0.0,0.0,2,2,0,0
1,46,127,edge_1_0_reset2,0,0,0,0,0,0,0,1572864,1,0,0.0,0.0,0.0,0.0,0.0,0.0,0.0,0.0,0.0,0.0,0.0,0.0,0.0,0.0,0.0,0.0,0.0,0.0,0.0,0.0,0.0,0.0,0.0,0.0,0.0,0.0,0.0,0.0,0.0,0.0,0.0,0.0,0.0,-0.0,0.0,0.0,0.5,0.5,0.0,0.5,0.5,0.0,0.5,0.5,0.0,0.0,0.0,0.0,0.0,0.0,0.0,2,2,0,0
1,47,128,edge_1_0,0,0,0,0,0,32768,0,1572864,0,0,0.0,0.0,0.0,0.0,0.0,0.0,0.0,0.0,0.0,0.0,0.0,0.0,4.3625,4.36248779296875,1.2207031249822364e-05,0.0,0.0,0.0,4.3625,4.36248779296875,1.2207031249822364e-05,0.0,0.0,0.0,4.3625,4.362500011920929,1.1920929132713809e-08,0.0,0.0,0.0,0.136328125,0.13632774353027344,3.814697265569489e-07,-0.0,0.0,0.0,0.4318359375,0.4318361282348633,1.9073486329235223e-07,0.5681640625,0.5681638717651367,1.9073486323684108e-07,0.5681640625,0.5681638717651367,1.9073486323684108e-07,0.0,0.0,0.0,0.0,0.0,0.0,2,2,0,0
1,48,129,edge_1_1.732_reset1,0,0,0,0,0,0,0,1572864,1,0,0.0,0.0,0.0,0.0,0.0,0.0,0.0,0.0,0.0,0.0,0.0,0.0,0.0,0.0,0.0,0.0,0.0,0.0,0.0,0.0,0.0,0.0,0.0,0.0,0.0,0.0,0.0,0.0,0.0,0.0,0.0,0.0,0.0,-0.0,0.0,0.0,0.5,0.5,0.0,0.5,0.5,0.0,0.5,0.5,0.0,0.0,0.0,0.0,0.0,0.0,0.0,2,2,0,0
1,49,130,edge_1_1.732_reset2,0,0,0,0,0,0,0,1572864,1,0,0.0,0.0,0.0,0.0,0.0,0.0,0.0,0.0,0.0,0.0,0.0,0.0,0.0,0.0,0.0,0.0,0.0,0.0,0.0,0.0,0.0,0.0,0.0,0.0,0.0,0.0,0.0,0.0,0.0,0.0,0.0,0.0,0.0,-0.0,0.0,0.0,0.5,0.5,0.0,0.5,0.5,0.0,0.5,0.5,0.0,0.0,0.0,0.0,0.0,0.0,0.0,2,2,0,0
1,50,131,edge_1_1.732,0,0,0,0,0,32768,56754,1572864,0,0,0.0,0.0,0.0,0.0,0.0,0.0,0.0,0.0,0.0,0.0,0.0,0.0,4.3625,4.36248779296875,1.2207031249822364e-05,7.55585,7.555816650390625,3.3349609375399325e-05,4.3625,4.36248779296875,1.2207031249822364e-05,7.55585,7.555816650390625,3.3349609375399325e-05,4.3625,4.362500011920929,1.1920929132713809e-08,7.55585,7.5558266043663025,2.339563369790909e-05,7.99791666666883e-06,8.218223229050636e-06,2.2030656238180615e-07,0.27265599552083297,0.27265479206107557,1.2034597574039907e-06,0.36366800328125,0.3636685013771057,4.980958557276871e-07,0.363676001197917,0.3636767268180847,7.256201677297014e-07,0.63633199671875,0.6363314986228943,4.98095855672176e-07,0.0,0.0,0.0,0.0,0.0,0.0,3,3,0,0
1,51,132,edge_-1_1.732_reset1,0,0,0,0,0,0,0,1572864,1,0,0.0,0.0,0.0,0.0,0.0,0.0,0.0,0.0,0.0,0.0,0.0,0.0,0.0,0.0,0.0,0.0,0.0,0.0,0.0,0.0,0.0,0.0,0.0,0.0,0.0,0.0,0.0,0.0,0.0,0.0,0.0,0.0,0.0,-0.0,0.0,0.0,0.5,0.5,0.0,0.5,0.5,0.0,0.5,0.5,0.0,0.0,0.0,0.0,0.0,0.0,0.0,2,2,0,0
1,52,133,edge_-1_1.732_reset2,0,0,0,0,0,0,0,1572864,1,0,0.0,0.0,0.0,0.0,0.0,0.0,0.0,0.0,0.0,0.0,0.0,0.0,0.0,0.0,0.0,0.0,0.0,0.0,0.0,0.0,0.0,0.0,0.0,0.0,0.0,0.0,0.0,0.0,0.0,0.0,0.0,0.0,0.0,-0.0,0.0,0.0,0.5,0.5,0.0,0.5,0.5,0.0,0.5,0.5,0.0,0.0,0.0,0.0,0.0,0.0,0.0,2,2,0,0
1,53,134,edge_-1_1.732,0,0,0,0,0,-32768,56754,1572864,0,0,0.0,0.0,0.0,0.0,0.0,0.0,0.0,0.0,0.0,0.0,0.0,0.0,-4.3625,-4.36248779296875,1.2207031249822364e-05,7.55585,7.555816650390625,3.3349609375399325e-05,-4.3625,-4.36248779296875,1.2207031249822364e-05,7.55585,7.555816650390625,3.3349609375399325e-05,-4.3625,-4.362500011920929,1.1920929132713809e-08,7.55585,7.5558266043663025,2.339563369790909e-05,0.272648252083333,0.27265479206107557,6.539977742581193e-06,-7.99791666666883e-06,8.218223229050636e-06,1.6216139895719468e-05,0.636328125,0.6363314986228943,3.373622894264905e-06,0.363679872916667,0.3636685013771057,1.1371539561266797e-05,0.6363201270833331,0.6363232731819153,3.1460985822073795e-06,0.0,0.0,0.0,0.0,0.0,0.0,1,5,0,0
1,54,135,edge_-1_0_reset1,0,0,0,0,0,0,0,1572864,1,0,0.0,0.0,0.0,0.0,0.0,0.0,0.0,0.0,0.0,0.0,0.0,0.0,0.0,0.0,0.0,0.0,0.0,0.0,0.0,0.0,0.0,0.0,0.0,0.0,0.0,0.0,0.0,0.0,0.0,0.0,0.0,0.0,0.0,-0.0,0.0,0.0,0.5,0.5,0.0,0.5,0.5,0.0,0.5,0.5,0.0,0.0,0.0,0.0,0.0,0.0,0.0,2,2,0,0
1,55,136,edge_-1_0_reset2,0,0,0,0,0,0,0,1572864,1,0,0.0,0.0,0.0,0.0,0.0,0.0,0.0,0.0,0.0,0.0,0.0,0.0,0.0,0.0,0.0,0.0,0.0,0.0,0.0,0.0,0.0,0.0,0.0,0.0,0.0,0.0,0.0,0.0,0.0,0.0,0.0,0.0,0.0,-0.0,0.0,0.0,0.5,0.5,0.0,0.5,0.5,0.0,0.5,0.5,0.0,0.0,0.0,0.0,0.0,0.0,0.0,2,2,0,0
1,56,137,edge_-1_0,0,0,0,0,0,-32768,0,1572864,0,0,0.0,0.0,0.0,0.0,0.0,0.0,0.0,0.0,0.0,0.0,0.0,0.0,-4.3625,-4.36248779296875,1.2207031249822364e-05,0.0,0.0,0.0,-4.3625,-4.36248779296875,1.2207031249822364e-05,0.0,0.0,0.0,-4.3625,-4.362500011920929,1.1920929132713809e-08,0.0,0.0,0.0,-0.0,0.0,0.0,0.136328125,0.13632774353027344,3.814697265569489e-07,0.5681640625,0.5681638717651367,1.9073486323684108e-07,0.4318359375,0.4318361282348633,1.9073486329235223e-07,0.4318359375,0.4318361282348633,1.9073486329235223e-07,0.0,0.0,0.0,0.0,0.0,0.0,4,4,0,0
1,57,138,edge_-1_-1.732_reset1,0,0,0,0,0,0,0,1572864,1,0,0.0,0.0,0.0,0.0,0.0,0.0,0.0,0.0,0.0,0.0,0.0,0.0,0.0,0.0,0.0,0.0,0.0,0.0,0.0,0.0,0.0,0.0,0.0,0.0,0.0,0.0,0.0,0.0,0.0,0.0,0.0,0.0,0.0,-0.0,0.0,0.0,0.5,0.5,0.0,0.5,0.5,0.0,0.5,0.5,0.0,0.0,0.0,0.0,0.0,0.0,0.0,2,2,0,0
1,58,139,edge_-1_-1.732_reset2,0,0,0,0,0,0,0,1572864,1,0,0.0,0.0,0.0,0.0,0.0,0.0,0.0,0.0,0.0,0.0,0.0,0.0,0.0,0.0,0.0,0.0,0.0,0.0,0.0,0.0,0.0,0.0,0.0,0.0,0.0,0.0,0.0,0.0,0.0,0.0,0.0,0.0,0.0,-0.0,0.0,0.0,0.5,0.5,0.0,0.5,0.5,0.0,0.5,0.5,0.0,0.0,0.0,0.0,0.0,0.0,0.0,2,2,0,0
1,59,140,edge_-1_-1.732,0,0,0,0,0,-32768,-56754,1572864,0,0,0.0,0.0,0.0,0.0,0.0,0.0,0.0,0.0,0.0,0.0,0.0,0.0,-4.3625,-4.36248779296875,1.2207031249822364e-05,-7.55585,-7.555816650390625,3.3349609375399325e-05,-4.3625,-4.36248779296875,1.2207031249822364e-05,-7.55585,-7.555816650390625,3.3349609375399325e-05,-4.3625,-4.362500011920929,1.1920929132713809e-08,-7.55585,-7.5558266043663025,2.339563369790909e-05,0.272648252083333,0.27265479206107557,6.539977742581193e-06,-7.99791666666883e-06,8.218223229050636e-06,1.6216139895719468e-05,0.636328125,0.6363314986228943,3.373622894264905e-06,0.6363201270833331,0.6363232731819153,3.1460985822073795e-06,0.363679872916667,0.3636685013771057,1.1371539561266797e-05,0.0,0.0,0.0,0.0,0.0,0.0,6,4,0,0
1,60,141,edge_1_-1.732_reset1,0,0,0,0,0,0,0,1572864,1,0,0.0,0.0,0.0,0.0,0.0,0.0,0.0,0.0,0.0,0.0,0.0,0.0,0.0,0.0,0.0,0.0,0.0,0.0,0.0,0.0,0.0,0.0,0.0,0.0,0.0,0.0,0.0,0.0,0.0,0.0,0.0,0.0,0.0,-0.0,0.0,0.0,0.5,0.5,0.0,0.5,0.5,0.0,0.5,0.5,0.0,0.0,0.0,0.0,0.0,0.0,0.0,2,2,0,0
1,61,142,edge_1_-1.732_reset2,0,0,0,0,0,0,0,1572864,1,0,0.0,0.0,0.0,0.0,0.0,0.0,0.0,0.0,0.0,0.0,0.0,0.0,0.0,0.0,0.0,0.0,0.0,0.0,0.0,0.0,0.0,0.0,0.0,0.0,0.0,0.0,0.0,0.0,0.0,0.0,0.0,0.0,0.0,-0.0,0.0,0.0,0.5,0.5,0.0,0.5,0.5,0.0,0.5,0.5,0.0,0.0,0.0,0.0,0.0,0.0,0.0,2,2,0,0
1,62,143,edge_1_-1.732,0,0,0,0,0,32768,-56754,1572864,0,0,0.0,0.0,0.0,0.0,0.0,0.0,0.0,0.0,0.0,0.0,0.0,0.0,4.3625,4.36248779296875,1.2207031249822364e-05,-7.55585,-7.555816650390625,3.3349609375399325e-05,4.3625,4.36248779296875,1.2207031249822364e-05,-7.55585,-7.555816650390625,3.3349609375399325e-05,4.3625,4.362500011920929,1.1920929132713809e-08,-7.55585,-7.5558266043663025,2.339563369790909e-05,7.99791666666883e-06,8.218223229050636e-06,2.2030656238180615e-07,0.27265599552083297,0.27265479206107557,1.2034597574039907e-06,0.36366800328125,0.3636685013771057,4.980958557276871e-07,0.63633199671875,0.6363314986228943,4.98095855672176e-07,0.363676001197917,0.3636767268180847,7.256201677297014e-07,0.0,0.0,0.0,0.0,0.0,0.0,2,2,0,0
1,63,144,feedforward_reset1,0,0,0,0,0,0,0,1572864,1,0,0.0,0.0,0.0,0.0,0.0,0.0,0.0,0.0,0.0,0.0,0.0,0.0,0.0,0.0,0.0,0.0,0.0,0.0,0.0,0.0,0.0,0.0,0.0,0.0,0.0,0.0,0.0,0.0,0.0,0.0,0.0,0.0,0.0,-0.0,0.0,0.0,0.5,0.5,0.0,0.5,0.5,0.0,0.5,0.5,0.0,0.0,0.0,0.0,0.0,0.0,0.0,2,2,0,0
1,64,145,feedforward_reset2,0,0,0,0,0,0,0,1572864,1,0,0.0,0.0,0.0,0.0,0.0,0.0,0.0,0.0,0.0,0.0,0.0,0.0,0.0,0.0,0.0,0.0,0.0,0.0,0.0,0.0,0.0,0.0,0.0,0.0,0.0,0.0,0.0,0.0,0.0,0.0,0.0,0.0,0.0,-0.0,0.0,0.0,0.5,0.5,0.0,0.5,0.5,0.0,0.5,0.5,0.0,0.0,0.0,0.0,0.0,0.0,0.0,2,2,0,0
1,65,146,feedforward,6554,-3277,-3277,3129,6553600,16384,13107,1572864,0,0,0.2,0.20001220703125,1.2207031249988898e-05,0.0,0.0,0.0,0.191066365401038,0.191070556640625,4.191239587003626e-06,-0.0591037512790529,-0.05908203125,2.1720029052901824e-05,1.35803658553617,1.358001708984375,3.487655179501559e-05,16.1361811957173,16.13604736328125,0.0001338324360489196,-3.47116862752689,-3.4696044921875,0.0015641353393900381,15.8167327454883,15.817047119140625,0.00031437365232456216,1.35803658553617,1.3580145239830017,2.2061553168306602e-05,16.1361811957173,16.136060535907745,0.00012065980955355826,0.393834239560068,0.39379103225655854,4.3207303509484873e-05,0.176886200339637,0.1769407514948398,5.455115520278109e-05,0.608474019610215,0.6084251403808594,4.887922935559175e-05,0.214639780050148,0.21463412046432495,5.65958582304793e-06,0.7853602199498521,0.785365879535675,5.659585822992419e-06,0.0,0.0,0.0,0.0,0.0,0.0,1,1,0,0
1,66,147,sat_start_reset1,0,0,0,0,0,0,0,1572864,1,0,0.0,0.0,0.0,0.0,0.0,0.0,0.0,0.0,0.0,0.0,0.0,0.0,0.0,0.0,0.0,0.0,0.0,0.0,0.0,0.0,0.0,0.0,0.0,0.0,0.0,0.0,0.0,0.0,0.0,0.0,0.0,0.0,0.0,-0.0,0.0,0.0,0.5,0.5,0.0,0.5,0.5,0.0,0.5,0.5,0.0,0.0,0.0,0.0,0.0,0.0,0.0,2,2,0,0
1,67,148,sat_start_reset2,0,0,0,0,0,0,0,1572864,1,0,0.0,0.0,0.0,0.0,0.0,0.0,0.0,0.0,0.0,0.0,0.0,0.0,0.0,0.0,0.0,0.0,0.0,0.0,0.0,0.0,0.0,0.0,0.0,0.0,0.0,0.0,0.0,0.0,0.0,0.0,0.0,0.0,0.0,-0.0,0.0,0.0,0.5,0.5,0.0,0.5,0.5,0.0,0.5,0.5,0.0,0.0,0.0,0.0,0.0,0.0,0.0,2,2,0,0
1,68,149,sat_start,0,0,0,2086,0,983040,-655360,1572864,0,0,0.0,0.0,0.0,0.0,0.0,0.0,0.0,0.0,0.0,0.0,0.0,0.0,20.7526086012026,20.752593994140625,1.4607061974203361e-05,-13.8350724008017,-13.8350830078125,1.060701080035642e-05,23.0873655185981,23.085540771484375,0.0018247471137264881,-9.43631283207613,-9.441009521484375,0.0046966894082451915,130.875,130.87500035762787,3.5762786865234375e-07,-87.25,-87.25000023841858,2.384185791015625e-07,0.5512333617774829,0.5510916023049504,0.0001417594725325877,0.34051328034248,0.3406827624421567,0.0001694820996766544,0.054126678940018096,0.054112792015075684,1.3886924942412004e-05,0.9458733210599819,0.9458872079849243,1.3886924942418943e-05,0.605360040717501,0.6052044034004211,0.00015563731707990414,0.0,0.0,0.0,0.0,0.0,0.0,2,2,0,0
1,69,150,sat_hold_1,0,0,0,2086,0,983040,-655360,1572864,0,0,0.0,0.0,0.0,0.0,0.0,0.0,0.0,0.0,0.0,0.0,0.0,0.0,20.7526086169791,20.752593994140625,1.4622838474309674e-05,-13.8350724113194,-13.8350830078125,1.0596493099868098e-05,23.0873655361495,23.085540771484375,0.0018247646651232685,-9.43631283924977,-9.441009521484375,0.004696682234605731,148.65,148.64999949932098,5.006790217976231e-07,-99.1,-99.09999966621399,3.337860050578456e-07,0.55123336219654,0.5510916023049504,0.000141759891589599,0.340513280601344,0.3406827624421567,0.0001694818408126686,0.0541266786010576,0.054112792015075684,1.3886585981913446e-05,0.9458733213989421,0.9458872079849243,1.3886585982225697e-05,0.605360040797598,0.6052044034004211,0.00015563739717683323,110.122391398797,110.12239181995392,4.21156912011611e-07,-73.4149275991983,-73.41492784023285,2.4103455587010103e-07,2,2,1,1
1,70,151,sat_hold_2,0,0,0,2086,0,983040,-655360,1572864,0,0,0.0,0.0,0.0,0.0,0.0,0.0,0.0,0.0,0.0,0.0,0.0,0.0,20.7526086135607,20.752593994140625,1.4619420074524214e-05,-13.8350724090405,-13.8350830078125,1.0598772000491863e-05,23.0873655323465,23.085540771484375,0.0018247608621244638,-9.43631283769541,-9.441009521484375,0.004696683788964151,144.400521720241,144.40052157640457,1.4383641655513202e-07,-96.2670144801604,-96.26701438426971,9.589068383775157e-08,0.55123336210574,0.5510916023049504,0.00014175980078967587,0.340513280545254,0.3406827624421567,0.0001694818969026901,0.0541266786745028,0.054112792015075684,1.3886659427114756e-05,0.9458733213254971,0.9458872079849243,1.3886659427253534e-05,0.605360040780243,0.6052044034004211,0.0001556373798218269,127.897391383021,127.89739090204239,4.809786133819216e-07,-85.2649275886806,-85.26492726802826,3.2065234734091064e-07,2,2,1,1
1,71,152,sat_hold_3,0,0,0,2086,0,983040,-655360,1572864,0,0,0.0,0.0,0.0,0.0,0.0,0.0,0.0,0.0,0.0,0.0,0.0,0.0,20.7526086067285,20.752593994140625,1.4612587875717509e-05,-13.8350724044857,-13.8350830078125,1.0603326799696333e-05,23.0873655247457,23.085540771484375,0.0018247532613244744,-9.43631283458878,-9.441009521484375,0.004696686895595548,136.596043443636,136.59604406356812,6.199321092026366e-07,-91.0640289624242,-91.06402939558029,4.3315608877492195e-07,0.551233361924263,0.5510916023049504,0.00014175961931262027,0.34051328043315093,0.3406827624421567,0.00016948200900573918,0.054126678821293295,0.054112792015075684,1.388680621761118e-05,0.945873321178707,0.9458872079849243,1.3886806217278114e-05,0.605360040745556,0.6052044034004211,0.0001556373451349069,123.64791310668,123.64791297912598,1.275540171263856e-07,-82.4319420711199,-82.43194198608398,8.503592141551053e-08,2,2,1,1
1,72,153,sat_hold_4,0,0,0,2086,0,983040,-655360,1572864,0,0,0.0,0.0,0.0,0.0,0.0,0.0,0.0,0.0,0.0,0.0,0.0,0.0,20.7526085999472,20.752593994140625,1.460580657663968e-05,-13.8350723999648,-13.8350830078125,1.0607847700683237e-05,23.0873655172015,23.085540771484375,0.0018247457171263193,-9.4363128315053,-9.441009521484375,0.0046966899790756855,129.6414608223,129.64146208763123,1.265331235345002e-06,-86.4276405482002,-86.42764139175415,8.435539484707988e-07,0.551233361744138,0.5510916023049504,0.00014175943918759426,0.340513280321882,0.3406827624421567,0.00016948212027467768,0.0541266789669902,0.054112792015075684,1.388695191451711e-05,0.9458733210330099,0.9458872079849243,1.3886951914399148e-05,0.605360040711128,0.6052044034004211,0.0001556373107068909,115.843434836908,115.84343546628952,6.293815175695272e-07,-77.2289565579386,-77.22895699739456,4.39455959622137e-07,2,2,1,1
1,73,154,recovery_1,0,0,0,0,0,0,0,1572864,0,0,0.0,0.0,0.0,0.0,0.0,0.0,0.0,0.0,0.0,0.0,0.0,0.0,-6.6272261450812,-6.627227783203125,1.6381219252181722e-06,4.41815076338746,4.41815185546875,1.0920812902881494e-06,-6.6272261450812,-6.627227783203125,1.6381219252181722e-06,4.41815076338746,4.41815185546875,1.0920812902881494e-06,-6.6272261450812,-6.627224862575531,1.2825056687759684e-06,4.41815076338746,4.418149888515472,8.748719872997412e-07,0.15943081119298802,0.15943085053004324,3.933705522429776e-08,0.127390013677672,0.12739004520699382,3.15293218200452e-08,0.64341041243533,0.6434104442596436,3.182431351778092e-08,0.35658958756467,0.35658955574035645,3.1824313573292073e-08,0.516020398757658,0.5160204172134399,1.8455781902737556e-08,108.888852222353,108.88885354995728,1.3276042807319755e-06,-72.5925681482354,-72.59256905317307,9.049376643588403e-07,5,5,1,1
1,74,155,recovery_2,0,0,0,0,0,0,0,1572864,0,0,0.0,0.0,0.0,0.0,0.0,0.0,0.0,0.0,0.0,0.0,0.0,0.0,-20.7526081252458,-20.752593994140625,1.413110517489713e-05,13.8350720834972,13.8350830078125,1.0924315299476461e-05,-20.7526081252458,-20.752593994140625,1.413110517489713e-05,13.8350720834972,13.8350830078125,1.0924315299476461e-05,-28.4049965895518,-28.404994249343872,2.340207927886695e-06,18.9366643930345,18.93666285276413,1.5402703716915767e-06,0.499244340746364,0.4992447348777205,3.9413135649590814e-07,0.398911245074169,0.3989106062799692,6.387941997587632e-07,0.949077792910266,0.9490776658058167,1.271044492989759e-07,0.0509222070897338,0.05092233419418335,1.271044495487761e-07,0.550166547836098,0.5501670837402344,5.35904136400589e-07,0.0,0.0,0.0,0.0,0.0,0.0,5,5,0,0
1,75,156,recovery_3,0,0,0,0,0,0,0,1572864,0,0,0.0,0.0,0.0,0.0,0.0,0.0,0.0,0.0,0.0,0.0,0.0,0.0,-20.7526081252458,-20.752593994140625,1.413110517489713e-05,13.8350720834972,13.8350830078125,1.0924315299476461e-05,-20.7526081252458,-20.752593994140625,1.413110517489713e-05,13.8350720834972,13.8350830078125,1.0924315299476461e-05,-28.4049965895518,-28.404994249343872,2.340207927886695e-06,18.9366643930345,18.93666285276413,1.5402703716915767e-06,0.499244340746364,0.4992447348777205,3.9413135649590814e-07,0.398911245074169,0.3989106062799692,6.387941997587632e-07,0.949077792910266,0.9490776658058167,1.271044492989759e-07,0.0509222070897338,0.05092233419418335,1.271044495487761e-07,0.550166547836098,0.5501670837402344,5.35904136400589e-07,-7.65238846430606,-7.65238618850708,2.275798979489707e-06,5.10159230953737,5.101590812206268,1.4973311017740798e-06,5,5,1,1
1,76,157,recovery_4,0,0,0,0,0,0,0,1572864,0,0,0.0,0.0,0.0,0.0,0.0,0.0,0.0,0.0,0.0,0.0,0.0,0.0,-20.7526080906268,-20.752593994140625,1.4096486175674272e-05,13.8350720604179,13.8350830078125,1.0947394599725158e-05,-20.7526080906268,-20.752593994140625,1.4096486175674272e-05,13.8350720604179,13.8350830078125,1.0947394599725158e-05,-26.8745188966906,-26.87451708316803,1.8135225694493329e-06,17.9163459311271,17.91634476184845,1.1692786507921937e-06,0.49924433991353795,0.4992447348777205,3.949641825262695e-07,0.398911244408716,0.3989106062799692,6.381287467882579e-07,0.9490777921611271,0.9490776658058167,1.2635531043692083e-07,0.0509222078388733,0.05092233419418335,1.2635531004834277e-07,0.550166547752411,0.5501670837402344,5.359878233468507e-07,-7.65238846430606,-7.65238618850708,2.275798979489707e-06,5.10159230953737,5.101590812206268,1.4973311017740798e-06,5,5,1,1
1,77,158,q_zero,3277,-1638,-1638,0,1966080,32768,32768,1572864,0,1,0.1,0.100006103515625,6.103515624994449e-06,0.0,0.0,0.0,0.1,0.100006103515625,6.103515624994449e-06,0.0,0.0,0.0,-21.4177912038294,-21.417816162109375,2.4958279976061704e-05,0.0,0.0,0.0,-21.4177912038294,-21.417816162109375,2.4958279976061704e-05,0.0,0.0,0.0,-21.4177912038294,-21.417816519737244,2.5315907844714047e-05,0.0,0.0,0.0,-0.0,0.0,0.0,0.669305975119669,0.669306755065918,7.799462489188613e-07,0.8346529875598341,0.834653377532959,3.899731249035199e-07,0.165347012440166,0.16534662246704102,3.899731249867866e-07,0.165347012440166,0.16534662246704102,3.899731249867866e-07,-6.12191080606379,-6.121909022331238,1.783732551885464e-06,4.08127387070919,4.081272721290588,1.1494186011873353e-06,4,4,1,1
1,78,159,reset_after_sat,0,0,0,0,0,655360,655360,1572864,1,0,0.0,0.0,0.0,0.0,0.0,0.0,0.0,0.0,0.0,0.0,0.0,0.0,0.0,0.0,0.0,0.0,0.0,0.0,0.0,0.0,0.0,0.0,0.0,0.0,0.0,0.0,0.0,0.0,0.0,0.0,0.0,0.0,0.0,-0.0,0.0,0.0,0.5,0.5,0.0,0.5,0.5,0.0,0.5,0.5,0.0,0.0,0.0,0.0,0.0,0.0,0.0,2,2,0,0
1,79,160,release,0,0,0,0,0,6554,-6554,1572864,0,0,0.0,0.0,0.0,0.0,0.0,0.0,0.0,0.0,0.0,0.0,0.0,0.0,0.8725,0.87255859375,5.859374999994671e-05,-0.8725,-0.87255859375,5.859374999994671e-05,0.8725,0.87255859375,5.859374999994671e-05,-0.8725,-0.87255859375,5.859374999994671e-05,0.8725,0.8725532293319702,5.322933197016155e-05,-0.8725,-0.8725532293319702,5.322933197016155e-05,0.0115242708333333,0.011525044683367014,7.738500337143434e-07,0.0314845260416667,0.03148664045147598,2.114409809281237e-06,0.4784956015625,0.47849416732788086,1.434234619124286e-06,0.5215043984375,0.5215058326721191,1.4342346191797972e-06,0.49001987239583306,0.49001920223236084,6.701634722161565e-07,0.0,0.0,0.0,0.0,0.0,0.0,2,2,0,0
