model,signal,minimum,maximum,word_length,fraction_length,minimum_storage_headroom
original,iq_ref,-1,1,NaN,NaN,NaN
original,iq_unlimited,-2.5,2.5,NaN,NaN,NaN
original,integrator,-0.5,0.5,NaN,NaN,NaN
original,saturation,0,1,NaN,NaN,NaN
original,integrator_next,-0.5,0.5,NaN,NaN,NaN
original,previous_excess,-1.5,1.5,NaN,NaN,NaN
original,excess_next,-1.5,1.5,NaN,NaN,NaN
original,hard_reset,0,1,NaN,NaN,NaN
original,int_reset,0,1,NaN,NaN,NaN
original,iq_limited,-1,1,NaN,NaN,NaN
original,error,-110.904859786501,110.904859786501,NaN,NaN,NaN
original,P,-2,2,NaN,NaN,NaN
original,KiTs,-0.16,0.16,NaN,NaN,NaN
original,AW,-0.12,0.12,NaN,NaN,NaN
float,iq_ref,-1,1,NaN,NaN,NaN
float,iq_unlimited,-2.5,2.5,NaN,NaN,NaN
float,integrator,-0.5,0.5,NaN,NaN,NaN
float,saturation,0,1,NaN,NaN,NaN
float,integrator_next,-0.5,0.5,NaN,NaN,NaN
float,previous_excess,-1.5,1.5,NaN,NaN,NaN
float,excess_next,-1.5,1.5,NaN,NaN,NaN
float,hard_reset,0,1,NaN,NaN,NaN
float,int_reset,0,1,NaN,NaN,NaN
float,iq_limited,-1,1,NaN,NaN,NaN
float,error,-110.904859786501,110.904859786501,NaN,NaN,NaN
float,P,-2,2,NaN,NaN,NaN
float,KiTs,-0.16,0.16,NaN,NaN,NaN
float,AW,-0.12,0.12,NaN,NaN,NaN
b1,iq_ref,-1,1,25,15,510.999969482422
b1,iq_unlimited,-2.49999997671694,2.49999997671694,42,30,2045.50000002235
b1,integrator,-0.5,0.5,32,30,1.49999999906868
b1,saturation,0,1,NaN,NaN,NaN
b1,integrator_next,-0.5,0.5,32,30,1.49999999906868
b1,previous_excess,-1.49999997671694,1.49999997671694,40,30,510.500000022352
b1,excess_next,-1.49999997671694,1.49999997671694,40,30,510.500000022352
b1,hard_reset,0,1,NaN,NaN,NaN
b1,int_reset,0,1,NaN,NaN,NaN
b1,iq_limited,-1,1,42,30,2046.99999999907
b1,error,-110.904859542847,110.904859542847,33,20,3985.09513950348
b1,P,-1.99999997671694,1.99999997671694,40,30,510.000000022352
b1,KiTs,-0.160000030882657,0.160000030882657,40,30,511.839999968186
b1,AW,-0.119999998249114,0.119999998249114,40,30,511.88000000082
b2,iq_ref,-1,1,25,15,510.999969482422
b2,iq_unlimited,-2.50000381469727,2.50000381469727,30,18,2045.49999237061
b2,integrator,-0.5,0.5,20,18,1.49999618530273
b2,saturation,0,1,NaN,NaN,NaN
b2,integrator_next,-0.5,0.5,20,18,1.49999618530273
b2,previous_excess,-1.50000381469727,1.50000381469727,28,18,510.499992370605
b2,excess_next,-1.50000381469727,1.50000381469727,28,18,510.499992370605
b2,hard_reset,0,1,NaN,NaN,NaN
b2,int_reset,0,1,NaN,NaN,NaN
b2,iq_limited,-1,1,30,18,2046.9999961853
b2,error,-110.904861450195,110.904861450195,29,16,3985.09512329102
b2,P,-2.00000381469727,2.00000381469727,28,18,509.999992370605
b2,KiTs,-0.159999847412109,0.159999847412109,28,18,511.839996337891
b2,AW,-0.119998931884766,0.119998931884766,28,18,511.879997253418
