source_time_s,source_observed_time_s,shadow_result_observed_time_s,shadow_input_acceptance_cycle,shadow_result_cycle
0.0009,0.000901,0.000901,45001,45002
0.0019,0.001901,0.001901,95001,95002
0.0029,0.002901,0.002901,145001,145002
0.0039,0.003901,0.003901,195001,195002
0.0049,0.004901,0.004901,245001,245002
0.0059,0.005901,0.005901,295001,295002
0.0069,0.006901,0.006901,345001,345002
0.0079,0.007901,0.007901,395001,395002
0.0089,0.008901,0.008901,445001,445002
0.0099,0.009901,0.009901,495001,495002
0.0109,0.010901,0.010901,545001,545002
0.0119,0.011901,0.011901,595001,595002
0.0129,0.012901,0.012901,645001,645002
0.0139,0.013901,0.013901,695001,695002
0.0149,0.014901,0.014901,745001,745002
0.0159,0.015901,0.015901,795001,795002
0.0169,0.016901,0.016901,845001,845002
0.0179,0.017901,0.017901,895001,895002
0.0189,0.018901,0.018901,945001,945002
0.0199,0.019901,0.019901,995001,995002
0.0209,0.020901,0.020901,1045001,1045002
0.0219,0.021901,0.021901,1095001,1095002
0.0229,0.022901,0.022901,1145001,1145002
0.0239,0.023901,0.023901,1195001,1195002
0.0249,0.024901,0.024901,1245001,1245002
0.0259,0.025901,0.025901,1295001,1295002
0.0269,0.026901,0.026901,1345001,1345002
0.0279,0.027901,0.027901,1395001,1395002
0.0289,0.028901,0.028901,1445001,1445002
0.0299,0.029901,0.029901,1495001,1495002
0.0309,0.030901,0.030901,1545001,1545002
0.0319,0.031901,0.031901,1595001,1595002
0.0329,0.032901,0.032901,1645001,1645002
0.0339,0.033901,0.033901,1695001,1695002
0.0349,0.034901,0.034901,1745001,1745002
0.0359,0.035901,0.035901,1795001,1795002
0.0369,0.036901,0.036901,1845001,1845002
0.0379,0.037901,0.037901,1895001,1895002
0.0389,0.038901,0.038901,1945001,1945002
0.0399,0.039901,0.039901,1995001,1995002
0.0409,0.040901,0.040901,2045001,2045002
0.0419,0.041901,0.041901,2095001,2095002
0.0429,0.042901,0.042901,2145001,2145002
0.0439,0.043901,0.043901,2195001,2195002
0.0449,0.044901,0.044901,2245001,2245002
0.0459,0.045901,0.045901,2295001,2295002
0.0469,0.046901,0.046901,2345001,2345002
0.0479,0.047901,0.047901,2395001,2395002
0.0489,0.048901,0.048901,2445001,2445002
0.0499,0.049901,0.049901,2495001,2495002
0.0509,0.050901,0.050901,2545001,2545002
0.0519,0.051901,0.051901,2595001,2595002
0.0529,0.052901,0.052901,2645001,2645002
0.0539,0.053901,0.053901,2695001,2695002
0.0549,0.054901,0.054901,2745001,2745002
0.0559,0.055901,0.055901,2795001,2795002
0.0569,0.056901,0.056901,2845001,2845002
0.0579,0.057901,0.057901,2895001,2895002
0.0589,0.058901,0.058901,2945001,2945002
0.0599,0.059901,0.059901,2995001,2995002
0.0609,0.060901,0.060901,3045001,3045002
0.0619,0.061901,0.061901,3095001,3095002
0.0629,0.062901,0.062901,3145001,3145002
0.0639,0.063901,0.063901,3195001,3195002
0.0649,0.064901,0.064901,3245001,3245002
0.0659,0.065901,0.065901,3295001,3295002
0.0669,0.066901,0.066901,3345001,3345002
0.0679,0.067901,0.067901,3395001,3395002
0.0689,0.068901,0.068901,3445001,3445002
0.0699,0.069901,0.069901,3495001,3495002
0.0709,0.070901,0.070901,3545001,3545002
0.0719,0.071901,0.071901,3595001,3595002
0.0729,0.072901,0.072901,3645001,3645002
0.0739,0.073901,0.073901,3695001,3695002
0.0749,0.074901,0.074901,3745001,3745002
0.0759,0.075901,0.075901,3795001,3795002
0.0769,0.076901,0.076901,3845001,3845002
0.0779,0.077901,0.077901,3895001,3895002
0.0789,0.078901,0.078901,3945001,3945002
0.0799,0.079901,0.079901,3995001,3995002
0.0809,0.080901,0.080901,4045001,4045002
0.0819,0.081901,0.081901,4095001,4095002
0.0829,0.082901,0.082901,4145001,4145002
0.0839,0.083901,0.083901,4195001,4195002
0.0849,0.084901,0.084901,4245001,4245002
0.0859,0.085901,0.085901,4295001,4295002
0.0869,0.086901,0.086901,4345001,4345002
0.0879,0.087901,0.087901,4395001,4395002
0.0889,0.088901,0.088901,4445001,4445002
0.0899,0.089901,0.089901,4495001,4495002
0.0909,0.090901,0.090901,4545001,4545002
0.0919,0.091901,0.091901,4595001,4595002
0.0929,0.092901,0.092901,4645001,4645002
0.0939,0.093901,0.093901,4695001,4695002
0.0949,0.094901,0.094901,4745001,4745002
0.0959,0.095901,0.095901,4795001,4795002
0.0969,0.096901,0.096901,4845001,4845002
0.0979,0.097901,0.097901,4895001,4895002
0.0989,0.098901,0.098901,4945001,4945002
0.0999,0.099901,0.099901,4995001,4995002
0.1009,0.100901,0.100901,5045001,5045002
0.1019,0.101901,0.101901,5095001,5095002
0.1029,0.102901,0.102901,5145001,5145002
0.1039,0.103901,0.103901,5195001,5195002
0.1049,0.104901,0.104901,5245001,5245002
0.1059,0.105901,0.105901,5295001,5295002
0.1069,0.106901,0.106901,5345001,5345002
0.1079,0.107901,0.107901,5395001,5395002
0.1089,0.108901,0.108901,5445001,5445002
0.1099,0.109901,0.109901,5495001,5495002
0.1109,0.110901,0.110901,5545001,5545002
0.1119,0.111901,0.111901,5595001,5595002
0.1129,0.112901,0.112901,5645001,5645002
0.1139,0.113901,0.113901,5695001,5695002
0.1149,0.114901,0.114901,5745001,5745002
0.1159,0.115901,0.115901,5795001,5795002
0.1169,0.116901,0.116901,5845001,5845002
0.1179,0.117901,0.117901,5895001,5895002
0.1189,0.118901,0.118901,5945001,5945002
0.1199,0.119901,0.119901,5995001,5995002
0.1209,0.120901,0.120901,6045001,6045002
0.1219,0.121901,0.121901,6095001,6095002
0.1229,0.122901,0.122901,6145001,6145002
0.1239,0.123901,0.123901,6195001,6195002
0.1249,0.124901,0.124901,6245001,6245002
0.1259,0.125901,0.125901,6295001,6295002
0.1269,0.126901,0.126901,6345001,6345002
0.1279,0.127901,0.127901,6395001,6395002
0.1289,0.128901,0.128901,6445001,6445002
0.1299,0.129901,0.129901,6495001,6495002
0.1309,0.130901,0.130901,6545001,6545002
0.1319,0.131901,0.131901,6595001,6595002
0.1329,0.132901,0.132901,6645001,6645002
0.1339,0.133901,0.133901,6695001,6695002
0.1349,0.134901,0.134901,6745001,6745002
0.1359,0.135901,0.135901,6795001,6795002
0.1369,0.136901,0.136901,6845001,6845002
0.1379,0.137901,0.137901,6895001,6895002
0.1389,0.138901,0.138901,6945001,6945002
0.1399,0.139901,0.139901,6995001,6995002
0.1409,0.140901,0.140901,7045001,7045002
0.1419,0.141901,0.141901,7095001,7095002
0.1429,0.142901,0.142901,7145001,7145002
0.1439,0.143901,0.143901,7195001,7195002
0.1449,0.144901,0.144901,7245001,7245002
0.1459,0.145901,0.145901,7295001,7295002
0.1469,0.146901,0.146901,7345001,7345002
0.1479,0.147901,0.147901,7395001,7395002
0.1489,0.148901,0.148901,7445001,7445002
0.1499,0.149901,0.149901,7495001,7495002
0.1509,0.150901,0.150901,7545001,7545002
0.1519,0.151901,0.151901,7595001,7595002
0.1529,0.152901,0.152901,7645001,7645002
0.1539,0.153901,0.153901,7695001,7695002
0.1549,0.154901,0.154901,7745001,7745002
0.1559,0.155901,0.155901,7795001,7795002
0.1569,0.156901,0.156901,7845001,7845002
0.1579,0.157901,0.157901,7895001,7895002
0.1589,0.158901,0.158901,7945001,7945002
0.1599,0.159901,0.159901,7995001,7995002
0.1609,0.160901,0.160901,8045001,8045002
0.1619,0.161901,0.161901,8095001,8095002
0.1629,0.162901,0.162901,8145001,8145002
0.1639,0.163901,0.163901,8195001,8195002
0.1649,0.164901,0.164901,8245001,8245002
0.1659,0.165901,0.165901,8295001,8295002
0.1669,0.166901,0.166901,8345001,8345002
0.1679,0.167901,0.167901,8395001,8395002
0.1689,0.168901,0.168901,8445001,8445002
0.1699,0.169901,0.169901,8495001,8495002
0.1709,0.170901,0.170901,8545001,8545002
0.1719,0.171901,0.171901,8595001,8595002
0.1729,0.172901,0.172901,8645001,8645002
0.1739,0.173901,0.173901,8695001,8695002
0.1749,0.174901,0.174901,8745001,8745002
0.1759,0.175901,0.175901,8795001,8795002
0.1769,0.176901,0.176901,8845001,8845002
0.1779,0.177901,0.177901,8895001,8895002
0.1789,0.178901,0.178901,8945001,8945002
0.1799,0.179901,0.179901,8995001,8995002
0.1809,0.180901,0.180901,9045001,9045002
0.1819,0.181901,0.181901,9095001,9095002
0.1829,0.182901,0.182901,9145001,9145002
0.1839,0.183901,0.183901,9195001,9195002
0.1849,0.184901,0.184901,9245001,9245002
0.1859,0.185901,0.185901,9295001,9295002
0.1869,0.186901,0.186901,9345001,9345002
0.1879,0.187901,0.187901,9395001,9395002
0.1889,0.188901,0.188901,9445001,9445002
0.1899,0.189901,0.189901,9495001,9495002
0.1909,0.190901,0.190901,9545001,9545002
0.1919,0.191901,0.191901,9595001,9595002
0.1929,0.192901,0.192901,9645001,9645002
0.1939,0.193901,0.193901,9695001,9695002
0.1949,0.194901,0.194901,9745001,9745002
0.1959,0.195901,0.195901,9795001,9795002
0.1969,0.196901,0.196901,9845001,9845002
0.1979,0.197901,0.197901,9895001,9895002
0.1989,0.198901,0.198901,9945001,9945002
0.1999,0.199901,0.199901,9995001,9995002
0.2009,0.200901,0.200901,10045001,10045002
0.2019,0.201901,0.201901,10095001,10095002
0.2029,0.202901,0.202901,10145001,10145002
0.2039,0.203901,0.203901,10195001,10195002
0.2049,0.204901,0.204901,10245001,10245002
0.2059,0.205901,0.205901,10295001,10295002
0.2069,0.206901,0.206901,10345001,10345002
0.2079,0.207901,0.207901,10395001,10395002
0.2089,0.208901,0.208901,10445001,10445002
0.2099,0.209901,0.209901,10495001,10495002
0.2109,0.210901,0.210901,10545001,10545002
0.2119,0.211901,0.211901,10595001,10595002
0.2129,0.212901,0.212901,10645001,10645002
0.2139,0.213901,0.213901,10695001,10695002
0.2149,0.214901,0.214901,10745001,10745002
0.2159,0.215901,0.215901,10795001,10795002
0.2169,0.216901,0.216901,10845001,10845002
0.2179,0.217901,0.217901,10895001,10895002
0.2189,0.218901,0.218901,10945001,10945002
0.2199,0.219901,0.219901,10995001,10995002
0.2209,0.220901,0.220901,11045001,11045002
0.2219,0.221901,0.221901,11095001,11095002
0.2229,0.222901,0.222901,11145001,11145002
0.2239,0.223901,0.223901,11195001,11195002
0.2249,0.224901,0.224901,11245001,11245002
0.2259,0.225901,0.225901,11295001,11295002
0.2269,0.226901,0.226901,11345001,11345002
0.2279,0.227901,0.227901,11395001,11395002
0.2289,0.228901,0.228901,11445001,11445002
0.2299,0.229901,0.229901,11495001,11495002
0.2309,0.230901,0.230901,11545001,11545002
0.2319,0.231901,0.231901,11595001,11595002
0.2329,0.232901,0.232901,11645001,11645002
0.2339,0.233901,0.233901,11695001,11695002
0.2349,0.234901,0.234901,11745001,11745002
0.2359,0.235901,0.235901,11795001,11795002
0.2369,0.236901,0.236901,11845001,11845002
0.2379,0.237901,0.237901,11895001,11895002
0.2389,0.238901,0.238901,11945001,11945002
0.2399,0.239901,0.239901,11995001,11995002
0.2409,0.240901,0.240901,12045001,12045002
0.2419,0.241901,0.241901,12095001,12095002
0.2429,0.242901,0.242901,12145001,12145002
0.2439,0.243901,0.243901,12195001,12195002
0.2449,0.244901,0.244901,12245001,12245002
0.2459,0.245901,0.245901,12295001,12295002
0.2469,0.246901,0.246901,12345001,12345002
0.2479,0.247901,0.247901,12395001,12395002
0.2489,0.248901,0.248901,12445001,12445002
0.2499,0.249901,0.249901,12495001,12495002
0.2509,0.250901,0.250901,12545001,12545002
0.2519,0.251901,0.251901,12595001,12595002
0.2529,0.252901,0.252901,12645001,12645002
0.2539,0.253901,0.253901,12695001,12695002
0.2549,0.254901,0.254901,12745001,12745002
0.2559,0.255901,0.255901,12795001,12795002
0.2569,0.256901,0.256901,12845001,12845002
0.2579,0.257901,0.257901,12895001,12895002
0.2589,0.258901,0.258901,12945001,12945002
0.2599,0.259901,0.259901,12995001,12995002
0.2609,0.260901,0.260901,13045001,13045002
0.2619,0.261901,0.261901,13095001,13095002
0.2629,0.262901,0.262901,13145001,13145002
0.2639,0.263901,0.263901,13195001,13195002
0.2649,0.264901,0.264901,13245001,13245002
0.2659,0.265901,0.265901,13295001,13295002
0.2669,0.266901,0.266901,13345001,13345002
0.2679,0.267901,0.267901,13395001,13395002
0.2689,0.268901,0.268901,13445001,13445002
0.2699,0.269901,0.269901,13495001,13495002
0.2709,0.270901,0.270901,13545001,13545002
0.2719,0.271901,0.271901,13595001,13595002
0.2729,0.272901,0.272901,13645001,13645002
0.2739,0.273901,0.273901,13695001,13695002
0.2749,0.274901,0.274901,13745001,13745002
0.2759,0.275901,0.275901,13795001,13795002
0.2769,0.276901,0.276901,13845001,13845002
0.2779,0.277901,0.277901,13895001,13895002
0.2789,0.278901,0.278901,13945001,13945002
0.2799,0.279901,0.279901,13995001,13995002
0.2809,0.280901,0.280901,14045001,14045002
0.2819,0.281901,0.281901,14095001,14095002
0.2829,0.282901,0.282901,14145001,14145002
0.2839,0.283901,0.283901,14195001,14195002
0.2849,0.284901,0.284901,14245001,14245002
0.2859,0.285901,0.285901,14295001,14295002
0.2869,0.286901,0.286901,14345001,14345002
0.2879,0.287901,0.287901,14395001,14395002
0.2889,0.288901,0.288901,14445001,14445002
0.2899,0.289901,0.289901,14495001,14495002
0.2909,0.290901,0.290901,14545001,14545002
0.2919,0.291901,0.291901,14595001,14595002
0.2929,0.292901,0.292901,14645001,14645002
0.2939,0.293901,0.293901,14695001,14695002
0.2949,0.294901,0.294901,14745001,14745002
0.2959,0.295901,0.295901,14795001,14795002
0.2969,0.296901,0.296901,14845001,14845002
0.2979,0.297901,0.297901,14895001,14895002
0.2989,0.298901,0.298901,14945001,14945002
0.2999,0.299901,0.299901,14995001,14995002
0.3009,0.300901,0.300901,15045001,15045002
0.3019,0.301901,0.301901,15095001,15095002
0.3029,0.302901,0.302901,15145001,15145002
0.3039,0.303901,0.303901,15195001,15195002
0.3049,0.304901,0.304901,15245001,15245002
0.3059,0.305901,0.305901,15295001,15295002
0.3069,0.306901,0.306901,15345001,15345002
0.3079,0.307901,0.307901,15395001,15395002
0.3089,0.308901,0.308901,15445001,15445002
0.3099,0.309901,0.309901,15495001,15495002
0.3109,0.310901,0.310901,15545001,15545002
0.3119,0.311901,0.311901,15595001,15595002
0.3129,0.312901,0.312901,15645001,15645002
0.3139,0.313901,0.313901,15695001,15695002
0.3149,0.314901,0.314901,15745001,15745002
0.3159,0.315901,0.315901,15795001,15795002
0.3169,0.316901,0.316901,15845001,15845002
0.3179,0.317901,0.317901,15895001,15895002
0.3189,0.318901,0.318901,15945001,15945002
0.3199,0.319901,0.319901,15995001,15995002
0.3209,0.320901,0.320901,16045001,16045002
0.3219,0.321901,0.321901,16095001,16095002
0.3229,0.322901,0.322901,16145001,16145002
0.3239,0.323901,0.323901,16195001,16195002
0.3249,0.324901,0.324901,16245001,16245002
0.3259,0.325901,0.325901,16295001,16295002
0.3269,0.326901,0.326901,16345001,16345002
0.3279,0.327901,0.327901,16395001,16395002
0.3289,0.328901,0.328901,16445001,16445002
0.3299,0.329901,0.329901,16495001,16495002
0.3309,0.330901,0.330901,16545001,16545002
0.3319,0.331901,0.331901,16595001,16595002
0.3329,0.332901,0.332901,16645001,16645002
0.3339,0.333901,0.333901,16695001,16695002
0.3349,0.334901,0.334901,16745001,16745002
0.3359,0.335901,0.335901,16795001,16795002
0.3369,0.336901,0.336901,16845001,16845002
0.3379,0.337901,0.337901,16895001,16895002
0.3389,0.338901,0.338901,16945001,16945002
0.3399,0.339901,0.339901,16995001,16995002
0.3409,0.340901,0.340901,17045001,17045002
0.3419,0.341901,0.341901,17095001,17095002
0.3429,0.342901,0.342901,17145001,17145002
0.3439,0.343901,0.343901,17195001,17195002
0.3449,0.344901,0.344901,17245001,17245002
0.3459,0.345901,0.345901,17295001,17295002
0.3469,0.346901,0.346901,17345001,17345002
0.3479,0.347901,0.347901,17395001,17395002
0.3489,0.348901,0.348901,17445001,17445002
0.3499,0.349901,0.349901,17495001,17495002
0.3509,0.350901,0.350901,17545001,17545002
0.3519,0.351901,0.351901,17595001,17595002
0.3529,0.352901,0.352901,17645001,17645002
0.3539,0.353901,0.353901,17695001,17695002
0.3549,0.354901,0.354901,17745001,17745002
0.3559,0.355901,0.355901,17795001,17795002
0.3569,0.356901,0.356901,17845001,17845002
0.3579,0.357901,0.357901,17895001,17895002
0.3589,0.358901,0.358901,17945001,17945002
0.3599,0.359901,0.359901,17995001,17995002
0.3609,0.360901,0.360901,18045001,18045002
0.3619,0.361901,0.361901,18095001,18095002
0.3629,0.362901,0.362901,18145001,18145002
0.3639,0.363901,0.363901,18195001,18195002
0.3649,0.364901,0.364901,18245001,18245002
0.3659,0.365901,0.365901,18295001,18295002
0.3669,0.366901,0.366901,18345001,18345002
0.3679,0.367901,0.367901,18395001,18395002
0.3689,0.368901,0.368901,18445001,18445002
0.3699,0.369901,0.369901,18495001,18495002
0.3709,0.370901,0.370901,18545001,18545002
0.3719,0.371901,0.371901,18595001,18595002
0.3729,0.372901,0.372901,18645001,18645002
0.3739,0.373901,0.373901,18695001,18695002
0.3749,0.374901,0.374901,18745001,18745002
0.3759,0.375901,0.375901,18795001,18795002
0.3769,0.376901,0.376901,18845001,18845002
0.3779,0.377901,0.377901,18895001,18895002
0.3789,0.378901,0.378901,18945001,18945002
0.3799,0.379901,0.379901,18995001,18995002
0.3809,0.380901,0.380901,19045001,19045002
0.3819,0.381901,0.381901,19095001,19095002
0.3829,0.382901,0.382901,19145001,19145002
0.3839,0.383901,0.383901,19195001,19195002
0.3849,0.384901,0.384901,19245001,19245002
0.3859,0.385901,0.385901,19295001,19295002
0.3869,0.386901,0.386901,19345001,19345002
0.3879,0.387901,0.387901,19395001,19395002
0.3889,0.388901,0.388901,19445001,19445002
0.3899,0.389901,0.389901,19495001,19495002
0.3909,0.390901,0.390901,19545001,19545002
0.3919,0.391901,0.391901,19595001,19595002
0.3929,0.392901,0.392901,19645001,19645002
0.3939,0.393901,0.393901,19695001,19695002
0.3949,0.394901,0.394901,19745001,19745002
0.3959,0.395901,0.395901,19795001,19795002
0.3969,0.396901,0.396901,19845001,19845002
0.3979,0.397901,0.397901,19895001,19895002
0.3989,0.398901,0.398901,19945001,19945002
0.3999,0.399901,0.399901,19995001,19995002
0.4009,0.400901,0.400901,20045001,20045002
0.4019,0.401901,0.401901,20095001,20095002
0.4029,0.402901,0.402901,20145001,20145002
0.4039,0.403901,0.403901,20195001,20195002
0.4049,0.404901,0.404901,20245001,20245002
0.4059,0.405901,0.405901,20295001,20295002
0.4069,0.406901,0.406901,20345001,20345002
0.4079,0.407901,0.407901,20395001,20395002
0.4089,0.408901,0.408901,20445001,20445002
0.4099,0.409901,0.409901,20495001,20495002
0.4109,0.410901,0.410901,20545001,20545002
0.4119,0.411901,0.411901,20595001,20595002
0.4129,0.412901,0.412901,20645001,20645002
0.4139,0.413901,0.413901,20695001,20695002
0.4149,0.414901,0.414901,20745001,20745002
0.4159,0.415901,0.415901,20795001,20795002
0.4169,0.416901,0.416901,20845001,20845002
0.4179,0.417901,0.417901,20895001,20895002
0.4189,0.418901,0.418901,20945001,20945002
0.4199,0.419901,0.419901,20995001,20995002
0.4209,0.420901,0.420901,21045001,21045002
0.4219,0.421901,0.421901,21095001,21095002
0.4229,0.422901,0.422901,21145001,21145002
0.4239,0.423901,0.423901,21195001,21195002
0.4249,0.424901,0.424901,21245001,21245002
0.4259,0.425901,0.425901,21295001,21295002
0.4269,0.426901,0.426901,21345001,21345002
0.4279,0.427901,0.427901,21395001,21395002
0.4289,0.428901,0.428901,21445001,21445002
0.4299,0.429901,0.429901,21495001,21495002
0.4309,0.430901,0.430901,21545001,21545002
0.4319,0.431901,0.431901,21595001,21595002
0.4329,0.432901,0.432901,21645001,21645002
0.4339,0.433901,0.433901,21695001,21695002
0.4349,0.434901,0.434901,21745001,21745002
0.4359,0.435901,0.435901,21795001,21795002
0.4369,0.436901,0.436901,21845001,21845002
0.4379,0.437901,0.437901,21895001,21895002
0.4389,0.438901,0.438901,21945001,21945002
0.4399,0.439901,0.439901,21995001,21995002
0.4409,0.440901,0.440901,22045001,22045002
0.4419,0.441901,0.441901,22095001,22095002
0.4429,0.442901,0.442901,22145001,22145002
0.4439,0.443901,0.443901,22195001,22195002
0.4449,0.444901,0.444901,22245001,22245002
0.4459,0.445901,0.445901,22295001,22295002
0.4469,0.446901,0.446901,22345001,22345002
0.4479,0.447901,0.447901,22395001,22395002
0.4489,0.448901,0.448901,22445001,22445002
0.4499,0.449901,0.449901,22495001,22495002
0.4509,0.450901,0.450901,22545001,22545002
0.4519,0.451901,0.451901,22595001,22595002
0.4529,0.452901,0.452901,22645001,22645002
0.4539,0.453901,0.453901,22695001,22695002
0.4549,0.454901,0.454901,22745001,22745002
0.4559,0.455901,0.455901,22795001,22795002
0.4569,0.456901,0.456901,22845001,22845002
0.4579,0.457901,0.457901,22895001,22895002
0.4589,0.458901,0.458901,22945001,22945002
0.4599,0.459901,0.459901,22995001,22995002
0.4609,0.460901,0.460901,23045001,23045002
0.4619,0.461901,0.461901,23095001,23095002
0.4629,0.462901,0.462901,23145001,23145002
0.4639,0.463901,0.463901,23195001,23195002
0.4649,0.464901,0.464901,23245001,23245002
0.4659,0.465901,0.465901,23295001,23295002
0.4669,0.466901,0.466901,23345001,23345002
0.4679,0.467901,0.467901,23395001,23395002
0.4689,0.468901,0.468901,23445001,23445002
0.4699,0.469901,0.469901,23495001,23495002
0.4709,0.470901,0.470901,23545001,23545002
0.4719,0.471901,0.471901,23595001,23595002
0.4729,0.472901,0.472901,23645001,23645002
0.4739,0.473901,0.473901,23695001,23695002
0.4749,0.474901,0.474901,23745001,23745002
0.4759,0.475901,0.475901,23795001,23795002
0.4769,0.476901,0.476901,23845001,23845002
0.4779,0.477901,0.477901,23895001,23895002
0.4789,0.478901,0.478901,23945001,23945002
0.4799,0.479901,0.479901,23995001,23995002
0.4809,0.480901,0.480901,24045001,24045002
0.4819,0.481901,0.481901,24095001,24095002
0.4829,0.482901,0.482901,24145001,24145002
0.4839,0.483901,0.483901,24195001,24195002
0.4849,0.484901,0.484901,24245001,24245002
0.4859,0.485901,0.485901,24295001,24295002
0.4869,0.486901,0.486901,24345001,24345002
0.4879,0.487901,0.487901,24395001,24395002
0.4889,0.488901,0.488901,24445001,24445002
0.4899,0.489901,0.489901,24495001,24495002
0.4909,0.490901,0.490901,24545001,24545002
0.4919,0.491901,0.491901,24595001,24595002
0.4929,0.492901,0.492901,24645001,24645002
0.4939,0.493901,0.493901,24695001,24695002
0.4949,0.494901,0.494901,24745001,24745002
0.4959,0.495901,0.495901,24795001,24795002
0.4969,0.496901,0.496901,24845001,24845002
0.4979,0.497901,0.497901,24895001,24895002
0.4989,0.498901,0.498901,24945001,24945002
0.4999,0.499901,0.499901,24995001,24995002
0.5009,0.500901,0.500901,25045001,25045002
0.5019,0.501901,0.501901,25095001,25095002
0.5029,0.502901,0.502901,25145001,25145002
0.5039,0.503901,0.503901,25195001,25195002
0.5049,0.504901,0.504901,25245001,25245002
0.5059,0.505901,0.505901,25295001,25295002
0.5069,0.506901,0.506901,25345001,25345002
0.5079,0.507901,0.507901,25395001,25395002
0.5089,0.508901,0.508901,25445001,25445002
0.5099,0.509901,0.509901,25495001,25495002
0.5109,0.510901,0.510901,25545001,25545002
0.5119,0.511901,0.511901,25595001,25595002
0.5129,0.512901,0.512901,25645001,25645002
0.5139,0.513901,0.513901,25695001,25695002
0.5149,0.514901,0.514901,25745001,25745002
0.5159,0.515901,0.515901,25795001,25795002
0.5169,0.516901,0.516901,25845001,25845002
0.5179,0.517901,0.517901,25895001,25895002
0.5189,0.518901,0.518901,25945001,25945002
0.5199,0.519901,0.519901,25995001,25995002
0.5209,0.520901,0.520901,26045001,26045002
0.5219,0.521901,0.521901,26095001,26095002
0.5229,0.522901,0.522901,26145001,26145002
0.5239,0.523901,0.523901,26195001,26195002
0.5249,0.524901,0.524901,26245001,26245002
0.5259,0.525901,0.525901,26295001,26295002
0.5269,0.526901,0.526901,26345001,26345002
0.5279,0.527901,0.527901,26395001,26395002
0.5289,0.528901,0.528901,26445001,26445002
0.5299,0.529901,0.529901,26495001,26495002
0.5309,0.530901,0.530901,26545001,26545002
0.5319,0.531901,0.531901,26595001,26595002
0.5329,0.532901,0.532901,26645001,26645002
0.5339,0.533901,0.533901,26695001,26695002
0.5349,0.534901,0.534901,26745001,26745002
0.5359,0.535901,0.535901,26795001,26795002
0.5369,0.536901,0.536901,26845001,26845002
0.5379,0.537901,0.537901,26895001,26895002
0.5389,0.538901,0.538901,26945001,26945002
0.5399,0.539901,0.539901,26995001,26995002
0.5409,0.540901,0.540901,27045001,27045002
0.5419,0.541901,0.541901,27095001,27095002
0.5429,0.542901,0.542901,27145001,27145002
0.5439,0.543901,0.543901,27195001,27195002
0.5449,0.544901,0.544901,27245001,27245002
0.5459,0.545901,0.545901,27295001,27295002
0.5469,0.546901,0.546901,27345001,27345002
0.5479,0.547901,0.547901,27395001,27395002
0.5489,0.548901,0.548901,27445001,27445002
0.5499,0.549901,0.549901,27495001,27495002
0.5509,0.550901,0.550901,27545001,27545002
0.5519,0.551901,0.551901,27595001,27595002
0.5529,0.552901,0.552901,27645001,27645002
0.5539,0.553901,0.553901,27695001,27695002
0.5549,0.554901,0.554901,27745001,27745002
0.5559,0.555901,0.555901,27795001,27795002
0.5569,0.556901,0.556901,27845001,27845002
0.5579,0.557901,0.557901,27895001,27895002
0.5589,0.558901,0.558901,27945001,27945002
0.5599,0.559901,0.559901,27995001,27995002
0.5609,0.560901,0.560901,28045001,28045002
0.5619,0.561901,0.561901,28095001,28095002
0.5629,0.562901,0.562901,28145001,28145002
0.5639,0.563901,0.563901,28195001,28195002
0.5649,0.564901,0.564901,28245001,28245002
0.5659,0.565901,0.565901,28295001,28295002
0.5669,0.566901,0.566901,28345001,28345002
0.5679,0.567901,0.567901,28395001,28395002
0.5689,0.568901,0.568901,28445001,28445002
0.5699,0.569901,0.569901,28495001,28495002
0.5709,0.570901,0.570901,28545001,28545002
0.5719,0.571901,0.571901,28595001,28595002
0.5729,0.572901,0.572901,28645001,28645002
0.5739,0.573901,0.573901,28695001,28695002
0.5749,0.574901,0.574901,28745001,28745002
0.5759,0.575901,0.575901,28795001,28795002
0.5769,0.576901,0.576901,28845001,28845002
0.5779,0.577901,0.577901,28895001,28895002
0.5789,0.578901,0.578901,28945001,28945002
0.5799,0.579901,0.579901,28995001,28995002
0.5809,0.580901,0.580901,29045001,29045002
0.5819,0.581901,0.581901,29095001,29095002
0.5829,0.582901,0.582901,29145001,29145002
0.5839,0.583901,0.583901,29195001,29195002
0.5849,0.584901,0.584901,29245001,29245002
0.5859,0.585901,0.585901,29295001,29295002
0.5869,0.586901,0.586901,29345001,29345002
0.5879,0.587901,0.587901,29395001,29395002
0.5889,0.588901,0.588901,29445001,29445002
0.5899,0.589901,0.589901,29495001,29495002
0.5909,0.590901,0.590901,29545001,29545002
0.5919,0.591901,0.591901,29595001,29595002
0.5929,0.592901,0.592901,29645001,29645002
0.5939,0.593901,0.593901,29695001,29695002
0.5949,0.594901,0.594901,29745001,29745002
0.5959,0.595901,0.595901,29795001,29795002
0.5969,0.596901,0.596901,29845001,29845002
0.5979,0.597901,0.597901,29895001,29895002
0.5989,0.598901,0.598901,29945001,29945002
0.5999,0.599901,0.599901,29995001,29995002
0.6009,0.600901,0.600901,30045001,30045002
0.6019,0.601901,0.601901,30095001,30095002
0.6029,0.602901,0.602901,30145001,30145002
0.6039,0.603901,0.603901,30195001,30195002
0.6049,0.604901,0.604901,30245001,30245002
0.6059,0.605901,0.605901,30295001,30295002
0.6069,0.606901,0.606901,30345001,30345002
0.6079,0.607901,0.607901,30395001,30395002
0.6089,0.608901,0.608901,30445001,30445002
0.6099,0.609901,0.609901,30495001,30495002
0.6109,0.610901,0.610901,30545001,30545002
0.6119,0.611901,0.611901,30595001,30595002
0.6129,0.612901,0.612901,30645001,30645002
0.6139,0.613901,0.613901,30695001,30695002
0.6149,0.614901,0.614901,30745001,30745002
0.6159,0.615901,0.615901,30795001,30795002
0.6169,0.616901,0.616901,30845001,30845002
0.6179,0.617901,0.617901,30895001,30895002
0.6189,0.618901,0.618901,30945001,30945002
0.6199,0.619901,0.619901,30995001,30995002
0.6209,0.620901,0.620901,31045001,31045002
0.6219,0.621901,0.621901,31095001,31095002
0.6229,0.622901,0.622901,31145001,31145002
0.6239,0.623901,0.623901,31195001,31195002
0.6249,0.624901,0.624901,31245001,31245002
0.6259,0.625901,0.625901,31295001,31295002
0.6269,0.626901,0.626901,31345001,31345002
0.6279,0.627901,0.627901,31395001,31395002
0.6289,0.628901,0.628901,31445001,31445002
0.6299,0.629901,0.629901,31495001,31495002
0.6309,0.630901,0.630901,31545001,31545002
0.6319,0.631901,0.631901,31595001,31595002
0.6329,0.632901,0.632901,31645001,31645002
0.6339,0.633901,0.633901,31695001,31695002
0.6349,0.634901,0.634901,31745001,31745002
0.6359,0.635901,0.635901,31795001,31795002
0.6369,0.636901,0.636901,31845001,31845002
0.6379,0.637901,0.637901,31895001,31895002
0.6389,0.638901,0.638901,31945001,31945002
0.6399,0.639901,0.639901,31995001,31995002
0.6409,0.640901,0.640901,32045001,32045002
0.6419,0.641901,0.641901,32095001,32095002
0.6429,0.642901,0.642901,32145001,32145002
0.6439,0.643901,0.643901,32195001,32195002
0.6449,0.644901,0.644901,32245001,32245002
0.6459,0.645901,0.645901,32295001,32295002
0.6469,0.646901,0.646901,32345001,32345002
0.6479,0.647901,0.647901,32395001,32395002
0.6489,0.648901,0.648901,32445001,32445002
0.6499,0.649901,0.649901,32495001,32495002
0.6509,0.650901,0.650901,32545001,32545002
0.6519,0.651901,0.651901,32595001,32595002
0.6529,0.652901,0.652901,32645001,32645002
0.6539,0.653901,0.653901,32695001,32695002
0.6549,0.654901,0.654901,32745001,32745002
0.6559,0.655901,0.655901,32795001,32795002
0.6569,0.656901,0.656901,32845001,32845002
0.6579,0.657901,0.657901,32895001,32895002
0.6589,0.658901,0.658901,32945001,32945002
0.6599,0.659901,0.659901,32995001,32995002
0.6609,0.660901,0.660901,33045001,33045002
0.6619,0.661901,0.661901,33095001,33095002
0.6629,0.662901,0.662901,33145001,33145002
0.6639,0.663901,0.663901,33195001,33195002
0.6649,0.664901,0.664901,33245001,33245002
0.6659,0.665901,0.665901,33295001,33295002
0.6669,0.666901,0.666901,33345001,33345002
0.6679,0.667901,0.667901,33395001,33395002
0.6689,0.668901,0.668901,33445001,33445002
0.6699,0.669901,0.669901,33495001,33495002
0.6709,0.670901,0.670901,33545001,33545002
0.6719,0.671901,0.671901,33595001,33595002
0.6729,0.672901,0.672901,33645001,33645002
0.6739,0.673901,0.673901,33695001,33695002
0.6749,0.674901,0.674901,33745001,33745002
0.6759,0.675901,0.675901,33795001,33795002
0.6769,0.676901,0.676901,33845001,33845002
0.6779,0.677901,0.677901,33895001,33895002
0.6789,0.678901,0.678901,33945001,33945002
0.6799,0.679901,0.679901,33995001,33995002
0.6809,0.680901,0.680901,34045001,34045002
0.6819,0.681901,0.681901,34095001,34095002
0.6829,0.682901,0.682901,34145001,34145002
0.6839,0.683901,0.683901,34195001,34195002
0.6849,0.684901,0.684901,34245001,34245002
0.6859,0.685901,0.685901,34295001,34295002
0.6869,0.686901,0.686901,34345001,34345002
0.6879,0.687901,0.687901,34395001,34395002
0.6889,0.688901,0.688901,34445001,34445002
0.6899,0.689901,0.689901,34495001,34495002
0.6909,0.690901,0.690901,34545001,34545002
0.6919,0.691901,0.691901,34595001,34595002
0.6929,0.692901,0.692901,34645001,34645002
0.6939,0.693901,0.693901,34695001,34695002
0.6949,0.694901,0.694901,34745001,34745002
0.6959,0.695901,0.695901,34795001,34795002
0.6969,0.696901,0.696901,34845001,34845002
0.6979,0.697901,0.697901,34895001,34895002
0.6989,0.698901,0.698901,34945001,34945002
0.6999,0.699901,0.699901,34995001,34995002
0.7009,0.700901,0.700901,35045001,35045002
0.7019,0.701901,0.701901,35095001,35095002
0.7029,0.702901,0.702901,35145001,35145002
0.7039,0.703901,0.703901,35195001,35195002
0.7049,0.704901,0.704901,35245001,35245002
0.7059,0.705901,0.705901,35295001,35295002
0.7069,0.706901,0.706901,35345001,35345002
0.7079,0.707901,0.707901,35395001,35395002
0.7089,0.708901,0.708901,35445001,35445002
0.7099,0.709901,0.709901,35495001,35495002
0.7109,0.710901,0.710901,35545001,35545002
0.7119,0.711901,0.711901,35595001,35595002
0.7129,0.712901,0.712901,35645001,35645002
0.7139,0.713901,0.713901,35695001,35695002
0.7149,0.714901,0.714901,35745001,35745002
0.7159,0.715901,0.715901,35795001,35795002
0.7169,0.716901,0.716901,35845001,35845002
0.7179,0.717901,0.717901,35895001,35895002
0.7189,0.718901,0.718901,35945001,35945002
0.7199,0.719901,0.719901,35995001,35995002
0.7209,0.720901,0.720901,36045001,36045002
0.7219,0.721901,0.721901,36095001,36095002
0.7229,0.722901,0.722901,36145001,36145002
0.7239,0.723901,0.723901,36195001,36195002
0.7249,0.724901,0.724901,36245001,36245002
0.7259,0.725901,0.725901,36295001,36295002
0.7269,0.726901,0.726901,36345001,36345002
0.7279,0.727901,0.727901,36395001,36395002
0.7289,0.728901,0.728901,36445001,36445002
0.7299,0.729901,0.729901,36495001,36495002
0.7309,0.730901,0.730901,36545001,36545002
0.7319,0.731901,0.731901,36595001,36595002
0.7329,0.732901,0.732901,36645001,36645002
0.7339,0.733901,0.733901,36695001,36695002
0.7349,0.734901,0.734901,36745001,36745002
0.7359,0.735901,0.735901,36795001,36795002
0.7369,0.736901,0.736901,36845001,36845002
0.7379,0.737901,0.737901,36895001,36895002
0.7389,0.738901,0.738901,36945001,36945002
0.7399,0.739901,0.739901,36995001,36995002
0.7409,0.740901,0.740901,37045001,37045002
0.7419,0.741901,0.741901,37095001,37095002
0.7429,0.742901,0.742901,37145001,37145002
0.7439,0.743901,0.743901,37195001,37195002
0.7449,0.744901,0.744901,37245001,37245002
0.7459,0.745901,0.745901,37295001,37295002
0.7469,0.746901,0.746901,37345001,37345002
0.7479,0.747901,0.747901,37395001,37395002
0.7489,0.748901,0.748901,37445001,37445002
0.7499,0.749901,0.749901,37495001,37495002
0.7509,0.750901,0.750901,37545001,37545002
0.7519,0.751901,0.751901,37595001,37595002
0.7529,0.752901,0.752901,37645001,37645002
0.7539,0.753901,0.753901,37695001,37695002
0.7549,0.754901,0.754901,37745001,37745002
0.7559,0.755901,0.755901,37795001,37795002
0.7569,0.756901,0.756901,37845001,37845002
0.7579,0.757901,0.757901,37895001,37895002
0.7589,0.758901,0.758901,37945001,37945002
0.7599,0.759901,0.759901,37995001,37995002
0.7609,0.760901,0.760901,38045001,38045002
0.7619,0.761901,0.761901,38095001,38095002
0.7629,0.762901,0.762901,38145001,38145002
0.7639,0.763901,0.763901,38195001,38195002
0.7649,0.764901,0.764901,38245001,38245002
0.7659,0.765901,0.765901,38295001,38295002
0.7669,0.766901,0.766901,38345001,38345002
0.7679,0.767901,0.767901,38395001,38395002
0.7689,0.768901,0.768901,38445001,38445002
0.7699,0.769901,0.769901,38495001,38495002
0.7709,0.770901,0.770901,38545001,38545002
0.7719,0.771901,0.771901,38595001,38595002
0.7729,0.772901,0.772901,38645001,38645002
0.7739,0.773901,0.773901,38695001,38695002
0.7749,0.774901,0.774901,38745001,38745002
0.7759,0.775901,0.775901,38795001,38795002
0.7769,0.776901,0.776901,38845001,38845002
0.7779,0.777901,0.777901,38895001,38895002
0.7789,0.778901,0.778901,38945001,38945002
0.7799,0.779901,0.779901,38995001,38995002
0.7809,0.780901,0.780901,39045001,39045002
0.7819,0.781901,0.781901,39095001,39095002
0.7829,0.782901,0.782901,39145001,39145002
0.7839,0.783901,0.783901,39195001,39195002
0.7849,0.784901,0.784901,39245001,39245002
0.7859,0.785901,0.785901,39295001,39295002
0.7869,0.786901,0.786901,39345001,39345002
0.7879,0.787901,0.787901,39395001,39395002
0.7889,0.788901,0.788901,39445001,39445002
0.7899,0.789901,0.789901,39495001,39495002
0.7909,0.790901,0.790901,39545001,39545002
0.7919,0.791901,0.791901,39595001,39595002
0.7929,0.792901,0.792901,39645001,39645002
0.7939,0.793901,0.793901,39695001,39695002
0.7949,0.794901,0.794901,39745001,39745002
0.7959,0.795901,0.795901,39795001,39795002
0.7969,0.796901,0.796901,39845001,39845002
0.7979,0.797901,0.797901,39895001,39895002
0.7989,0.798901,0.798901,39945001,39945002
0.7999,0.799901,0.799901,39995001,39995002
0.8009,0.800901,0.800901,40045001,40045002
0.8019,0.801901,0.801901,40095001,40095002
0.8029,0.802901,0.802901,40145001,40145002
0.8039,0.803901,0.803901,40195001,40195002
0.8049,0.804901,0.804901,40245001,40245002
0.8059,0.805901,0.805901,40295001,40295002
0.8069,0.806901,0.806901,40345001,40345002
0.8079,0.807901,0.807901,40395001,40395002
0.8089,0.808901,0.808901,40445001,40445002
0.8099,0.809901,0.809901,40495001,40495002
0.8109,0.810901,0.810901,40545001,40545002
0.8119,0.811901,0.811901,40595001,40595002
0.8129,0.812901,0.812901,40645001,40645002
0.8139,0.813901,0.813901,40695001,40695002
0.8149,0.814901,0.814901,40745001,40745002
0.8159,0.815901,0.815901,40795001,40795002
0.8169,0.816901,0.816901,40845001,40845002
0.8179,0.817901,0.817901,40895001,40895002
0.8189,0.818901,0.818901,40945001,40945002
0.8199,0.819901,0.819901,40995001,40995002
0.8209,0.820901,0.820901,41045001,41045002
0.8219,0.821901,0.821901,41095001,41095002
0.8229,0.822901,0.822901,41145001,41145002
0.8239,0.823901,0.823901,41195001,41195002
0.8249,0.824901,0.824901,41245001,41245002
0.8259,0.825901,0.825901,41295001,41295002
0.8269,0.826901,0.826901,41345001,41345002
0.8279,0.827901,0.827901,41395001,41395002
0.8289,0.828901,0.828901,41445001,41445002
0.8299,0.829901,0.829901,41495001,41495002
0.8309,0.830901,0.830901,41545001,41545002
0.8319,0.831901,0.831901,41595001,41595002
0.8329,0.832901,0.832901,41645001,41645002
0.8339,0.833901,0.833901,41695001,41695002
0.8349,0.834901,0.834901,41745001,41745002
0.8359,0.835901,0.835901,41795001,41795002
0.8369,0.836901,0.836901,41845001,41845002
0.8379,0.837901,0.837901,41895001,41895002
0.8389,0.838901,0.838901,41945001,41945002
0.8399,0.839901,0.839901,41995001,41995002
0.8409,0.840901,0.840901,42045001,42045002
0.8419,0.841901,0.841901,42095001,42095002
0.8429,0.842901,0.842901,42145001,42145002
0.8439,0.843901,0.843901,42195001,42195002
0.8449,0.844901,0.844901,42245001,42245002
0.8459,0.845901,0.845901,42295001,42295002
0.8469,0.846901,0.846901,42345001,42345002
0.8479,0.847901,0.847901,42395001,42395002
0.8489,0.848901,0.848901,42445001,42445002
0.8499,0.849901,0.849901,42495001,42495002
0.8509,0.850901,0.850901,42545001,42545002
0.8519,0.851901,0.851901,42595001,42595002
0.8529,0.852901,0.852901,42645001,42645002
0.8539,0.853901,0.853901,42695001,42695002
0.8549,0.854901,0.854901,42745001,42745002
0.8559,0.855901,0.855901,42795001,42795002
0.8569,0.856901,0.856901,42845001,42845002
0.8579,0.857901,0.857901,42895001,42895002
0.8589,0.858901,0.858901,42945001,42945002
0.8599,0.859901,0.859901,42995001,42995002
0.8609,0.860901,0.860901,43045001,43045002
0.8619,0.861901,0.861901,43095001,43095002
0.8629,0.862901,0.862901,43145001,43145002
0.8639,0.863901,0.863901,43195001,43195002
0.8649,0.864901,0.864901,43245001,43245002
0.8659,0.865901,0.865901,43295001,43295002
0.8669,0.866901,0.866901,43345001,43345002
0.8679,0.867901,0.867901,43395001,43395002
0.8689,0.868901,0.868901,43445001,43445002
0.8699,0.869901,0.869901,43495001,43495002
0.8709,0.870901,0.870901,43545001,43545002
0.8719,0.871901,0.871901,43595001,43595002
0.8729,0.872901,0.872901,43645001,43645002
0.8739,0.873901,0.873901,43695001,43695002
0.8749,0.874901,0.874901,43745001,43745002
0.8759,0.875901,0.875901,43795001,43795002
0.8769,0.876901,0.876901,43845001,43845002
0.8779,0.877901,0.877901,43895001,43895002
0.8789,0.878901,0.878901,43945001,43945002
0.8799,0.879901,0.879901,43995001,43995002
0.8809,0.880901,0.880901,44045001,44045002
0.8819,0.881901,0.881901,44095001,44095002
0.8829,0.882901,0.882901,44145001,44145002
0.8839,0.883901,0.883901,44195001,44195002
0.8849,0.884901,0.884901,44245001,44245002
0.8859,0.885901,0.885901,44295001,44295002
0.8869,0.886901,0.886901,44345001,44345002
0.8879,0.887901,0.887901,44395001,44395002
0.8889,0.888901,0.888901,44445001,44445002
0.8899,0.889901,0.889901,44495001,44495002
0.8909,0.890901,0.890901,44545001,44545002
0.8919,0.891901,0.891901,44595001,44595002
0.8929,0.892901,0.892901,44645001,44645002
0.8939,0.893901,0.893901,44695001,44695002
0.8949,0.894901,0.894901,44745001,44745002
0.8959,0.895901,0.895901,44795001,44795002
0.8969,0.896901,0.896901,44845001,44845002
0.8979,0.897901,0.897901,44895001,44895002
0.8989,0.898901,0.898901,44945001,44945002
0.8999,0.899901,0.899901,44995001,44995002
0.9009,0.900901,0.900901,45045001,45045002
0.9019,0.901901,0.901901,45095001,45095002
0.9029,0.902901,0.902901,45145001,45145002
0.9039,0.903901,0.903901,45195001,45195002
0.9049,0.904901,0.904901,45245001,45245002
0.9059,0.905901,0.905901,45295001,45295002
0.9069,0.906901,0.906901,45345001,45345002
0.9079,0.907901,0.907901,45395001,45395002
0.9089,0.908901,0.908901,45445001,45445002
0.9099,0.909901,0.909901,45495001,45495002
0.9109,0.910901,0.910901,45545001,45545002
0.9119,0.911901,0.911901,45595001,45595002
0.9129,0.912901,0.912901,45645001,45645002
0.9139,0.913901,0.913901,45695001,45695002
0.9149,0.914901,0.914901,45745001,45745002
0.9159,0.915901,0.915901,45795001,45795002
0.9169,0.916901,0.916901,45845001,45845002
0.9179,0.917901,0.917901,45895001,45895002
0.9189,0.918901,0.918901,45945001,45945002
0.9199,0.919901,0.919901,45995001,45995002
0.9209,0.920901,0.920901,46045001,46045002
0.9219,0.921901,0.921901,46095001,46095002
0.9229,0.922901,0.922901,46145001,46145002
0.9239,0.923901,0.923901,46195001,46195002
0.9249,0.924901,0.924901,46245001,46245002
0.9259,0.925901,0.925901,46295001,46295002
0.9269,0.926901,0.926901,46345001,46345002
0.9279,0.927901,0.927901,46395001,46395002
0.9289,0.928901,0.928901,46445001,46445002
0.9299,0.929901,0.929901,46495001,46495002
0.9309,0.930901,0.930901,46545001,46545002
0.9319,0.931901,0.931901,46595001,46595002
0.9329,0.932901,0.932901,46645001,46645002
0.9339,0.933901,0.933901,46695001,46695002
0.9349,0.934901,0.934901,46745001,46745002
0.9359,0.935901,0.935901,46795001,46795002
0.9369,0.936901,0.936901,46845001,46845002
0.9379,0.937901,0.937901,46895001,46895002
0.9389,0.938901,0.938901,46945001,46945002
0.9399,0.939901,0.939901,46995001,46995002
0.9409,0.940901,0.940901,47045001,47045002
0.9419,0.941901,0.941901,47095001,47095002
0.9429,0.942901,0.942901,47145001,47145002
0.9439,0.943901,0.943901,47195001,47195002
0.9449,0.944901,0.944901,47245001,47245002
0.9459,0.945901,0.945901,47295001,47295002
0.9469,0.946901,0.946901,47345001,47345002
0.9479,0.947901,0.947901,47395001,47395002
0.9489,0.948901,0.948901,47445001,47445002
0.9499,0.949901,0.949901,47495001,47495002
0.9509,0.950901,0.950901,47545001,47545002
0.9519,0.951901,0.951901,47595001,47595002
0.9529,0.952901,0.952901,47645001,47645002
0.9539,0.953901,0.953901,47695001,47695002
0.9549,0.954901,0.954901,47745001,47745002
0.9559,0.955901,0.955901,47795001,47795002
0.9569,0.956901,0.956901,47845001,47845002
0.9579,0.957901,0.957901,47895001,47895002
0.9589,0.958901,0.958901,47945001,47945002
0.9599,0.959901,0.959901,47995001,47995002
0.9609,0.960901,0.960901,48045001,48045002
0.9619,0.961901,0.961901,48095001,48095002
0.9629,0.962901,0.962901,48145001,48145002
0.9639,0.963901,0.963901,48195001,48195002
0.9649,0.964901,0.964901,48245001,48245002
0.9659,0.965901,0.965901,48295001,48295002
0.9669,0.966901,0.966901,48345001,48345002
0.9679,0.967901,0.967901,48395001,48395002
0.9689,0.968901,0.968901,48445001,48445002
0.9699,0.969901,0.969901,48495001,48495002
0.9709,0.970901,0.970901,48545001,48545002
0.9719,0.971901,0.971901,48595001,48595002
0.9729,0.972901,0.972901,48645001,48645002
0.9739,0.973901,0.973901,48695001,48695002
0.9749,0.974901,0.974901,48745001,48745002
0.9759,0.975901,0.975901,48795001,48795002
0.9769,0.976901,0.976901,48845001,48845002
0.9779,0.977901,0.977901,48895001,48895002
0.9789,0.978901,0.978901,48945001,48945002
0.9799,0.979901,0.979901,48995001,48995002
0.9809,0.980901,0.980901,49045001,49045002
0.9819,0.981901,0.981901,49095001,49095002
0.9829,0.982901,0.982901,49145001,49145002
0.9839,0.983901,0.983901,49195001,49195002
0.9849,0.984901,0.984901,49245001,49245002
0.9859,0.985901,0.985901,49295001,49295002
0.9869,0.986901,0.986901,49345001,49345002
0.9879,0.987901,0.987901,49395001,49395002
0.9889,0.988901,0.988901,49445001,49445002
0.9899,0.989901,0.989901,49495001,49495002
0.9909,0.990901,0.990901,49545001,49545002
0.9919,0.991901,0.991901,49595001,49595002
0.9929,0.992901,0.992901,49645001,49645002
0.9939,0.993901,0.993901,49695001,49695002
0.9949,0.994901,0.994901,49745001,49745002
0.9959,0.995901,0.995901,49795001,49795002
0.9969,0.996901,0.996901,49845001,49845002
0.9979,0.997901,0.997901,49895001,49895002
0.9989,0.998901,0.998901,49945001,49945002
0.9999,0.999901,0.999901,49995001,49995002
1.0009,1.000901,1.000901,50045001,50045002
1.0019,1.001901,1.001901,50095001,50095002
1.0029,1.002901,1.002901,50145001,50145002
1.0039,1.003901,1.003901,50195001,50195002
1.0049,1.004901,1.004901,50245001,50245002
1.0059,1.005901,1.005901,50295001,50295002
1.0069,1.006901,1.006901,50345001,50345002
1.0079,1.007901,1.007901,50395001,50395002
1.0089,1.008901,1.008901,50445001,50445002
1.0099,1.009901,1.009901,50495001,50495002
1.0109,1.010901,1.010901,50545001,50545002
1.0119,1.011901,1.011901,50595001,50595002
1.0129,1.012901,1.012901,50645001,50645002
1.0139,1.013901,1.013901,50695001,50695002
1.0149,1.014901,1.014901,50745001,50745002
1.0159,1.015901,1.015901,50795001,50795002
1.0169,1.016901,1.016901,50845001,50845002
1.0179,1.017901,1.017901,50895001,50895002
1.0189,1.018901,1.018901,50945001,50945002
1.0199,1.019901,1.019901,50995001,50995002
1.0209,1.020901,1.020901,51045001,51045002
1.0219,1.021901,1.021901,51095001,51095002
1.0229,1.022901,1.022901,51145001,51145002
1.0239,1.023901,1.023901,51195001,51195002
1.0249,1.024901,1.024901,51245001,51245002
1.0259,1.025901,1.025901,51295001,51295002
1.0269,1.026901,1.026901,51345001,51345002
1.0279,1.027901,1.027901,51395001,51395002
1.0289,1.028901,1.028901,51445001,51445002
1.0299,1.029901,1.029901,51495001,51495002
1.0309,1.030901,1.030901,51545001,51545002
1.0319,1.031901,1.031901,51595001,51595002
1.0329,1.032901,1.032901,51645001,51645002
1.0339,1.033901,1.033901,51695001,51695002
1.0349,1.034901,1.034901,51745001,51745002
1.0359,1.035901,1.035901,51795001,51795002
1.0369,1.036901,1.036901,51845001,51845002
1.0379,1.037901,1.037901,51895001,51895002
1.0389,1.038901,1.038901,51945001,51945002
1.0399,1.039901,1.039901,51995001,51995002
1.0409,1.040901,1.040901,52045001,52045002
1.0419,1.041901,1.041901,52095001,52095002
1.0429,1.042901,1.042901,52145001,52145002
1.0439,1.043901,1.043901,52195001,52195002
1.0449,1.044901,1.044901,52245001,52245002
1.0459,1.045901,1.045901,52295001,52295002
1.0469,1.046901,1.046901,52345001,52345002
1.0479,1.047901,1.047901,52395001,52395002
1.0489,1.048901,1.048901,52445001,52445002
1.0499,1.049901,1.049901,52495001,52495002
1.0509,1.050901,1.050901,52545001,52545002
1.0519,1.051901,1.051901,52595001,52595002
1.0529,1.052901,1.052901,52645001,52645002
1.0539,1.053901,1.053901,52695001,52695002
1.0549,1.054901,1.054901,52745001,52745002
1.0559,1.055901,1.055901,52795001,52795002
1.0569,1.056901,1.056901,52845001,52845002
1.0579,1.057901,1.057901,52895001,52895002
1.0589,1.058901,1.058901,52945001,52945002
1.0599,1.059901,1.059901,52995001,52995002
1.0609,1.060901,1.060901,53045001,53045002
1.0619,1.061901,1.061901,53095001,53095002
1.0629,1.062901,1.062901,53145001,53145002
1.0639,1.063901,1.063901,53195001,53195002
1.0649,1.064901,1.064901,53245001,53245002
1.0659,1.065901,1.065901,53295001,53295002
1.0669,1.066901,1.066901,53345001,53345002
1.0679,1.067901,1.067901,53395001,53395002
1.0689,1.068901,1.068901,53445001,53445002
1.0699,1.069901,1.069901,53495001,53495002
1.0709,1.070901,1.070901,53545001,53545002
1.0719,1.071901,1.071901,53595001,53595002
1.0729,1.072901,1.072901,53645001,53645002
1.0739,1.073901,1.073901,53695001,53695002
1.0749,1.074901,1.074901,53745001,53745002
1.0759,1.075901,1.075901,53795001,53795002
1.0769,1.076901,1.076901,53845001,53845002
1.0779,1.077901,1.077901,53895001,53895002
1.0789,1.078901,1.078901,53945001,53945002
1.0799,1.079901,1.079901,53995001,53995002
1.0809,1.080901,1.080901,54045001,54045002
1.0819,1.081901,1.081901,54095001,54095002
1.0829,1.082901,1.082901,54145001,54145002
1.0839,1.083901,1.083901,54195001,54195002
1.0849,1.084901,1.084901,54245001,54245002
1.0859,1.085901,1.085901,54295001,54295002
1.0869,1.086901,1.086901,54345001,54345002
1.0879,1.087901,1.087901,54395001,54395002
1.0889,1.088901,1.088901,54445001,54445002
1.0899,1.089901,1.089901,54495001,54495002
1.0909,1.090901,1.090901,54545001,54545002
1.0919,1.091901,1.091901,54595001,54595002
1.0929,1.092901,1.092901,54645001,54645002
1.0939,1.093901,1.093901,54695001,54695002
1.0949,1.094901,1.094901,54745001,54745002
1.0959,1.095901,1.095901,54795001,54795002
1.0969,1.096901,1.096901,54845001,54845002
1.0979,1.097901,1.097901,54895001,54895002
1.0989,1.098901,1.098901,54945001,54945002
1.0999,1.099901,1.099901,54995001,54995002
1.1009,1.100901,1.100901,55045001,55045002
1.1019,1.101901,1.101901,55095001,55095002
1.1029,1.102901,1.102901,55145001,55145002
1.1039,1.103901,1.103901,55195001,55195002
1.1049,1.104901,1.104901,55245001,55245002
1.1059,1.105901,1.105901,55295001,55295002
1.1069,1.106901,1.106901,55345001,55345002
1.1079,1.107901,1.107901,55395001,55395002
1.1089,1.108901,1.108901,55445001,55445002
1.1099,1.109901,1.109901,55495001,55495002
1.1109,1.110901,1.110901,55545001,55545002
1.1119,1.111901,1.111901,55595001,55595002
1.1129,1.112901,1.112901,55645001,55645002
1.1139,1.113901,1.113901,55695001,55695002
1.1149,1.114901,1.114901,55745001,55745002
1.1159,1.115901,1.115901,55795001,55795002
1.1169,1.116901,1.116901,55845001,55845002
1.1179,1.117901,1.117901,55895001,55895002
1.1189,1.118901,1.118901,55945001,55945002
1.1199,1.119901,1.119901,55995001,55995002
1.1209,1.120901,1.120901,56045001,56045002
1.1219,1.121901,1.121901,56095001,56095002
1.1229,1.122901,1.122901,56145001,56145002
1.1239,1.123901,1.123901,56195001,56195002
1.1249,1.124901,1.124901,56245001,56245002
1.1259,1.125901,1.125901,56295001,56295002
1.1269,1.126901,1.126901,56345001,56345002
1.1279,1.127901,1.127901,56395001,56395002
1.1289,1.128901,1.128901,56445001,56445002
1.1299,1.129901,1.129901,56495001,56495002
1.1309,1.130901,1.130901,56545001,56545002
1.1319,1.131901,1.131901,56595001,56595002
1.1329,1.132901,1.132901,56645001,56645002
1.1339,1.133901,1.133901,56695001,56695002
1.1349,1.134901,1.134901,56745001,56745002
1.1359,1.135901,1.135901,56795001,56795002
1.1369,1.136901,1.136901,56845001,56845002
1.1379,1.137901,1.137901,56895001,56895002
1.1389,1.138901,1.138901,56945001,56945002
1.1399,1.139901,1.139901,56995001,56995002
1.1409,1.140901,1.140901,57045001,57045002
1.1419,1.141901,1.141901,57095001,57095002
1.1429,1.142901,1.142901,57145001,57145002
1.1439,1.143901,1.143901,57195001,57195002
1.1449,1.144901,1.144901,57245001,57245002
1.1459,1.145901,1.145901,57295001,57295002
1.1469,1.146901,1.146901,57345001,57345002
1.1479,1.147901,1.147901,57395001,57395002
1.1489,1.148901,1.148901,57445001,57445002
1.1499,1.149901,1.149901,57495001,57495002
1.1509,1.150901,1.150901,57545001,57545002
1.1519,1.151901,1.151901,57595001,57595002
1.1529,1.152901,1.152901,57645001,57645002
1.1539,1.153901,1.153901,57695001,57695002
1.1549,1.154901,1.154901,57745001,57745002
1.1559,1.155901,1.155901,57795001,57795002
1.1569,1.156901,1.156901,57845001,57845002
1.1579,1.157901,1.157901,57895001,57895002
1.1589,1.158901,1.158901,57945001,57945002
1.1599,1.159901,1.159901,57995001,57995002
1.1609,1.160901,1.160901,58045001,58045002
1.1619,1.161901,1.161901,58095001,58095002
1.1629,1.162901,1.162901,58145001,58145002
1.1639,1.163901,1.163901,58195001,58195002
1.1649,1.164901,1.164901,58245001,58245002
1.1659,1.165901,1.165901,58295001,58295002
1.1669,1.166901,1.166901,58345001,58345002
1.1679,1.167901,1.167901,58395001,58395002
1.1689,1.168901,1.168901,58445001,58445002
1.1699,1.169901,1.169901,58495001,58495002
1.1709,1.170901,1.170901,58545001,58545002
1.1719,1.171901,1.171901,58595001,58595002
1.1729,1.172901,1.172901,58645001,58645002
1.1739,1.173901,1.173901,58695001,58695002
1.1749,1.174901,1.174901,58745001,58745002
1.1759,1.175901,1.175901,58795001,58795002
1.1769,1.176901,1.176901,58845001,58845002
1.1779,1.177901,1.177901,58895001,58895002
1.1789,1.178901,1.178901,58945001,58945002
1.1799,1.179901,1.179901,58995001,58995002
1.1809,1.180901,1.180901,59045001,59045002
1.1819,1.181901,1.181901,59095001,59095002
1.1829,1.182901,1.182901,59145001,59145002
1.1839,1.183901,1.183901,59195001,59195002
1.1849,1.184901,1.184901,59245001,59245002
1.1859,1.185901,1.185901,59295001,59295002
1.1869,1.186901,1.186901,59345001,59345002
1.1879,1.187901,1.187901,59395001,59395002
1.1889,1.188901,1.188901,59445001,59445002
1.1899,1.189901,1.189901,59495001,59495002
1.1909,1.190901,1.190901,59545001,59545002
1.1919,1.191901,1.191901,59595001,59595002
1.1929,1.192901,1.192901,59645001,59645002
1.1939,1.193901,1.193901,59695001,59695002
1.1949,1.194901,1.194901,59745001,59745002
1.1959,1.195901,1.195901,59795001,59795002
1.1969,1.196901,1.196901,59845001,59845002
1.1979,1.197901,1.197901,59895001,59895002
1.1989,1.198901,1.198901,59945001,59945002
1.1999,1.199901,1.199901,59995001,59995002
