event_id,solver_source_time_s,dataset_source_time_s,expected_ref_raw,expected_meas_raw,actual_B1_ref_raw,actual_B1_meas_raw,RTL_error_raw,B1_error_raw,B1_iq_ref_A,B1_iq_unlimited_A,B1_integrator_A,B1_saturation_active,B1_integrator_next_A,B1_previous_excess_A,B1_excess_next_A,B1_hard_reset,B1_int_reset,B1_iq_limited_A,B1_error_mmps,B1_P_A,B1_KiTs_A,B1_AW_A,RTL_iq_ref_A,RTL_iq_unlimited_A,RTL_integrator_A,RTL_saturation_active,RTL_integrator_next_A,RTL_previous_excess_A,RTL_excess_next_A,RTL_hard_reset,RTL_int_reset,RTL_iq_limited_A,RTL_error_mmps,RTL_P_A,RTL_KiTs_A,RTL_AW_A
1,0.0009,0.0009,0,0,0,0,0,0,0,0,0,0,0,0,0,0,0,0,0,0,0,0,0,0,0,0,0,0,0,0,0,0,0,0,0,0
2,0.0019,0.0019,0,0,0,0,0,0,0,0,0,0,0,0,0,0,0,0,0,0,0,0,0,0,0,0,0,0,0,0,0,0,0,0,0,0
3,0.0029,0.0029,0,0,0,0,0,0,0,0,0,0,0,0,0,0,0,0,0,0,0,0,0,0,0,0,0,0,0,0,0,0,0,0,0,0
4,0.0039,0.0039,0,0,0,0,0,0,0,0,0,0,0,0,0,0,0,0,0,0,0,0,0,0,0,0,0,0,0,0,0,0,0,0,0,0
5,0.0049,0.0049,0,0,0,0,0,0,0,0,0,0,0,0,0,0,0,0,0,0,0,0,0,0,0,0,0,0,0,0,0,0,0,0,0,0
6,0.0059,0.0059,0,0,0,0,0,0,0,0,0,0,0,0,0,0,0,0,0,0,0,0,0,0,0,0,0,0,0,0,0,0,0,0,0,0
7,0.0069,0.0069,0,0,0,0,0,0,0,0,0,0,0,0,0,0,0,0,0,0,0,0,0,0,0,0,0,0,0,0,0,0,0,0,0,0
8,0.0079,0.0079,0,0,0,0,0,0,0,0,0,0,0,0,0,0,0,0,0,0,0,0,0,0,0,0,0,0,0,0,0,0,0,0,0,0
9,0.0089,0.0089,0,0,0,0,0,0,0,0,0,0,0,0,0,0,0,0,0,0,0,0,0,0,0,0,0,0,0,0,0,0,0,0,0,0
10,0.0099,0.0099,0,0,0,0,0,0,0,0,0,0,0,0,0,0,0,0,0,0,0,0,0,0,0,0,0,0,0,0,0,0,0,0,0,0
11,0.0109,0.0109,0,0,0,0,0,0,0,0,0,0,0,0,0,0,0,0,0,0,0,0,0,0,0,0,0,0,0,0,0,0,0,0,0,0
12,0.0119,0.0119,0,0,0,0,0,0,0,0,0,0,0,0,0,0,0,0,0,0,0,0,0,0,0,0,0,0,0,0,0,0,0,0,0,0
13,0.0129,0.0129,0,0,0,0,0,0,0,0,0,0,0,0,0,0,0,0,0,0,0,0,0,0,0,0,0,0,0,0,0,0,0,0,0,0
14,0.0139,0.0139,0,0,0,0,0,0,0,0,0,0,0,0,0,0,0,0,0,0,0,0,0,0,0,0,0,0,0,0,0,0,0,0,0,0
15,0.0149,0.0149,0,0,0,0,0,0,0,0,0,0,0,0,0,0,0,0,0,0,0,0,0,0,0,0,0,0,0,0,0,0,0,0,0,0
16,0.0159,0.0159,0,0,0,0,0,0,0,0,0,0,0,0,0,0,0,0,0,0,0,0,0,0,0,0,0,0,0,0,0,0,0,0,0,0
17,0.0169,0.0169,0,0,0,0,0,0,0,0,0,0,0,0,0,0,0,0,0,0,0,0,0,0,0,0,0,0,0,0,0,0,0,0,0,0
18,0.0179,0.0179,0,0,0,0,0,0,0,0,0,0,0,0,0,0,0,0,0,0,0,0,0,0,0,0,0,0,0,0,0,0,0,0,0,0
19,0.0189,0.0189,0,0,0,0,0,0,0,0,0,0,0,0,0,0,0,0,0,0,0,0,0,0,0,0,0,0,0,0,0,0,0,0,0,0
20,0.0199,0.0199,0,0,0,0,0,0,0,0,0,0,0,0,0,0,0,0,0,0,0,0,0,0,0,0,0,0,0,0,0,0,0,0,0,0
21,0.0209,0.0209,0,0,0,0,0,0,0,0,0,0,0,0,0,0,0,0,0,0,0,0,0,0,0,0,0,0,0,0,0,0,0,0,0,0
22,0.0219,0.0219,0,0,0,0,0,0,0,0,0,0,0,0,0,0,0,0,0,0,0,0,0,0,0,0,0,0,0,0,0,0,0,0,0,0
23,0.0229,0.0229,0,0,0,0,0,0,0,0,0,0,0,0,0,0,0,0,0,0,0,0,0,0,0,0,0,0,0,0,0,0,0,0,0,0
24,0.0239,0.0239,0,0,0,0,0,0,0,0,0,0,0,0,0,0,0,0,0,0,0,0,0,0,0,0,0,0,0,0,0,0,0,0,0,0
25,0.0249,0.0249,0,0,0,0,0,0,0,0,0,0,0,0,0,0,0,0,0,0,0,0,0,0,0,0,0,0,0,0,0,0,0,0,0,0
26,0.0259,0.0259,0,0,0,0,0,0,0,0,0,0,0,0,0,0,0,0,0,0,0,0,0,0,0,0,0,0,0,0,0,0,0,0,0,0
27,0.0269,0.0269,0,0,0,0,0,0,0,0,0,0,0,0,0,0,0,0,0,0,0,0,0,0,0,0,0,0,0,0,0,0,0,0,0,0
28,0.0279,0.0279,0,0,0,0,0,0,0,0,0,0,0,0,0,0,0,0,0,0,0,0,0,0,0,0,0,0,0,0,0,0,0,0,0,0
29,0.0289,0.0289,0,0,0,0,0,0,0,0,0,0,0,0,0,0,0,0,0,0,0,0,0,0,0,0,0,0,0,0,0,0,0,0,0,0
30,0.0299,0.0299,0,0,0,0,0,0,0,0,0,0,0,0,0,0,0,0,0,0,0,0,0,0,0,0,0,0,0,0,0,0,0,0,0,0
31,0.0309,0.0309,0,0,0,0,0,0,0,0,0,0,0,0,0,0,0,0,0,0,0,0,0,0,0,0,0,0,0,0,0,0,0,0,0,0
32,0.0319,0.0319,0,0,0,0,0,0,0,0,0,0,0,0,0,0,0,0,0,0,0,0,0,0,0,0,0,0,0,0,0,0,0,0,0,0
33,0.0329,0.0329,0,0,0,0,0,0,0,0,0,0,0,0,0,0,0,0,0,0,0,0,0,0,0,0,0,0,0,0,0,0,0,0,0,0
34,0.0339,0.0339,0,0,0,0,0,0,0,0,0,0,0,0,0,0,0,0,0,0,0,0,0,0,0,0,0,0,0,0,0,0,0,0,0,0
35,0.0349,0.0349,0,0,0,0,0,0,0,0,0,0,0,0,0,0,0,0,0,0,0,0,0,0,0,0,0,0,0,0,0,0,0,0,0,0
36,0.0359,0.0359,0,0,0,0,0,0,0,0,0,0,0,0,0,0,0,0,0,0,0,0,0,0,0,0,0,0,0,0,0,0,0,0,0,0
37,0.0369,0.0369,0,0,0,0,0,0,0,0,0,0,0,0,0,0,0,0,0,0,0,0,0,0,0,0,0,0,0,0,0,0,0,0,0,0
38,0.0379,0.0379,0,0,0,0,0,0,0,0,0,0,0,0,0,0,0,0,0,0,0,0,0,0,0,0,0,0,0,0,0,0,0,0,0,0
39,0.0389,0.0389,0,0,0,0,0,0,0,0,0,0,0,0,0,0,0,0,0,0,0,0,0,0,0,0,0,0,0,0,0,0,0,0,0,0
40,0.0399,0.0399,0,0,0,0,0,0,0,0,0,0,0,0,0,0,0,0,0,0,0,0,0,0,0,0,0,0,0,0,0,0,0,0,0,0
41,0.0409,0.0409,0,0,0,0,0,0,0,0,0,0,0,0,0,0,0,0,0,0,0,0,0,0,0,0,0,0,0,0,0,0,0,0,0,0
42,0.0419,0.0419,0,0,0,0,0,0,0,0,0,0,0,0,0,0,0,0,0,0,0,0,0,0,0,0,0,0,0,0,0,0,0,0,0,0
43,0.0429,0.0429,0,0,0,0,0,0,0,0,0,0,0,0,0,0,0,0,0,0,0,0,0,0,0,0,0,0,0,0,0,0,0,0,0,0
44,0.0439,0.0439,0,0,0,0,0,0,0,0,0,0,0,0,0,0,0,0,0,0,0,0,0,0,0,0,0,0,0,0,0,0,0,0,0,0
45,0.0449,0.0449,0,0,0,0,0,0,0,0,0,0,0,0,0,0,0,0,0,0,0,0,0,0,0,0,0,0,0,0,0,0,0,0,0,0
46,0.0459,0.0459,0,0,0,0,0,0,0,0,0,0,0,0,0,0,0,0,0,0,0,0,0,0,0,0,0,0,0,0,0,0,0,0,0,0
47,0.0469,0.0469,0,0,0,0,0,0,0,0,0,0,0,0,0,0,0,0,0,0,0,0,0,0,0,0,0,0,0,0,0,0,0,0,0,0
48,0.0479,0.0479,0,0,0,0,0,0,0,0,0,0,0,0,0,0,0,0,0,0,0,0,0,0,0,0,0,0,0,0,0,0,0,0,0,0
49,0.0489,0.0489,0,0,0,0,0,0,0,0,0,0,0,0,0,0,0,0,0,0,0,0,0,0,0,0,0,0,0,0,0,0,0,0,0,0
50,0.0499,0.0499,0,0,0,0,0,0,0,0,0,0,0,0,0,0,0,0,0,0,0,0,0,0,0,0,0,0,0,0,0,0,0,0,0,0
51,0.0509,0.0509,0,0,0,0,0,0,0,0,0,0,0,0,0,0,0,0,0,0,0,0,0,0,0,0,0,0,0,0,0,0,0,0,0,0
52,0.0519,0.0519,0,0,0,0,0,0,0,0,0,0,0,0,0,0,0,0,0,0,0,0,0,0,0,0,0,0,0,0,0,0,0,0,0,0
53,0.0529,0.0529,0,0,0,0,0,0,0,0,0,0,0,0,0,0,0,0,0,0,0,0,0,0,0,0,0,0,0,0,0,0,0,0,0,0
54,0.0539,0.0539,0,0,0,0,0,0,0,0,0,0,0,0,0,0,0,0,0,0,0,0,0,0,0,0,0,0,0,0,0,0,0,0,0,0
55,0.0549,0.0549,0,0,0,0,0,0,0,0,0,0,0,0,0,0,0,0,0,0,0,0,0,0,0,0,0,0,0,0,0,0,0,0,0,0
56,0.0559,0.0559,0,0,0,0,0,0,0,0,0,0,0,0,0,0,0,0,0,0,0,0,0,0,0,0,0,0,0,0,0,0,0,0,0,0
57,0.0569,0.0569,0,0,0,0,0,0,0,0,0,0,0,0,0,0,0,0,0,0,0,0,0,0,0,0,0,0,0,0,0,0,0,0,0,0
58,0.0579,0.0579,0,0,0,0,0,0,0,0,0,0,0,0,0,0,0,0,0,0,0,0,0,0,0,0,0,0,0,0,0,0,0,0,0,0
59,0.0589,0.0589,0,0,0,0,0,0,0,0,0,0,0,0,0,0,0,0,0,0,0,0,0,0,0,0,0,0,0,0,0,0,0,0,0,0
60,0.0599,0.0599,0,0,0,0,0,0,0,0,0,0,0,0,0,0,0,0,0,0,0,0,0,0,0,0,0,0,0,0,0,0,0,0,0,0
61,0.0609,0.0609,0,0,0,0,0,0,0,0,0,0,0,0,0,0,0,0,0,0,0,0,0,0,0,0,0,0,0,0,0,0,0,0,0,0
62,0.0619,0.0619,0,0,0,0,0,0,0,0,0,0,0,0,0,0,0,0,0,0,0,0,0,0,0,0,0,0,0,0,0,0,0,0,0,0
63,0.0629,0.0629,0,0,0,0,0,0,0,0,0,0,0,0,0,0,0,0,0,0,0,0,0,0,0,0,0,0,0,0,0,0,0,0,0,0
64,0.0639,0.0639,0,0,0,0,0,0,0,0,0,0,0,0,0,0,0,0,0,0,0,0,0,0,0,0,0,0,0,0,0,0,0,0,0,0
65,0.0649,0.0649,0,0,0,0,0,0,0,0,0,0,0,0,0,0,0,0,0,0,0,0,0,0,0,0,0,0,0,0,0,0,0,0,0,0
66,0.0659,0.0659,0,0,0,0,0,0,0,0,0,0,0,0,0,0,0,0,0,0,0,0,0,0,0,0,0,0,0,0,0,0,0,0,0,0
67,0.0669,0.0669,0,0,0,0,0,0,0,0,0,0,0,0,0,0,0,0,0,0,0,0,0,0,0,0,0,0,0,0,0,0,0,0,0,0
68,0.0679,0.0679,0,0,0,0,0,0,0,0,0,0,0,0,0,0,0,0,0,0,0,0,0,0,0,0,0,0,0,0,0,0,0,0,0,0
69,0.0689,0.0689,0,0,0,0,0,0,0,0,0,0,0,0,0,0,0,0,0,0,0,0,0,0,0,0,0,0,0,0,0,0,0,0,0,0
70,0.0699,0.0699,0,0,0,0,0,0,0,0,0,0,0,0,0,0,0,0,0,0,0,0,0,0,0,0,0,0,0,0,0,0,0,0,0,0
71,0.0709,0.0709,0,0,0,0,0,0,0,0,0,0,0,0,0,0,0,0,0,0,0,0,0,0,0,0,0,0,0,0,0,0,0,0,0,0
72,0.0719,0.0719,0,0,0,0,0,0,0,0,0,0,0,0,0,0,0,0,0,0,0,0,0,0,0,0,0,0,0,0,0,0,0,0,0,0
73,0.0729,0.0729,0,0,0,0,0,0,0,0,0,0,0,0,0,0,0,0,0,0,0,0,0,0,0,0,0,0,0,0,0,0,0,0,0,0
74,0.0739,0.0739,0,0,0,0,0,0,0,0,0,0,0,0,0,0,0,0,0,0,0,0,0,0,0,0,0,0,0,0,0,0,0,0,0,0
75,0.0749,0.0749,0,0,0,0,0,0,0,0,0,0,0,0,0,0,0,0,0,0,0,0,0,0,0,0,0,0,0,0,0,0,0,0,0,0
76,0.0759,0.0759,0,0,0,0,0,0,0,0,0,0,0,0,0,0,0,0,0,0,0,0,0,0,0,0,0,0,0,0,0,0,0,0,0,0
77,0.0769,0.0769,0,0,0,0,0,0,0,0,0,0,0,0,0,0,0,0,0,0,0,0,0,0,0,0,0,0,0,0,0,0,0,0,0,0
78,0.0779,0.0779,0,0,0,0,0,0,0,0,0,0,0,0,0,0,0,0,0,0,0,0,0,0,0,0,0,0,0,0,0,0,0,0,0,0
79,0.0789,0.0789,0,0,0,0,0,0,0,0,0,0,0,0,0,0,0,0,0,0,0,0,0,0,0,0,0,0,0,0,0,0,0,0,0,0
80,0.0799,0.0799,0,0,0,0,0,0,0,0,0,0,0,0,0,0,0,0,0,0,0,0,0,0,0,0,0,0,0,0,0,0,0,0,0,0
81,0.0809,0.0809,0,0,0,0,0,0,0,0,0,0,0,0,0,0,0,0,0,0,0,0,0,0,0,0,0,0,0,0,0,0,0,0,0,0
82,0.0819,0.0819,0,0,0,0,0,0,0,0,0,0,0,0,0,0,0,0,0,0,0,0,0,0,0,0,0,0,0,0,0,0,0,0,0,0
83,0.0829,0.0829,0,0,0,0,0,0,0,0,0,0,0,0,0,0,0,0,0,0,0,0,0,0,0,0,0,0,0,0,0,0,0,0,0,0
84,0.0839,0.0839,0,0,0,0,0,0,0,0,0,0,0,0,0,0,0,0,0,0,0,0,0,0,0,0,0,0,0,0,0,0,0,0,0,0
85,0.0849,0.0849,0,0,0,0,0,0,0,0,0,0,0,0,0,0,0,0,0,0,0,0,0,0,0,0,0,0,0,0,0,0,0,0,0,0
86,0.0859,0.0859,0,0,0,0,0,0,0,0,0,0,0,0,0,0,0,0,0,0,0,0,0,0,0,0,0,0,0,0,0,0,0,0,0,0
87,0.0869,0.0869,0,0,0,0,0,0,0,0,0,0,0,0,0,0,0,0,0,0,0,0,0,0,0,0,0,0,0,0,0,0,0,0,0,0
88,0.0879,0.0879,0,0,0,0,0,0,0,0,0,0,0,0,0,0,0,0,0,0,0,0,0,0,0,0,0,0,0,0,0,0,0,0,0,0
89,0.0889,0.0889,0,0,0,0,0,0,0,0,0,0,0,0,0,0,0,0,0,0,0,0,0,0,0,0,0,0,0,0,0,0,0,0,0,0
90,0.0899,0.0899,0,0,0,0,0,0,0,0,0,0,0,0,0,0,0,0,0,0,0,0,0,0,0,0,0,0,0,0,0,0,0,0,0,0
91,0.0909,0.0909,0,0,0,0,0,0,0,0,0,0,0,0,0,0,0,0,0,0,0,0,0,0,0,0,0,0,0,0,0,0,0,0,0,0
92,0.0919,0.0919,0,0,0,0,0,0,0,0,0,0,0,0,0,0,0,0,0,0,0,0,0,0,0,0,0,0,0,0,0,0,0,0,0,0
93,0.0929,0.0929,0,0,0,0,0,0,0,0,0,0,0,0,0,0,0,0,0,0,0,0,0,0,0,0,0,0,0,0,0,0,0,0,0,0
94,0.0939,0.0939,0,0,0,0,0,0,0,0,0,0,0,0,0,0,0,0,0,0,0,0,0,0,0,0,0,0,0,0,0,0,0,0,0,0
95,0.0949,0.0949,0,0,0,0,0,0,0,0,0,0,0,0,0,0,0,0,0,0,0,0,0,0,0,0,0,0,0,0,0,0,0,0,0,0
96,0.0959,0.0959,0,0,0,0,0,0,0,0,0,0,0,0,0,0,0,0,0,0,0,0,0,0,0,0,0,0,0,0,0,0,0,0,0,0
97,0.0969,0.0969,0,0,0,0,0,0,0,0,0,0,0,0,0,0,0,0,0,0,0,0,0,0,0,0,0,0,0,0,0,0,0,0,0,0
98,0.0979,0.0979,0,0,0,0,0,0,0,0,0,0,0,0,0,0,0,0,0,0,0,0,0,0,0,0,0,0,0,0,0,0,0,0,0,0
99,0.0989,0.0989,0,0,0,0,0,0,0,0,0,0,0,0,0,0,0,0,0,0,0,0,0,0,0,0,0,0,0,0,0,0,0,0,0,0
100,0.0999,0.0999,0,0,0,0,0,0,0,0,0,0,0,0,0,0,0,0,0,0,0,0,0,0,0,0,0,0,0,0,0,0,0,0,0,0
101,0.1009,0.1009,0,0,0,0,0,0,0,0,0,0,0,0,0,0,0,0,0,0,0,0,0,0,0,0,0,0,0,0,0,0,0,0,0,0
102,0.1019,0.1019,0,0,0,0,0,0,0,0,0,0,0,0,0,0,0,0,0,0,0,0,0,0,0,0,0,0,0,0,0,0,0,0,0,0
103,0.1029,0.1029,0,0,0,0,0,0,0,0,0,0,0,0,0,0,0,0,0,0,0,0,0,0,0,0,0,0,0,0,0,0,0,0,0,0
104,0.1039,0.1039,0,0,0,0,0,0,0,0,0,0,0,0,0,0,0,0,0,0,0,0,0,0,0,0,0,0,0,0,0,0,0,0,0,0
105,0.1049,0.1049,0,0,0,0,0,0,0,0,0,0,0,0,0,0,0,0,0,0,0,0,0,0,0,0,0,0,0,0,0,0,0,0,0,0
106,0.1059,0.1059,0,0,0,0,0,0,0,0,0,0,0,0,0,0,0,0,0,0,0,0,0,0,0,0,0,0,0,0,0,0,0,0,0,0
107,0.1069,0.1069,0,0,0,0,0,0,0,0,0,0,0,0,0,0,0,0,0,0,0,0,0,0,0,0,0,0,0,0,0,0,0,0,0,0
108,0.1079,0.1079,0,0,0,0,0,0,0,0,0,0,0,0,0,0,0,0,0,0,0,0,0,0,0,0,0,0,0,0,0,0,0,0,0,0
109,0.1089,0.1089,0,0,0,0,0,0,0,0,0,0,0,0,0,0,0,0,0,0,0,0,0,0,0,0,0,0,0,0,0,0,0,0,0,0
110,0.1099,0.1099,0,0,0,0,0,0,0,0,0,0,0,0,0,0,0,0,0,0,0,0,0,0,0,0,0,0,0,0,0,0,0,0,0,0
111,0.1109,0.1109,0,0,0,0,0,0,0,0,0,0,0,0,0,0,0,0,0,0,0,0,0,0,0,0,0,0,0,0,0,0,0,0,0,0
112,0.1119,0.1119,0,0,0,0,0,0,0,0,0,0,0,0,0,0,0,0,0,0,0,0,0,0,0,0,0,0,0,0,0,0,0,0,0,0
113,0.1129,0.1129,0,0,0,0,0,0,0,0,0,0,0,0,0,0,0,0,0,0,0,0,0,0,0,0,0,0,0,0,0,0,0,0,0,0
114,0.1139,0.1139,0,0,0,0,0,0,0,0,0,0,0,0,0,0,0,0,0,0,0,0,0,0,0,0,0,0,0,0,0,0,0,0,0,0
115,0.1149,0.1149,0,0,0,0,0,0,0,0,0,0,0,0,0,0,0,0,0,0,0,0,0,0,0,0,0,0,0,0,0,0,0,0,0,0
116,0.1159,0.1159,0,0,0,0,0,0,0,0,0,0,0,0,0,0,0,0,0,0,0,0,0,0,0,0,0,0,0,0,0,0,0,0,0,0
117,0.1169,0.1169,0,0,0,0,0,0,0,0,0,0,0,0,0,0,0,0,0,0,0,0,0,0,0,0,0,0,0,0,0,0,0,0,0,0
118,0.1179,0.1179,0,0,0,0,0,0,0,0,0,0,0,0,0,0,0,0,0,0,0,0,0,0,0,0,0,0,0,0,0,0,0,0,0,0
119,0.1189,0.1189,0,0,0,0,0,0,0,0,0,0,0,0,0,0,0,0,0,0,0,0,0,0,0,0,0,0,0,0,0,0,0,0,0,0
120,0.1199,0.1199,5243,0,5243,0,5243,5243,3,96819,0,0,7745,0,0,0,0,96819,5243,96819,7745,0,3,96819,0,0,7745,0,0,0,0,96819,5243,96819,7745,0
121,0.1209,0.1209,57672,0,57672,0,57672,57672,33,1072732,7745,0,92944,0,0,0,0,1072732,57672,1064987,85199,0,33,1072732,7745,0,92944,0,0,0,0,1072732,57672,1064987,85199,0
122,0.1219,0.1219,110100,13812,110100,13812,96288,96288,57,1871025,92944,0,235191,0,0,0,0,1871025,96288,1778081,142247,0,57,1871025,92944,0,235191,0,0,0,0,1871025,96288,1778081,142247,0
123,0.1229,0.1229,162529,54903,162529,54903,107626,107626,68,2222643,235191,0,394187,0,0,0,0,2222643,107626,1987452,158996,0,68,2222643,235191,0,394187,0,0,0,0,2222643,107626,1987452,158996,0
124,0.1239,0.1239,173821,107552,173821,107552,66269,66269,49,1617929,394187,0,492086,0,0,0,0,1617929,66269,1223742,97899,0,49,1617929,394187,0,492086,0,0,0,0,1617929,66269,1223742,97899,0
125,0.1249,0.1249,173821,147237,173821,147237,26584,26584,30,982994,492086,0,531359,0,0,0,0,982994,26584,490908,39273,0,30,982994,492086,0,531359,0,0,0,0,982994,26584,490908,39273,0
126,0.1259,0.1259,173821,173306,173821,173306,515,515,17,540869,531359,0,532120,0,0,0,0,540869,515,9510,761,0,17,540869,531359,0,532120,0,0,0,0,540869,515,9510,761,0
127,0.1269,0.1269,173821,188549,173821,188549,-14728,-14728,8,260149,532120,0,510362,0,0,0,0,260149,-14728,-271971,-21758,0,8,260149,532120,0,510362,0,0,0,0,260149,-14728,-271971,-21758,0
128,0.1279,0.1279,173821,194688,173821,194688,-20867,-20867,4,125026,510362,0,479535,0,0,0,0,125026,-20867,-385336,-30827,0,4,125026,510362,0,479535,0,0,0,0,125026,-20867,-385336,-30827,0
129,0.1289,0.1289,173821,196312,173821,196312,-22491,-22491,2,64210,479535,0,446309,0,0,0,0,64210,-22491,-415325,-33226,0,2,64210,479535,0,446309,0,0,0,0,64210,-22491,-415325,-33226,0
130,0.1299,0.1299,179064,200044,179064,200044,-20980,-20980,2,58886,446309,0,415315,0,0,0,0,58886,-20980,-387423,-30994,0,2,58886,446309,0,415315,0,0,0,0,58886,-20980,-387423,-30994,0
131,0.1309,0.1309,231493,201948,231493,201948,29545,29545,29,960901,415315,0,458962,0,0,0,0,960901,29545,545586,43647,0,29,960901,415315,0,458962,0,0,0,0,960901,29545,545586,43647,0
132,0.1319,0.1319,283922,222979,283922,222979,60943,60943,48,1584352,458962,0,548993,0,0,0,0,1584352,60943,1125390,90031,0,48,1584352,458962,0,548993,0,0,0,0,1584352,60943,1125390,90031,0
133,0.1329,0.1329,336350,259712,336350,259712,76638,76638,60,1964212,548993,0,662211,0,0,0,0,1964212,76638,1415219,113218,0,60,1964212,548993,0,662211,0,0,0,0,1964212,76638,1415219,113218,0
134,0.1339,0.1339,388779,308626,388779,308626,80153,80153,65,2142339,662211,0,780621,0,0,0,0,2142339,80153,1480128,118410,0,65,2142339,662211,0,780621,0,0,0,0,2142339,80153,1480128,118410,0
135,0.1349,0.1349,441208,356288,441208,356288,84920,84920,72,2348777,780621,0,906074,0,0,0,0,2348777,84920,1568156,125453,0,72,2348777,780621,0,906074,0,0,0,0,2348777,84920,1568156,125453,0
136,0.1359,0.1359,493637,413898,493637,413898,79739,79739,73,2378557,906074,0,1023873,0,0,0,0,2378557,79739,1472483,117799,0,73,2378557,906074,0,1023873,0,0,0,0,2378557,79739,1472483,117799,0
137,0.1369,0.1369,513441,472585,513441,472585,40856,40856,54,1778331,1023873,0,1084230,0,0,0,0,1778331,40856,754458,60357,0,54,1778331,1023873,0,1084230,0,0,0,0,1778331,40856,754458,60357,0
138,0.1379,0.1379,513441,520846,513441,520846,-7405,-7405,29,947487,1084230,0,1073291,0,0,0,0,947487,-7405,-136743,-10939,0,29,947487,1084230,0,1073291,0,0,0,0,947487,-7405,-136743,-10939,0
139,0.1389,0.1389,513441,545590,513441,545590,-32149,-32149,15,479619,1073291,0,1025797,0,0,0,0,479619,-32149,-593672,-47494,0,15,479619,1073291,0,1025797,0,0,0,0,479619,-32149,-593672,-47494,0
140,0.1399,0.1399,518684,556221,518684,556221,-37537,-37537,10,332628,1025797,0,970343,0,0,0,0,332628,-37537,-693169,-55454,0,10,332628,1025797,0,970343,0,0,0,0,332628,-37537,-693169,-55454,0
141,0.1409,0.1409,571113,567099,571113,567099,4014,4014,32,1044467,970343,0,976273,0,0,0,0,1044467,4014,74124,5930,0,32,1044467,970343,0,976273,0,0,0,0,1044467,4014,74124,5930,0
142,0.1419,0.1419,623541,589325,623541,589325,34216,34216,49,1608115,976273,0,1026820,0,0,0,0,1608115,34216,631842,50547,0,49,1608115,976273,0,1026820,0,0,0,0,1608115,34216,631842,50547,0
143,0.1429,0.1429,675970,624308,675970,624308,51662,51662,60,1980825,1026820,0,1103140,0,0,0,0,1980825,51662,954005,76320,0,60,1980825,1026820,0,1103140,0,0,0,0,1980825,51662,954005,76320,0
144,0.1439,0.1439,728399,671278,728399,671278,57121,57121,66,2157952,1103140,0,1187525,0,0,0,0,2157952,57121,1054812,84385,0,66,2157952,1103140,0,1187525,0,0,0,0,2157952,57121,1054812,84385,0
145,0.1449,0.1449,780828,724615,780828,724615,56213,56213,68,2225570,1187525,0,1270569,0,0,0,0,2225570,56213,1038045,83044,0,68,2225570,1187525,0,1270569,0,0,0,0,2225570,56213,1038045,83044,0
146,0.1459,0.1459,833257,777843,833257,777843,55414,55414,70,2293859,1270569,0,1352432,0,0,0,0,2293859,55414,1023290,81863,0,70,2293859,1270569,0,1352432,0,0,0,0,2293859,55414,1023290,81863,0
147,0.1469,0.1469,885685,831450,885685,831450,54235,54235,72,2353951,1352432,0,1432554,0,0,0,0,2353951,54235,1001519,80122,0,72,2353951,1352432,0,1432554,0,0,0,0,2353951,54235,1001519,80122,0
148,0.1479,0.1479,908045,891209,908045,891209,16836,16836,53,1743452,1432554,0,1457426,0,0,0,0,1743452,16836,310898,24872,0,53,1743452,1432554,0,1457426,0,0,0,0,1743452,16836,310898,24872,0
149,0.1489,0.1489,908045,933521,908045,933521,-25476,-25476,30,986979,1457426,0,1419790,0,0,0,0,986979,-25476,-470447,-37636,0,30,986979,1457426,0,1419790,0,0,0,0,986979,-25476,-470447,-37636,0
150,0.1499,0.1499,913287,961003,913287,961003,-47716,-47716,16,538653,1419790,0,1349299,0,0,0,0,538653,-47716,-881137,-70491,0,16,538653,1419790,0,1349299,0,0,0,0,538653,-47716,-881137,-70491,0
151,0.1509,0.1509,965716,971040,965716,971040,-5324,-5324,38,1250985,1349299,0,1341434,0,0,0,0,1250985,-5324,-98314,-7865,0,38,1250985,1349299,0,1341434,0,0,0,0,1250985,-5324,-98314,-7865,0
152,0.1519,0.1519,1018145,1002704,1018145,1002704,15441,15441,50,1626572,1341434,0,1364245,0,0,0,0,1626572,15441,285138,22811,0,50,1626572,1341434,0,1364245,0,0,0,0,1626572,15441,285138,22811,0
153,0.1529,0.1529,1070574,1041700,1070574,1041700,28874,28874,58,1897440,1364245,0,1406901,0,0,0,0,1897440,28874,533195,42656,0,58,1897440,1364245,0,1406901,0,0,0,0,1897440,28874,533195,42656,0
154,0.1539,0.1539,1123003,1085066,1123003,1085066,37937,37937,64,2107456,1406901,0,1462945,0,0,0,0,2107456,37937,700555,56044,0,64,2107456,1406901,0,1462945,0,0,0,0,2107456,37937,700555,56044,0
155,0.1549,0.1549,1175431,1137577,1175431,1137577,37854,37854,66,2161967,1462945,0,1518867,0,0,0,0,2161967,37854,699022,55922,0,66,2161967,1462945,0,1518867,0,0,0,0,2161967,37854,699022,55922,0
156,0.1559,0.1559,1227860,1186501,1227860,1186501,41359,41359,70,2282614,1518867,0,1579967,0,0,0,0,2282614,41359,763747,61100,0,70,2282614,1518867,0,1579967,0,0,0,0,2282614,41359,763747,61100,0
157,0.1569,0.1569,1280289,1242168,1280289,1242168,38121,38121,70,2283920,1579967,0,1636283,0,0,0,0,2283920,38121,703953,56316,0,70,2283920,1579967,0,1636283,0,0,0,0,2283920,38121,703953,56316,0
158,0.1579,0.1579,1332718,1293383,1332718,1293383,39335,39335,72,2362654,1636283,0,1694393,0,0,0,0,2362654,39335,726371,58110,0,72,2362654,1636283,0,1694393,0,0,0,0,2362654,39335,726371,58110,0
159,0.1589,0.1589,1335866,1337764,1335866,1337764,-1898,-1898,51,1659344,1694393,0,1691589,0,0,0,0,1659344,-1898,-35049,-2804,0,51,1659344,1694393,0,1691589,0,0,0,0,1659344,-1898,-35049,-2804,0
160,0.1599,0.1599,1341109,1375459,1341109,1375459,-34350,-34350,32,1057272,1691589,0,1640844,0,0,0,0,1057272,-34350,-634317,-50745,0,32,1057272,1691589,0,1640844,0,0,0,0,1057272,-34350,-634317,-50745,0
161,0.1609,0.1609,1393537,1407249,1393537,1407249,-13712,-13712,42,1387634,1640844,0,1620587,0,0,0,0,1387634,-13712,-253210,-20257,0,42,1387634,1640844,0,1620587,0,0,0,0,1387634,-13712,-253210,-20257,0
162,0.1619,0.1619,1445966,1433989,1445966,1433989,11977,11977,56,1841758,1620587,0,1638281,0,0,0,0,1841758,11977,221171,17694,0,56,1841758,1620587,0,1638281,0,0,0,0,1841758,11977,221171,17694,0
163,0.1629,0.1629,1498395,1472440,1498395,1472440,25955,25955,65,2117573,1638281,0,1676624,0,0,0,0,2117573,25955,479292,38343,0,65,2117573,1638281,0,1676624,0,0,0,0,2117573,25955,479292,38343,0
164,0.1639,0.1639,1550824,1522714,1550824,1522714,28110,28110,67,2195711,1676624,0,1718151,0,0,0,0,2195711,28110,519087,41527,0,67,2195711,1676624,0,1718151,0,0,0,0,2195711,28110,519087,41527,0
165,0.1649,0.1649,1603253,1575445,1603253,1575445,27808,27808,68,2231661,1718151,0,1759232,0,0,0,0,2231661,27808,513510,41081,0,68,2231661,1718151,0,1759232,0,0,0,0,2231661,27808,513510,41081,0
166,0.1659,0.1659,1655681,1630702,1655681,1630702,24979,24979,68,2220501,1759232,0,1796134,0,0,0,0,2220501,24979,461269,36902,0,68,2220501,1759232,0,1796134,0,0,0,0,2220501,24979,461269,36902,0
167,0.1669,0.1669,1708110,1682853,1708110,1682853,25257,25257,69,2262537,1796134,0,1833446,0,0,0,0,2262537,25257,466403,37312,0,69,2262537,1796134,0,1833446,0,0,0,0,2262537,25257,466403,37312,0
168,0.1679,0.1679,1760539,1741935,1760539,1741935,18604,18604,66,2176993,1833446,0,1860930,0,0,0,0,2176993,18604,343547,27484,0,66,2176993,1833446,0,1860930,0,0,0,0,2176993,18604,343547,27484,0
169,0.1689,0.1689,1787432,1795186,1787432,1795186,-7754,-7754,52,1717742,1860930,0,1849475,0,0,0,0,1717742,-7754,-143188,-11455,0,52,1717742,1860930,0,1849475,0,0,0,0,1717742,-7754,-143188,-11455,0
170,0.1699,0.1699,1792675,1836953,1792675,1836953,-44278,-44278,31,1031825,1849475,0,1784063,0,0,0,0,1031825,-44278,-817650,-65412,0,31,1031825,1849475,0,1784063,0,0,0,0,1031825,-44278,-817650,-65412,0
171,0.1709,0.1709,1845104,1862657,1845104,1862657,-17553,-17553,45,1459924,1784063,0,1758132,0,0,0,0,1459924,-17553,-324139,-25931,0,45,1459924,1784063,0,1758132,0,0,0,0,1459924,-17553,-324139,-25931,0
172,0.1719,0.1719,1897532,1898526,1897532,1898526,-994,-994,53,1739777,1758132,0,1756664,0,0,0,0,1739777,-994,-18355,-1468,0,53,1739777,1758132,0,1756664,0,0,0,0,1739777,-994,-18355,-1468,0
173,0.1729,0.1729,1949961,1939820,1949961,1939820,10141,10141,59,1943931,1756664,0,1771645,0,0,0,0,1943931,10141,187267,14981,0,59,1943931,1756664,0,1771645,0,0,0,0,1943931,10141,187267,14981,0
174,0.1739,0.1739,2002390,1983317,2002390,1983317,19073,19073,65,2123852,1771645,0,1799822,0,0,0,0,2123852,19073,352207,28177,0,65,2123852,1771645,0,1799822,0,0,0,0,2123852,19073,352207,28177,0
175,0.1749,0.1749,2054819,2036408,2054819,2036408,18411,18411,65,2139805,1799822,0,1827021,0,0,0,0,2139805,18411,339983,27199,0,65,2139805,1799822,0,1827021,0,0,0,0,2139805,18411,339983,27199,0
176,0.1759,0.1759,2107248,2084234,2107248,2084234,23014,23014,69,2252004,1827021,0,1861020,0,0,0,0,2252004,23014,424983,33999,0,69,2252004,1827021,0,1861020,0,0,0,0,2252004,23014,424983,33999,0
177,0.1769,0.1769,2159676,2142286,2159676,2142286,17390,17390,67,2182149,1861020,0,1886710,0,0,0,0,2182149,17390,321129,25690,0,67,2182149,1861020,0,1886710,0,0,0,0,2182149,17390,321129,25690,0
178,0.1779,0.1779,2212105,2196729,2212105,2196729,15376,15376,66,2170647,1886710,0,1909425,0,0,0,0,2170647,15376,283937,22715,0,66,2170647,1886710,0,1909425,0,0,0,0,2170647,15376,283937,22715,0
179,0.1789,0.1789,2250455,2246668,2250455,2246668,3787,3787,60,1979357,1909425,0,1915020,0,0,0,0,1979357,3787,69932,5595,0,60,1979357,1909425,0,1915020,0,0,0,0,1979357,3787,69932,5595,0
180,0.1799,0.1799,2255697,2295913,2255697,2295913,-40216,-40216,36,1172380,1915020,0,1855609,0,0,0,0,1172380,-40216,-742640,-59411,0,36,1172380,1915020,0,1855609,0,0,0,0,1172380,-40216,-742640,-59411,0
181,0.1809,0.1809,2308126,2322757,2308126,2322757,-14631,-14631,48,1585429,1855609,0,1833995,0,0,0,0,1585429,-14631,-270180,-21614,0,48,1585429,1855609,0,1833995,0,0,0,0,1585429,-14631,-270180,-21614,0
182,0.1819,0.1819,2360555,2362054,2360555,2362054,-1499,-1499,55,1806314,1833995,0,1831781,0,0,0,0,1806314,-1499,-27681,-2214,0,55,1806314,1833995,0,1831781,0,0,0,0,1806314,-1499,-27681,-2214,0
183,0.1829,0.1829,2412984,2406473,2412984,2406473,6511,6511,60,1952015,1831781,0,1841400,0,0,0,0,1952015,6511,120234,9619,0,60,1952015,1831781,0,1841400,0,0,0,0,1952015,6511,120234,9619,0
184,0.1839,0.1839,2465413,2455665,2465413,2455665,9748,9748,62,2021409,1841400,0,1855801,0,0,0,0,2021409,9748,180009,14401,0,62,2021409,1841400,0,1855801,0,0,0,0,2021409,9748,180009,14401,0
185,0.1849,0.1849,2517841,2503142,2517841,2503142,14699,14699,65,2127237,1855801,0,1877516,0,0,0,0,2127237,14699,271436,21715,0,65,2127237,1855801,0,1877516,0,0,0,0,2127237,14699,271436,21715,0
186,0.1859,0.1859,2570270,2554947,2570270,2554947,15323,15323,66,2160475,1877516,0,1900153,0,0,0,0,2160475,15323,282959,22637,0,66,2160475,1877516,0,1900153,0,0,0,0,2160475,15323,282959,22637,0
187,0.1869,0.1869,2622699,2605723,2622699,2605723,16976,16976,68,2213637,1900153,0,1925232,0,0,0,0,2213637,16976,313484,25079,0,68,2213637,1900153,0,1925232,0,0,0,0,2213637,16976,313484,25079,0
188,0.1879,0.1879,2675128,2659619,2675128,2659619,15509,15509,67,2211626,1925232,0,1948143,0,0,0,0,2211626,15509,286394,22911,0,67,2211626,1925232,0,1948143,0,0,0,0,2211626,15509,286394,22911,0
189,0.1889,0.1889,2710260,2712027,2710260,2712027,-1767,-1767,58,1915513,1948143,0,1945533,0,0,0,0,1915513,-1767,-32630,-2610,0,58,1915513,1948143,0,1945533,0,0,0,0,1915513,-1767,-32630,-2610,0
190,0.1899,0.1899,2715503,2761081,2715503,2761081,-45578,-45578,34,1103877,1945533,0,1878201,0,0,0,0,1103877,-45578,-841656,-67332,0,34,1103877,1945533,0,1878201,0,0,0,0,1103877,-45578,-841656,-67332,0
191,0.1909,0.1909,2767931,2789859,2767931,2789859,-21928,-21928,45,1473272,1878201,0,1845807,0,0,0,0,1473272,-21928,-404929,-32394,0,45,1473272,1878201,0,1845807,0,0,0,0,1473272,-21928,-404929,-32394,0
192,0.1919,0.1919,2820360,2822528,2820360,2822528,-2168,-2168,55,1805772,1845807,0,1842604,0,0,0,0,1805772,-2168,-40035,-3203,0,55,1805772,1845807,0,1842604,0,0,0,0,1805772,-2168,-40035,-3203,0
193,0.1929,0.1929,2872789,2860383,2872789,2860383,12406,12406,63,2071697,1842604,0,1860931,0,0,0,0,2071697,12406,229093,18327,0,63,2071697,1842604,0,1860931,0,0,0,0,2071697,12406,229093,18327,0
194,0.1939,0.1939,2925218,2902213,2925218,2902213,23005,23005,70,2285748,1860931,0,1894916,0,0,0,0,2285748,23005,424817,33985,0,70,2285748,1860931,0,1894916,0,0,0,0,2285748,23005,424817,33985,0
195,0.1949,0.1949,2977647,2947176,2977647,2947176,30471,30471,75,2457602,1894916,0,1939931,0,0,0,0,2457602,30471,562686,45015,0,75,2457602,1894916,0,1939931,0,0,0,0,2457602,30471,562686,45015,0
196,0.1959,0.1959,3030075,3002724,3030075,3002724,27351,27351,75,2445002,1939931,0,1980337,0,0,0,0,2445002,27351,505071,40406,0,75,2445002,1939931,0,1980337,0,0,0,0,2445002,27351,505071,40406,0
197,0.1969,0.1969,3082504,3062886,3082504,3062886,19618,19618,71,2342608,1980337,0,2009319,0,0,0,0,2342608,19618,362271,28982,0,71,2342608,1980337,0,2009319,0,0,0,0,2342608,19618,362271,28982,0
198,0.1979,0.1979,3134933,3118183,3134933,3118183,16750,16750,71,2318629,2009319,0,2034064,0,0,0,0,2318629,16750,309310,24745,0,71,2318629,2009319,0,2034064,0,0,0,0,2318629,16750,309310,24745,0
199,0.1989,0.1989,3150926,3173371,3150926,3173371,-22445,-22445,49,1619588,2034064,0,2000906,0,0,0,0,1619588,-22445,-414476,-33158,0,49,1619588,2034064,0,2000906,0,0,0,0,1619588,-22445,-414476,-33158,0
200,0.1999,0.1999,3156168,3213256,3156168,3213256,-57088,-57088,29,946703,2000906,0,1916570,0,0,0,0,946703,-57088,-1054203,-84336,0,29,946703,2000906,0,1916570,0,0,0,0,946703,-57088,-1054203,-84336,0
