row_index,parameter_profile,case_id,v_alpha_raw,v_beta_raw,vdc_raw,source_sector,oracle_sector,sector_match,sector_exception,source_t1_norm,oracle_t1_norm,t1_error,source_t2_norm,oracle_t2_norm,t2_error,source_duty_u_norm,oracle_duty_u_norm,duty_u_error,source_duty_v_norm,oracle_duty_v_norm,duty_v_error,source_duty_w_norm,oracle_duty_w_norm,duty_w_error
0,real_commissioning,zero_reset1,0,0,1572864,2,2,1,0,0E+4,0,0,-0E+4,0,0,0.5,0.5,0.0,0.5,0.5,0.0,0.5,0.5,0.0
1,real_commissioning,zero_reset2,0,0,1572864,2,2,1,0,0E+4,0,0,-0E+4,0,0,0.5,0.5,0.0,0.5,0.5,0.0,0.5,0.5,0.0
2,real_commissioning,zero,0,0,1572864,2,2,1,0,0E+4,0,0,-0E+4,0,0,0.5,0.5,0.0,0.5,0.5,0.0,0.5,0.5,0.0
3,real_commissioning,d_current_reset1,0,0,1572864,2,2,1,0,0E+4,0,0,-0E+4,0,0,0.5,0.5,0.0,0.5,0.5,0.0,0.5,0.5,0.0
4,real_commissioning,d_current_reset2,0,0,1572864,2,2,1,0,0E+4,0,0,-0E+4,0,0,0.5,0.5,0.0,0.5,0.5,0.0,0.5,0.5,0.0
5,real_commissioning,d_current,-71475,0,1572864,4,4,1,0,-0E+4,0,0,0.0681640625,0.06816387176513671875,1.9073486328125E-7,0.53408203125,0.534081935882568359375,9.5367431640625E-8,0.46591796875,0.465918064117431640625,9.5367431640625E-8,0.46591796875,0.465918064117431640625,9.5367431640625E-8
6,real_commissioning,q_current_reset1,0,0,1572864,2,2,1,0,0E+4,0,0,-0E+4,0,0,0.5,0.5,0.0,0.5,0.5,0.0,0.5,0.5,0.0
7,real_commissioning,q_current_reset2,0,0,1572864,2,2,1,0,0E+4,0,0,-0E+4,0,0,0.5,0.5,0.0,0.5,0.5,0.0,0.5,0.5,0.0
8,real_commissioning,q_current,0,-71475,1572864,6,6,1,0,0.0393533854166667,0.0393532752059400081634521484375,1.102107266918365478515625E-7,0.0393533854166667,0.0393532752059400081634521484375,1.102107266918365478515625E-7,0.5,0.5,0.0,0.539353385416667,0.53935325145721435546875,1.3395945264453125E-7,0.460646614583333,0.46064674854278564453125,1.3395945264453125E-7
9,real_commissioning,common_mode_reset1,0,0,1572864,2,2,1,0,0E+4,0,0,-0E+4,0,0,0.5,0.5,0.0,0.5,0.5,0.0,0.5,0.5,0.0
10,real_commissioning,common_mode_reset2,0,0,1572864,2,2,1,0,0E+4,0,0,-0E+4,0,0,0.5,0.5,0.0,0.5,0.5,0.0,0.5,0.5,0.0
11,real_commissioning,common_mode,0,0,1572864,2,2,1,0,0E+4,0,0,-0E+4,0,0,0.5,0.5,0.0,0.5,0.5,0.0,0.5,0.5,0.0
12,real_commissioning,angle_0.0000_reset1,0,0,1572864,2,2,1,0,0E+4,0,0,-0E+4,0,0,0.5,0.5,0.0,0.5,0.5,0.0,0.5,0.5,0.0
13,real_commissioning,angle_0.0000_reset2,0,0,1572864,2,2,1,0,0E+4,0,0,-0E+4,0,0,0.5,0.5,0.0,0.5,0.5,0.0,0.5,0.5,0.0
14,real_commissioning,angle_0.0000,14295,2211,1572864,3,3,1,0,0.0124152145177991,0.0124154244549572467803955078125,2.099371581467803955078125E-7,0.0024353365646307,0.00243484065867960453033447265625,4.9590595109546966552734375E-7,0.492574724458785,0.492574870586395263671875,1.46127610263671875E-7,0.504989938976584,0.504990279674530029296875,3.40697946029296875E-7,0.507425275541215,0.507425129413604736328125,1.46127610263671875E-7
15,real_commissioning,angle_1.5708_reset1,0,0,1572864,2,2,1,0,0E+4,0,0,-0E+4,0,0,0.5,0.5,0.0,0.5,0.5,0.0,0.5,0.5,0.0
16,real_commissioning,angle_1.5708_reset2,0,0,1572864,2,2,1,0,0E+4,0,0,-0E+4,0,0,0.5,0.5,0.0,0.5,0.5,0.0,0.5,0.5,0.0
17,real_commissioning,angle_1.5708,0,45097,1572864,1,1,1,0,0.0248296292322009,0.02482986566610634326934814453125,2.3643390544326934814453125E-7,0.0248296292322009,0.02482986566610634326934814453125,2.3643390544326934814453125E-7,0.5,0.5,0.0,0.475170370767799,0.475170135498046875,2.35269752125E-7,0.524829629232201,0.524829864501953125,2.35269752125E-7
18,real_commissioning,angle_3.1416_reset1,0,0,1572864,2,2,1,0,0E+4,0,0,-0E+4,0,0,0.5,0.5,0.0,0.5,0.5,0.0,0.5,0.5,0.0
19,real_commissioning,angle_3.1416_reset2,0,0,1572864,2,2,1,0,0E+4,0,0,-0E+4,0,0,0.5,0.5,0.0,0.5,0.5,0.0,0.5,0.5,0.0
20,real_commissioning,angle_3.1416,-42885,30802,1572864,5,5,1,0,0.0339198626062974,0.0339203798212110996246337890625,5.172149136996246337890625E-7,0.0239394853511324,0.02393911243416368961334228515625,3.7291696871038665771484375E-7,0.528929673978715,0.528929769992828369140625,9.6014113369140625E-8,0.471070326021285,0.471070230007171630859375,9.6014113369140625E-8,0.504990188627582,0.504990637302398681640625,4.48674816681640625E-7
21,real_commissioning,angle_4.7124_reset1,0,0,1572864,2,2,1,0,0E+4,0,0,-0E+4,0,0,0.5,0.5,0.0,0.5,0.5,0.0,0.5,0.5,0.0
22,real_commissioning,angle_4.7124_reset2,0,0,1572864,2,2,1,0,0E+4,0,0,-0E+4,0,0,0.5,0.5,0.0,0.5,0.5,0.0,0.5,0.5,0.0
23,real_commissioning,angle_4.7124,-28590,-12084,1572864,4,4,1,0,0.0133069264562026,0.01330737839452922344207763671875,4.5193832662344207763671875E-7,0.0206125458988676,0.0206122435629367828369140625,3.023359308171630859375E-7,0.516959736177535,0.51695978641510009765625,5.023756509765625E-8,0.496347190278667,0.49634754657745361328125,3.5629878661328125E-7,0.483040263822465,0.48304021358489990234375,5.023756509765625E-8
24,real_commissioning,angle_6.2832_reset1,0,0,1572864,2,2,1,0,0E+4,0,0,-0E+4,0,0,0.5,0.5,0.0,0.5,0.5,0.0,0.5,0.5,0.0
25,real_commissioning,angle_6.2832_reset2,0,0,1572864,2,2,1,0,0E+4,0,0,-0E+4,0,0,0.5,0.5,0.0,0.5,0.5,0.0,0.5,0.5,0.0
26,real_commissioning,angle_6.2832,14295,2211,1572864,3,3,1,0,0.0124152145177991,0.0124154244549572467803955078125,2.099371581467803955078125E-7,0.0024353365646307,0.00243484065867960453033447265625,4.9590595109546966552734375E-7,0.492574724458785,0.492574870586395263671875,1.46127610263671875E-7,0.504989938976584,0.504990279674530029296875,3.40697946029296875E-7,0.507425275541215,0.507425129413604736328125,1.46127610263671875E-7
27,real_commissioning,sector_15_reset1,0,0,1572864,2,2,1,0,0E+4,0,0,-0E+4,0,0,0.5,0.5,0.0,0.5,0.5,0.0,0.5,0.5,0.0
28,real_commissioning,sector_15_reset2,0,0,1572864,2,2,1,0,0E+4,0,0,-0E+4,0,0,0.5,0.5,0.0,0.5,0.5,0.0,0.5,0.5,0.0
29,real_commissioning,sector_15,69040,18499,1572864,3,3,1,0,0.0556560227584391,0.0556563478894531726837158203125,3.251310140726837158203125E-7,0.020371987414024,0.02037182985804975032806396484375,1.5755597424967193603515625E-7,0.461985994913769,0.461985886096954345703125,1.08816814654296875E-7,0.517642017672208,0.5176422595977783203125,2.419255703203125E-7,0.538014005086232,0.538014113903045654296875,1.08816813654296875E-7
30,real_commissioning,sector_75_reset1,0,0,1572864,2,2,1,0,0E+4,0,0,-0E+4,0,0,0.5,0.5,0.0,0.5,0.5,0.0,0.5,0.5,0.0
31,real_commissioning,sector_75_reset2,0,0,1572864,2,2,1,0,0E+4,0,0,-0E+4,0,0,0.5,0.5,0.0,0.5,0.5,0.0,0.5,0.5,0.0
32,real_commissioning,sector_75,18499,69040,1572864,1,1,1,0,0.0203702937593074,0.0203705723397433757781982421875,2.785804359757781982421875E-7,0.0556546088924245,0.0556546146981418132781982421875,5.8057173132781982421875E-9,0.482357842433441,0.48235797882080078125,1.3638735978125E-7,0.461987548674134,0.461987435817718505859375,1.12856415494140625E-7,0.538012451325866,0.538012564182281494140625,1.12856415494140625E-7
33,real_commissioning,sector_135_reset1,0,0,1572864,2,2,1,0,0E+4,0,0,-0E+4,0,0,0.5,0.5,0.0,0.5,0.5,0.0,0.5,0.5,0.0
34,real_commissioning,sector_135_reset2,0,0,1572864,2,2,1,0,0E+4,0,0,-0E+4,0,0,0.5,0.5,0.0,0.5,0.5,0.0,0.5,0.5,0.0
35,real_commissioning,sector_135,-50541,50541,1572864,5,5,1,0,0.0556573046662674,0.0556577467359602451324462890625,4.420696928451324462890625E-7,0.0203722251362009,0.0203723870217800140380859375,1.618855791140380859375E-7,0.538014764901234,0.538015067577362060546875,3.02676128060546875E-7,0.461985235098766,0.461984932422637939453125,3.02676128060546875E-7,0.517642539765033,0.517642676830291748046875,1.37065258748046875E-7
36,real_commissioning,sector_195_reset1,0,0,1572864,2,2,1,0,0E+4,0,0,-0E+4,0,0,0.5,0.5,0.0,0.5,0.5,0.0,0.5,0.5,0.0
37,real_commissioning,sector_195_reset2,0,0,1572864,2,2,1,0,0E+4,0,0,-0E+4,0,0,0.5,0.5,0.0,0.5,0.5,0.0,0.5,0.5,0.0
38,real_commissioning,sector_195,-69040,-18499,1572864,4,4,1,0,0.020371987414024,0.02037182985804975032806396484375,1.5755597424967193603515625E-7,0.0556560227584391,0.0556563478894531726837158203125,3.251310140726837158203125E-7,0.538014005086232,0.538014113903045654296875,1.08816813654296875E-7,0.482357982327792,0.4823577404022216796875,2.419255703203125E-7,0.461985994913769,0.461985886096954345703125,1.08816814654296875E-7
39,real_commissioning,sector_255_reset1,0,0,1572864,2,2,1,0,0E+4,0,0,-0E+4,0,0,0.5,0.5,0.0,0.5,0.5,0.0,0.5,0.5,0.0
40,real_commissioning,sector_255_reset2,0,0,1572864,2,2,1,0,0E+4,0,0,-0E+4,0,0,0.5,0.5,0.0,0.5,0.5,0.0,0.5,0.5,0.0
41,real_commissioning,sector_255,-18499,-69040,1572864,6,6,1,0,0.0556546088924245,0.0556546146981418132781982421875,5.8057173132781982421875E-9,0.0203702937593074,0.0203705723397433757781982421875,2.785804359757781982421875E-7,0.517642157566559,0.51764202117919921875,1.3638735978125E-7,0.538012451325866,0.538012564182281494140625,1.12856415494140625E-7,0.461987548674134,0.461987435817718505859375,1.12856415494140625E-7
42,real_commissioning,sector_315_reset1,0,0,1572864,2,2,1,0,0E+4,0,0,-0E+4,0,0,0.5,0.5,0.0,0.5,0.5,0.0,0.5,0.5,0.0
43,real_commissioning,sector_315_reset2,0,0,1572864,2,2,1,0,0E+4,0,0,-0E+4,0,0,0.5,0.5,0.0,0.5,0.5,0.0,0.5,0.5,0.0
44,real_commissioning,sector_315,50541,-50541,1572864,2,2,1,0,0.0203722251362008,0.0203723870217800140380859375,1.618855792140380859375E-7,0.0556573046662674,0.0556577467359602451324462890625,4.420696928451324462890625E-7,0.461985235098766,0.461984932422637939453125,3.02676128060546875E-7,0.538014764901234,0.538015067577362060546875,3.02676128060546875E-7,0.482357460234967,0.482357323169708251953125,1.37065258748046875E-7
45,real_commissioning,edge_1_0_reset1,0,0,1572864,2,2,1,0,0E+4,0,0,-0E+4,0,0,0.5,0.5,0.0,0.5,0.5,0.0,0.5,0.5,0.0
46,real_commissioning,edge_1_0_reset2,0,0,1572864,2,2,1,0,0E+4,0,0,-0E+4,0,0,0.5,0.5,0.0,0.5,0.5,0.0,0.5,0.5,0.0
47,real_commissioning,edge_1_0,71475,0,1572864,2,2,1,0,0.0681640625,0.06816387176513671875,1.9073486328125E-7,-0E+4,0,0,0.46591796875,0.465918064117431640625,9.5367431640625E-8,0.53408203125,0.534081935882568359375,9.5367431640625E-8,0.53408203125,0.534081935882568359375,9.5367431640625E-8
48,real_commissioning,edge_1_1.732_reset1,0,0,1572864,2,2,1,0,0E+4,0,0,-0E+4,0,0,0.5,0.5,0.0,0.5,0.5,0.0,0.5,0.5,0.0
49,real_commissioning,edge_1_1.732_reset2,0,0,1572864,2,2,1,0,0E+4,0,0,-0E+4,0,0,0.5,0.5,0.0,0.5,0.5,0.0,0.5,0.5,0.0
50,real_commissioning,edge_1_1.732,71475,123795,1572864,3,1,0,1,0.00000399895833333441,-0.0000038337893784046173095703125,0.0000078327477117390273095703125,0.136327997760417,0.1363239097408950328826904296875,0.0000040880195219671173095703125,0.431834001640625,0.43183612823486328125,0.00000212659423828125,0.431838000598958,0.43183994293212890625,0.00000194233317090625,0.568165998359375,0.56816005706787109375,0.00000594129150390625
51,real_commissioning,edge_-1_1.732_reset1,0,0,1572864,2,2,1,0,0E+4,0,0,-0E+4,0,0,0.5,0.5,0.0,0.5,0.5,0.0,0.5,0.5,0.0
52,real_commissioning,edge_-1_1.732_reset2,0,0,1572864,2,2,1,0,0E+4,0,0,-0E+4,0,0,0.5,0.5,0.0,0.5,0.5,0.0,0.5,0.5,0.0
53,real_commissioning,edge_-1_1.732,-71475,123795,1572864,1,1,1,0,0.136324126041667,0.1363239097408950328826904296875,2.163007719671173095703125E-7,-0.00000399895833333441,-0.0000038337893784046173095703125,1.651689549297926904296875E-7,0.5681640625,0.56816387176513671875,1.9073486328125E-7,0.431839936458333,0.43183994293212890625,6.47379590625E-9,0.568160063541667,0.56816005706787109375,6.47379590625E-9
54,real_commissioning,edge_-1_0_reset1,0,0,1572864,2,2,1,0,0E+4,0,0,-0E+4,0,0,0.5,0.5,0.0,0.5,0.5,0.0,0.5,0.5,0.0
55,real_commissioning,edge_-1_0_reset2,0,0,1572864,2,2,1,0,0E+4,0,0,-0E+4,0,0,0.5,0.5,0.0,0.5,0.5,0.0,0.5,0.5,0.0
56,real_commissioning,edge_-1_0,-71475,0,1572864,4,4,1,0,-0E+4,0,0,0.0681640625,0.06816387176513671875,1.9073486328125E-7,0.53408203125,0.534081935882568359375,9.5367431640625E-8,0.46591796875,0.465918064117431640625,9.5367431640625E-8,0.46591796875,0.465918064117431640625,9.5367431640625E-8
57,real_commissioning,edge_-1_-1.732_reset1,0,0,1572864,2,2,1,0,0E+4,0,0,-0E+4,0,0,0.5,0.5,0.0,0.5,0.5,0.0,0.5,0.5,0.0
58,real_commissioning,edge_-1_-1.732_reset2,0,0,1572864,2,2,1,0,0E+4,0,0,-0E+4,0,0,0.5,0.5,0.0,0.5,0.5,0.0,0.5,0.5,0.0
59,real_commissioning,edge_-1_-1.732,-71475,-123795,1572864,6,6,1,0,0.136324126041667,0.1363239097408950328826904296875,2.163007719671173095703125E-7,-0.00000399895833333441,-0.0000038337893784046173095703125,1.651689549297926904296875E-7,0.5681640625,0.56816387176513671875,1.9073486328125E-7,0.568160063541667,0.56816005706787109375,6.47379590625E-9,0.431839936458333,0.43183994293212890625,6.47379590625E-9
60,real_commissioning,edge_1_-1.732_reset1,0,0,1572864,2,2,1,0,0E+4,0,0,-0E+4,0,0,0.5,0.5,0.0,0.5,0.5,0.0,0.5,0.5,0.0
61,real_commissioning,edge_1_-1.732_reset2,0,0,1572864,2,2,1,0,0E+4,0,0,-0E+4,0,0,0.5,0.5,0.0,0.5,0.5,0.0,0.5,0.5,0.0
62,real_commissioning,edge_1_-1.732,71475,-123795,1572864,2,6,0,1,0.00000399895833333441,-0.0000038337893784046173095703125,0.0000078327477117390273095703125,0.136327997760417,0.1363239097408950328826904296875,0.0000040880195219671173095703125,0.431834001640625,0.43183612823486328125,0.00000212659423828125,0.568165998359375,0.56816005706787109375,0.00000594129150390625,0.431838000598958,0.43183994293212890625,0.00000194233317090625
63,real_commissioning,feedforward_reset1,0,0,1572864,2,2,1,0,0E+4,0,0,-0E+4,0,0,0.5,0.5,0.0,0.5,0.5,0.0,0.5,0.5,0.0
64,real_commissioning,feedforward_reset2,0,0,1572864,2,2,1,0,0E+4,0,0,-0E+4,0,0,0.5,0.5,0.0,0.5,0.5,0.0,0.5,0.5,0.0
65,real_commissioning,feedforward,-125141,480409,1572864,1,1,1,0,0.383850657378576,0.3838511747308075428009033203125,5.173522315428009033203125E-7,0.145163685731697,0.1451636594720184803009033203125,2.62596785196990966796875E-8,0.619343485823439,0.61934375762939453125,2.7180595553125E-7,0.235492828444864,0.23549258708953857421875,2.4135532542578125E-7,0.764507171555136,0.76450741291046142578125,2.4135532542578125E-7
66,real_commissioning,sat_start_reset1,0,0,1572864,2,2,1,0,0E+4,0,0,-0E+4,0,0,0.5,0.5,0.0,0.5,0.5,0.0,0.5,0.5,0.0
67,real_commissioning,sat_start_reset2,0,0,1572864,2,2,1,0,0E+4,0,0,-0E+4,0,0,0.5,0.5,0.0,0.5,0.5,0.0,0.5,0.5,0.0
68,real_commissioning,sat_start,756527,-309209,1572864,2,2,1,0,0.551233358272965,0.5512336133979260921478271484375,2.551249610921478271484375E-7,0.340513278177635,0.34051317139528691768646240234375,1.0678234808231353759765625E-7,0.0541266817747002,0.05412662029266357421875,6.148203662578125E-8,0.9458733182253,0.94587337970733642578125,6.148203642578125E-8,0.605360040047665,0.605360209941864013671875,1.69894199013671875E-7
69,real_commissioning,sat_hold_1,756527,-309209,1572864,2,2,1,0,0.551233359111079,0.5512336133979260921478271484375,2.542868470921478271484375E-7,0.340513278695363,0.34051317139528691768646240234375,1.0730007608231353759765625E-7,0.0541266810967793,0.05412662029266357421875,6.080411572578125E-8,0.945873318903221,0.94587337970733642578125,6.080411542578125E-8,0.605360040207858,0.605360209941864013671875,1.69734006013671875E-7
70,real_commissioning,sat_hold_2,756527,-309209,1572864,2,2,1,0,0.551233359106968,0.5512336133979260921478271484375,2.542909580921478271484375E-7,0.340513278692824,0.34051317139528691768646240234375,1.0729753708231353759765625E-7,0.0541266811001043,0.05412662029266357421875,6.080744072578125E-8,0.945873318899896,0.94587337970733642578125,6.080744042578125E-8,0.605360040207072,0.605360209941864013671875,1.69734792013671875E-7
71,real_commissioning,sat_hold_3,756527,-309209,1572864,2,2,1,0,0.551233358951248,0.5512336133979260921478271484375,2.544466780921478271484375E-7,0.340513278596631,0.34051317139528691768646240234375,1.0720134408231353759765625E-7,0.0541266812260604,0.05412662029266357421875,6.093339682578125E-8,0.94587331877394,0.94587337970733642578125,6.093339642578125E-8,0.605360040177309,0.605360209941864013671875,1.69764555013671875E-7
72,real_commissioning,sat_hold_4,756527,-309209,1572864,2,2,1,0,0.551233358788382,0.5512336133979260921478271484375,2.546095440921478271484375E-7,0.340513278496023,0.34051317139528691768646240234375,1.0710073608231353759765625E-7,0.0541266813577974,0.05412662029266357421875,6.106513382578125E-8,0.945873318642203,0.94587337970733642578125,6.106513342578125E-8,0.605360040146179,0.605360209941864013671875,1.69795685013671875E-7
73,real_commissioning,recovery_1,122627,-81751,1572864,2,2,1,0,0.0719348181297493,0.07193510304205119609832763671875,2.8491230189609832763671875E-7,0.0900276723139733,0.09002743219025433063507080078125,2.4012371896936492919921875E-7,0.419018754778139,0.41901874542236328125,9.35577571875E-9,0.580981245221861,0.58098125457763671875,9.35577571875E-9,0.490953572907888,0.490953862667083740234375,2.89759195740234375E-7
74,real_commissioning,recovery_2,-204259,136173,1572864,5,5,1,0,0.149958883272601,0.14995908946730196475982666015625,2.0619470096475982666015625E-7,0.119821658362265,0.119821346364915370941162109375,3.11997349629058837890625E-7,0.634890270817433,0.63489019870758056640625,7.210985243359375E-8,0.365109729182567,0.36510980129241943359375,7.210985243359375E-8,0.515068612455168,0.51506888866424560546875,2.7620907760546875E-7
75,real_commissioning,recovery_3,-204259,136173,1572864,5,5,1,0,0.149958883272601,0.14995908946730196475982666015625,2.0619470096475982666015625E-7,0.119821658362265,0.119821346364915370941162109375,3.11997349629058837890625E-7,0.634890270817433,0.63489019870758056640625,7.210985243359375E-8,0.365109729182567,0.36510980129241943359375,7.210985243359375E-8,0.515068612455168,0.51506888866424560546875,2.7620907760546875E-7
76,real_commissioning,recovery_4,-204259,136173,1572864,5,5,1,0,0.149958883272601,0.14995908946730196475982666015625,2.0619470096475982666015625E-7,0.119821658362265,0.119821346364915370941162109375,3.11997349629058837890625E-7,0.634890270817433,0.63489019870758056640625,7.210985243359375E-8,0.365109729182567,0.36510980129241943359375,7.210985243359375E-8,0.515068612455168,0.51506888866424560546875,2.7620907760546875E-7
77,real_commissioning,q_zero,-139932,0,1572864,4,4,1,0,-0E+4,0,0,0.133449114931428,0.133449554443359375,4.39511931375E-7,0.566724557465714,0.5667247772216796875,2.197559656875E-7,0.433275442534286,0.4332752227783203125,2.197559656875E-7,0.433275442534286,0.4332752227783203125,2.197559656875E-7
78,real_commissioning,reset_after_sat,0,0,1572864,2,2,1,0,0E+4,0,0,-0E+4,0,0,0.5,0.5,0.0,0.5,0.5,0.0,0.5,0.5,0.0
79,real_commissioning,release,14295,-14295,1572864,2,2,1,0,0.00576213541666667,0.0057621193118393421173095703125,1.61048273278826904296875E-8,0.0157422630208333,0.015742219053208827972412109375,4.3967624472027587890625E-8,0.48924780078125,0.489247858524322509765625,5.7743072509765625E-8,0.51075219921875,0.510752141475677490234375,5.7743072509765625E-8,0.495009936197917,0.495009958744049072265625,2.2546132072265625E-8
80,MIL_PI_override,zero_reset1,0,0,1572864,2,2,1,0,0E+4,0,0,-0E+4,0,0,0.5,0.5,0.0,0.5,0.5,0.0,0.5,0.5,0.0
81,MIL_PI_override,zero_reset2,0,0,1572864,2,2,1,0,0E+4,0,0,-0E+4,0,0,0.5,0.5,0.0,0.5,0.5,0.0,0.5,0.5,0.0
82,MIL_PI_override,zero,0,0,1572864,2,2,1,0,0E+4,0,0,-0E+4,0,0,0.5,0.5,0.0,0.5,0.5,0.0,0.5,0.5,0.0
83,MIL_PI_override,d_current_reset1,0,0,1572864,2,2,1,0,0E+4,0,0,-0E+4,0,0,0.5,0.5,0.0,0.5,0.5,0.0,0.5,0.5,0.0
84,MIL_PI_override,d_current_reset2,0,0,1572864,2,2,1,0,0E+4,0,0,-0E+4,0,0,0.5,0.5,0.0,0.5,0.5,0.0,0.5,0.5,0.0
85,MIL_PI_override,d_current,-142950,0,1572864,4,4,1,0,-0E+4,0,0,0.136328125,0.1363277435302734375,3.814697265625E-7,0.5681640625,0.56816387176513671875,1.9073486328125E-7,0.4318359375,0.43183612823486328125,1.9073486328125E-7,0.4318359375,0.43183612823486328125,1.9073486328125E-7
86,MIL_PI_override,q_current_reset1,0,0,1572864,2,2,1,0,0E+4,0,0,-0E+4,0,0,0.5,0.5,0.0,0.5,0.5,0.0,0.5,0.5,0.0
87,MIL_PI_override,q_current_reset2,0,0,1572864,2,2,1,0,0E+4,0,0,-0E+4,0,0,0.5,0.5,0.0,0.5,0.5,0.0,0.5,0.5,0.0
88,MIL_PI_override,q_current,0,-142950,1572864,6,6,1,0,0.0787067708333333,0.07870655064471065998077392578125,2.2018862264001922607421875E-7,0.0787067708333333,0.07870655064471065998077392578125,2.2018862264001922607421875E-7,0.5,0.5,0.0,0.578706770833333,0.578706562519073486328125,2.08314259513671875E-7,0.421293229166667,0.421293437480926513671875,2.08314259513671875E-7
89,MIL_PI_override,common_mode_reset1,0,0,1572864,2,2,1,0,0E+4,0,0,-0E+4,0,0,0.5,0.5,0.0,0.5,0.5,0.0,0.5,0.5,0.0
90,MIL_PI_override,common_mode_reset2,0,0,1572864,2,2,1,0,0E+4,0,0,-0E+4,0,0,0.5,0.5,0.0,0.5,0.5,0.0,0.5,0.5,0.0
91,MIL_PI_override,common_mode,0,0,1572864,2,2,1,0,0E+4,0,0,-0E+4,0,0,0.5,0.5,0.0,0.5,0.5,0.0,0.5,0.5,0.0
92,MIL_PI_override,angle_0.0000_reset1,0,0,1572864,2,2,1,0,0E+4,0,0,-0E+4,0,0,0.5,0.5,0.0,0.5,0.5,0.0,0.5,0.5,0.0
93,MIL_PI_override,angle_0.0000_reset2,0,0,1572864,2,2,1,0,0E+4,0,0,-0E+4,0,0,0.5,0.5,0.0,0.5,0.5,0.0,0.5,0.5,0.0
94,MIL_PI_override,angle_0.0000,28590,4423,1572864,3,3,1,0,0.0248304290355982,0.0248302980326116085052490234375,1.310029865914947509765625E-7,0.0048706731292614,0.00487078237347304821014404296875,1.0924421164821014404296875E-7,0.48514944891757,0.485149443149566650390625,5.768003349609375E-9,0.509979877953168,0.509979784488677978515625,9.3464490021484375E-8,0.51485055108243,0.514850556850433349609375,5.768003349609375E-9
95,MIL_PI_override,angle_1.5708_reset1,0,0,1572864,2,2,1,0,0E+4,0,0,-0E+4,0,0,0.5,0.5,0.0,0.5,0.5,0.0,0.5,0.5,0.0
96,MIL_PI_override,angle_1.5708_reset2,0,0,1572864,2,2,1,0,0E+4,0,0,-0E+4,0,0,0.5,0.5,0.0,0.5,0.5,0.0,0.5,0.5,0.0
97,MIL_PI_override,angle_1.5708,0,90193,1572864,1,1,1,0,0.0496592584644018,0.0496591809205710887908935546875,7.75438307112091064453125E-8,0.0496592584644018,0.0496591809205710887908935546875,7.75438307112091064453125E-8,0.5,0.5,0.0,0.450340741535598,0.450340807437896728515625,6.5902298728515625E-8,0.549659258464402,0.549659192562103271484375,6.5902298728515625E-8
98,MIL_PI_override,angle_3.1416_reset1,0,0,1572864,2,2,1,0,0E+4,0,0,-0E+4,0,0,0.5,0.5,0.0,0.5,0.5,0.0,0.5,0.5,0.0
99,MIL_PI_override,angle_3.1416_reset2,0,0,1572864,2,2,1,0,0E+4,0,0,-0E+4,0,0,0.5,0.5,0.0,0.5,0.5,0.0,0.5,0.5,0.0
100,MIL_PI_override,angle_3.1416,-85770,61603,1572864,5,5,1,0,0.0678397252125948,0.0678396583534777164459228515625,6.68591170835540771484375E-8,0.0478789707022648,0.0478787752799689769744873046875,1.954222958230255126953125E-7,0.55785934795743,0.557859241962432861328125,1.05994997138671875E-7,0.44214065204257,0.442140758037567138671875,1.05994997138671875E-7,0.509980377255165,0.5099804401397705078125,6.28846055078125E-8
101,MIL_PI_override,angle_4.7124_reset1,0,0,1572864,2,2,1,0,0E+4,0,0,-0E+4,0,0,0.5,0.5,0.0,0.5,0.5,0.0,0.5,0.5,0.0
102,MIL_PI_override,angle_4.7124_reset2,0,0,1572864,2,2,1,0,0E+4,0,0,-0E+4,0,0,0.5,0.5,0.0,0.5,0.5,0.0,0.5,0.5,0.0
103,MIL_PI_override,angle_4.7124,-57180,-24167,1572864,4,4,1,0,0.0266138529124053,0.026613655500113964080810546875,1.97412291335919189453125E-7,0.0412250917977352,0.0412250380031764507293701171875,5.37945587492706298828125E-8,0.53391947235507,0.53391933441162109375,1.3794344890625E-7,0.492694380557335,0.492694318294525146484375,6.2262809853515625E-8,0.46608052764493,0.46608066558837890625,1.3794344890625E-7
104,MIL_PI_override,angle_6.2832_reset1,0,0,1572864,2,2,1,0,0E+4,0,0,-0E+4,0,0,0.5,0.5,0.0,0.5,0.5,0.0,0.5,0.5,0.0
105,MIL_PI_override,angle_6.2832_reset2,0,0,1572864,2,2,1,0,0E+4,0,0,-0E+4,0,0,0.5,0.5,0.0,0.5,0.5,0.0,0.5,0.5,0.0
106,MIL_PI_override,angle_6.2832,28590,4423,1572864,3,3,1,0,0.0248304290355982,0.0248302980326116085052490234375,1.310029865914947509765625E-7,0.0048706731292614,0.00487078237347304821014404296875,1.0924421164821014404296875E-7,0.48514944891757,0.485149443149566650390625,5.768003349609375E-9,0.509979877953168,0.509979784488677978515625,9.3464490021484375E-8,0.51485055108243,0.514850556850433349609375,5.768003349609375E-9
107,MIL_PI_override,sector_15_reset1,0,0,1572864,2,2,1,0,0E+4,0,0,-0E+4,0,0,0.5,0.5,0.0,0.5,0.5,0.0,0.5,0.5,0.0
108,MIL_PI_override,sector_15_reset2,0,0,1572864,2,2,1,0,0E+4,0,0,-0E+4,0,0,0.5,0.5,0.0,0.5,0.5,0.0,0.5,0.5,0.0
109,MIL_PI_override,sector_15,138079,36998,1572864,3,3,1,0,0.111312045516878,0.111311742104589939117431640625,3.03412288060882568359375E-7,0.0407439748280481,0.04074365994893014430999755859375,3.1487911795569000244140625E-7,0.423971989827537,0.423972308635711669921875,3.18808174669921875E-7,0.535284035344415,0.5352840423583984375,7.0139834375E-9,0.576028010172463,0.576027691364288330078125,3.18808174669921875E-7
110,MIL_PI_override,sector_75_reset1,0,0,1572864,2,2,1,0,0E+4,0,0,-0E+4,0,0,0.5,0.5,0.0,0.5,0.5,0.0,0.5,0.5,0.0
111,MIL_PI_override,sector_75_reset2,0,0,1572864,2,2,1,0,0E+4,0,0,-0E+4,0,0,0.5,0.5,0.0,0.5,0.5,0.0,0.5,0.5,0.0
112,MIL_PI_override,sector_75,36998,138079,1572864,1,1,1,0,0.0407405875186148,0.04074059426784515380859375,6.74923035380859375E-9,0.111309217784849,0.11130867898464202880859375,5.3880020697119140625E-7,0.464715684866883,0.4647159576416015625,2.727747185625E-7,0.423975097348268,0.42397534847259521484375,2.5112432721484375E-7,0.576024902651732,0.57602465152740478515625,2.5112432721484375E-7
113,MIL_PI_override,sector_135_reset1,0,0,1572864,2,2,1,0,0E+4,0,0,-0E+4,0,0,0.5,0.5,0.0,0.5,0.5,0.0,0.5,0.5,0.0
114,MIL_PI_override,sector_135_reset2,0,0,1572864,2,2,1,0,0E+4,0,0,-0E+4,0,0,0.5,0.5,0.0,0.5,0.5,0.0,0.5,0.5,0.0
115,MIL_PI_override,sector_135,-101081,101081,1572864,5,5,1,0,0.111314609332535,0.1113143921829760074615478515625,2.171495589925384521484375E-7,0.0407444502724017,0.040744370780885219573974609375,7.9491516480426025390625E-8,0.576029529802468,0.576029360294342041015625,1.69508125958984375E-7,0.423970470197532,0.423970639705657958984375,1.69508125958984375E-7,0.535285079530067,0.53528499603271484375,8.349735215625E-8
116,MIL_PI_override,sector_195_reset1,0,0,1572864,2,2,1,0,0E+4,0,0,-0E+4,0,0,0.5,0.5,0.0,0.5,0.5,0.0,0.5,0.5,0.0
117,MIL_PI_override,sector_195_reset2,0,0,1572864,2,2,1,0,0E+4,0,0,-0E+4,0,0,0.5,0.5,0.0,0.5,0.5,0.0,0.5,0.5,0.0
118,MIL_PI_override,sector_195,-138079,-36998,1572864,4,4,1,0,0.040743974828048,0.04074365994893014430999755859375,3.1487911785569000244140625E-7,0.111312045516878,0.111311742104589939117431640625,3.03412288060882568359375E-7,0.576028010172463,0.576027691364288330078125,3.18808174669921875E-7,0.464715964655585,0.4647159576416015625,7.0139834375E-9,0.423971989827537,0.423972308635711669921875,3.18808174669921875E-7
119,MIL_PI_override,sector_255_reset1,0,0,1572864,2,2,1,0,0E+4,0,0,-0E+4,0,0,0.5,0.5,0.0,0.5,0.5,0.0,0.5,0.5,0.0
120,MIL_PI_override,sector_255_reset2,0,0,1572864,2,2,1,0,0E+4,0,0,-0E+4,0,0,0.5,0.5,0.0,0.5,0.5,0.0,0.5,0.5,0.0
121,MIL_PI_override,sector_255,-36998,-138079,1572864,6,6,1,0,0.111309217784849,0.11130867898464202880859375,5.3880020697119140625E-7,0.0407405875186148,0.04074059426784515380859375,6.74923035380859375E-9,0.535284315133117,0.5352840423583984375,2.727747185625E-7,0.576024902651732,0.57602465152740478515625,2.5112432721484375E-7,0.423975097348268,0.42397534847259521484375,2.5112432721484375E-7
122,MIL_PI_override,sector_315_reset1,0,0,1572864,2,2,1,0,0E+4,0,0,-0E+4,0,0,0.5,0.5,0.0,0.5,0.5,0.0,0.5,0.5,0.0
123,MIL_PI_override,sector_315_reset2,0,0,1572864,2,2,1,0,0E+4,0,0,-0E+4,0,0,0.5,0.5,0.0,0.5,0.5,0.0,0.5,0.5,0.0
124,MIL_PI_override,sector_315,101081,-101081,1572864,2,2,1,0,0.0407444502724017,0.040744370780885219573974609375,7.9491516480426025390625E-8,0.111314609332535,0.1113143921829760074615478515625,2.171495589925384521484375E-7,0.423970470197532,0.423970639705657958984375,1.69508125958984375E-7,0.576029529802468,0.576029360294342041015625,1.69508125958984375E-7,0.464714920469934,0.46471500396728515625,8.349735115625E-8
125,MIL_PI_override,edge_1_0_reset1,0,0,1572864,2,2,1,0,0E+4,0,0,-0E+4,0,0,0.5,0.5,0.0,0.5,0.5,0.0,0.5,0.5,0.0
126,MIL_PI_override,edge_1_0_reset2,0,0,1572864,2,2,1,0,0E+4,0,0,-0E+4,0,0,0.5,0.5,0.0,0.5,0.5,0.0,0.5,0.5,0.0
127,MIL_PI_override,edge_1_0,142950,0,1572864,2,2,1,0,0.136328125,0.1363277435302734375,3.814697265625E-7,-0E+4,0,0,0.4318359375,0.43183612823486328125,1.9073486328125E-7,0.5681640625,0.56816387176513671875,1.9073486328125E-7,0.5681640625,0.56816387176513671875,1.9073486328125E-7
128,MIL_PI_override,edge_1_1.732_reset1,0,0,1572864,2,2,1,0,0E+4,0,0,-0E+4,0,0,0.5,0.5,0.0,0.5,0.5,0.0,0.5,0.5,0.0
129,MIL_PI_override,edge_1_1.732_reset2,0,0,1572864,2,2,1,0,0E+4,0,0,-0E+4,0,0,0.5,0.5,0.0,0.5,0.5,0.0,0.5,0.5,0.0
130,MIL_PI_override,edge_1_1.732,142950,247590,1572864,3,1,0,1,0.00000799791666666883,-0.000007667578756809234619140625,0.000015665495423478064619140625,0.272655995520833,0.272647819481790065765380859375,0.000008176039042934234619140625,0.36366800328125,0.3636722564697265625,0.0000042531884765625,0.363676001197917,0.363679945468902587890625,0.000003944270985587890625,0.63633199671875,0.636320054531097412109375,0.000011942187652587890625
131,MIL_PI_override,edge_-1_1.732_reset1,0,0,1572864,2,2,1,0,0E+4,0,0,-0E+4,0,0,0.5,0.5,0.0,0.5,0.5,0.0,0.5,0.5,0.0
132,MIL_PI_override,edge_-1_1.732_reset2,0,0,1572864,2,2,1,0,0E+4,0,0,-0E+4,0,0,0.5,0.5,0.0,0.5,0.5,0.0,0.5,0.5,0.0
133,MIL_PI_override,edge_-1_1.732,-142950,247590,1572864,1,1,1,0,0.272648252083333,0.272647819481790065765380859375,4.32601542934234619140625E-7,-0.00000799791666666883,-0.000007667578756809234619140625,3.30337909859595380859375E-7,0.636328125,0.6363277435302734375,3.814697265625E-7,0.363679872916667,0.363679945468902587890625,7.2552235587890625E-8,0.636320127083333,0.636320054531097412109375,7.2552235587890625E-8
134,MIL_PI_override,edge_-1_0_reset1,0,0,1572864,2,2,1,0,0E+4,0,0,-0E+4,0,0,0.5,0.5,0.0,0.5,0.5,0.0,0.5,0.5,0.0
135,MIL_PI_override,edge_-1_0_reset2,0,0,1572864,2,2,1,0,0E+4,0,0,-0E+4,0,0,0.5,0.5,0.0,0.5,0.5,0.0,0.5,0.5,0.0
136,MIL_PI_override,edge_-1_0,-142950,0,1572864,4,4,1,0,-0E+4,0,0,0.136328125,0.1363277435302734375,3.814697265625E-7,0.5681640625,0.56816387176513671875,1.9073486328125E-7,0.4318359375,0.43183612823486328125,1.9073486328125E-7,0.4318359375,0.43183612823486328125,1.9073486328125E-7
137,MIL_PI_override,edge_-1_-1.732_reset1,0,0,1572864,2,2,1,0,0E+4,0,0,-0E+4,0,0,0.5,0.5,0.0,0.5,0.5,0.0,0.5,0.5,0.0
138,MIL_PI_override,edge_-1_-1.732_reset2,0,0,1572864,2,2,1,0,0E+4,0,0,-0E+4,0,0,0.5,0.5,0.0,0.5,0.5,0.0,0.5,0.5,0.0
139,MIL_PI_override,edge_-1_-1.732,-142950,-247590,1572864,6,6,1,0,0.272648252083333,0.272647819481790065765380859375,4.32601542934234619140625E-7,-0.00000799791666666883,-0.000007667578756809234619140625,3.30337909859595380859375E-7,0.636328125,0.6363277435302734375,3.814697265625E-7,0.636320127083333,0.636320054531097412109375,7.2552235587890625E-8,0.363679872916667,0.363679945468902587890625,7.2552235587890625E-8
140,MIL_PI_override,edge_1_-1.732_reset1,0,0,1572864,2,2,1,0,0E+4,0,0,-0E+4,0,0,0.5,0.5,0.0,0.5,0.5,0.0,0.5,0.5,0.0
141,MIL_PI_override,edge_1_-1.732_reset2,0,0,1572864,2,2,1,0,0E+4,0,0,-0E+4,0,0,0.5,0.5,0.0,0.5,0.5,0.0,0.5,0.5,0.0
142,MIL_PI_override,edge_1_-1.732,142950,-247590,1572864,2,6,0,1,0.00000799791666666883,-0.000007667578756809234619140625,0.000015665495423478064619140625,0.272655995520833,0.272647819481790065765380859375,0.000008176039042934234619140625,0.36366800328125,0.3636722564697265625,0.0000042531884765625,0.63633199671875,0.636320054531097412109375,0.000011942187652587890625,0.363676001197917,0.363679945468902587890625,0.000003944270985587890625
143,MIL_PI_override,feedforward_reset1,0,0,1572864,2,2,1,0,0E+4,0,0,-0E+4,0,0,0.5,0.5,0.0,0.5,0.5,0.0,0.5,0.5,0.0
144,MIL_PI_override,feedforward_reset2,0,0,1572864,2,2,1,0,0E+4,0,0,-0E+4,0,0,0.5,0.5,0.0,0.5,0.5,0.0,0.5,0.5,0.0
145,MIL_PI_override,feedforward,-113743,518283,1572864,1,1,1,0,0.393834239560068,0.39383416366763412952423095703125,7.589243387047576904296875E-8,0.176886200339637,0.17688660812564194202423095703125,4.0778600494202423095703125E-7,0.608474019610215,0.60847377777099609375,2.4183921890625E-7,0.214639780050148,0.214639604091644287109375,1.75958503712890625E-7,0.785360219949852,0.785360395908355712890625,1.75958503712890625E-7
146,MIL_PI_override,sat_start_reset1,0,0,1572864,2,2,1,0,0E+4,0,0,-0E+4,0,0,0.5,0.5,0.0,0.5,0.5,0.0,0.5,0.5,0.0
147,MIL_PI_override,sat_start_reset2,0,0,1572864,2,2,1,0,0E+4,0,0,-0E+4,0,0,0.5,0.5,0.0,0.5,0.5,0.0,0.5,0.5,0.0
148,MIL_PI_override,sat_start,756527,-309209,1572864,2,2,1,0,0.551233361777483,0.5512336133979260921478271484375,2.516204430921478271484375E-7,0.34051328034248,0.34051317139528691768646240234375,1.0894719308231353759765625E-7,0.0541266789400181,0.05412662029266357421875,5.864735452578125E-8,0.945873321059982,0.94587337970733642578125,5.864735442578125E-8,0.605360040717501,0.605360209941864013671875,1.69224363013671875E-7
149,MIL_PI_override,sat_hold_1,756527,-309209,1572864,2,2,1,0,0.55123336219654,0.5512336133979260921478271484375,2.512013860921478271484375E-7,0.340513280601344,0.34051317139528691768646240234375,1.0920605708231353759765625E-7,0.0541266786010576,0.05412662029266357421875,5.830839402578125E-8,0.945873321398942,0.94587337970733642578125,5.830839442578125E-8,0.605360040797598,0.605360209941864013671875,1.69144266013671875E-7
150,MIL_PI_override,sat_hold_2,756527,-309209,1572864,2,2,1,0,0.55123336210574,0.5512336133979260921478271484375,2.512921860921478271484375E-7,0.340513280545254,0.34051317139528691768646240234375,1.0914996708231353759765625E-7,0.0541266786745028,0.05412662029266357421875,5.838183922578125E-8,0.945873321325497,0.94587337970733642578125,5.838183942578125E-8,0.605360040780243,0.605360209941864013671875,1.69161621013671875E-7
151,MIL_PI_override,sat_hold_3,756527,-309209,1572864,2,2,1,0,0.551233361924263,0.5512336133979260921478271484375,2.514736630921478271484375E-7,0.340513280433151,0.34051317139528691768646240234375,1.0903786408231353759765625E-7,0.0541266788212933,0.05412662029266357421875,5.852862972578125E-8,0.945873321178707,0.94587337970733642578125,5.852862942578125E-8,0.605360040745556,0.605360209941864013671875,1.69196308013671875E-7
152,MIL_PI_override,sat_hold_4,756527,-309209,1572864,2,2,1,0,0.551233361744138,0.5512336133979260921478271484375,2.516537880921478271484375E-7,0.340513280321882,0.34051317139528691768646240234375,1.0892659508231353759765625E-7,0.0541266789669902,0.05412662029266357421875,5.867432662578125E-8,0.94587332103301,0.94587337970733642578125,5.867432642578125E-8,0.605360040711128,0.605360209941864013671875,1.69230736013671875E-7
153,MIL_PI_override,recovery_1,-217161,144774,1572864,5,5,1,0,0.159430811192988,0.15943085053004324436187744140625,3.933705524436187744140625E-8,0.127390013677672,0.1273900452069938182830810546875,3.15293218182830810546875E-8,0.64341041243533,0.6434104442596435546875,3.18243135546875E-8,0.35658958756467,0.3565895557403564453125,3.18243135546875E-8,0.516020398757658,0.51602041721343994140625,1.845578194140625E-8
154,MIL_PI_override,recovery_2,-680021,453348,1572864,5,5,1,0,0.499244340746364,0.49924473487772047519683837890625,3.9413135647519683837890625E-7,0.398911245074169,0.39891060627996921539306640625,6.3879419978460693359375E-7,0.949077792910266,0.949077665805816650390625,1.27104449349609375E-7,0.0509222070897338,0.050922334194183349609375,1.27104449549609375E-7,0.550166547836098,0.550167083740234375,5.35904136375E-7
155,MIL_PI_override,recovery_3,-680021,453348,1572864,5,5,1,0,0.499244340746364,0.49924473487772047519683837890625,3.9413135647519683837890625E-7,0.398911245074169,0.39891060627996921539306640625,6.3879419978460693359375E-7,0.949077792910266,0.949077665805816650390625,1.27104449349609375E-7,0.0509222070897338,0.050922334194183349609375,1.27104449549609375E-7,0.550166547836098,0.550167083740234375,5.35904136375E-7
156,MIL_PI_override,recovery_4,-680021,453348,1572864,5,5,1,0,0.499244339913538,0.49924473487772047519683837890625,3.9496418247519683837890625E-7,0.398911244408716,0.39891060627996921539306640625,6.3812874678460693359375E-7,0.949077792161127,0.949077665805816650390625,1.26355310349609375E-7,0.0509222078388733,0.050922334194183349609375,1.26355310049609375E-7,0.550166547752411,0.550167083740234375,5.35987823375E-7
157,MIL_PI_override,q_zero,-701818,0,1572864,4,4,1,0,-0E+4,0,0,0.669305975119669,0.6693058013916015625,1.737280674375E-7,0.834652987559834,0.83465290069580078125,8.686403321875E-8,0.165347012440166,0.16534709930419921875,8.686403321875E-8,0.165347012440166,0.16534709930419921875,8.686403321875E-8
158,MIL_PI_override,reset_after_sat,0,0,1572864,2,2,1,0,0E+4,0,0,-0E+4,0,0,0.5,0.5,0.0,0.5,0.5,0.0,0.5,0.5,0.0
159,MIL_PI_override,release,28590,-28590,1572864,2,2,1,0,0.0115242708333333,0.011524238623678684234619140625,3.2209654615765380859375E-8,0.0314845260416667,0.03148443787358701229095458984375,8.816807968770904541015625E-8,0.4784956015625,0.478495657444000244140625,5.5881500244140625E-8,0.5215043984375,0.521504342555999755859375,5.5881500244140625E-8,0.490019872395833,0.49001991748809814453125,4.509226514453125E-8
