parameter_profile,case_id,time_s,ia,ib,ic,theta_e,id_ref,iq_ref,we,pi_reset,uq_zero_en,vdc,i_alpha,i_beta,id,iq,ud_raw,uq_raw,ud_lim,uq_lim,v_alpha,v_beta,sector,t1,t2,duty_a,duty_b,duty_c,du_d_z,du_q_z,sat_flag_z,kp,ki
real_commissioning,zero_reset1,0,0,0,0,0,0,0,0,1,0,48,0,0,0,0,0,0,0,0,0,0,2,0,-0,5000,5000,5000,0,0,0,2.18125,2962.5
real_commissioning,zero_reset2,0.0001,0,0,0,0,0,0,0,1,0,48,0,0,0,0,0,0,0,0,0,0,2,0,-0,5000,5000,5000,0,0,0,2.18125,2962.5
real_commissioning,zero,0.0002,0,0,0,0,0,0,0,0,0,48,0,0,0,0,0,0,0,0,0,0,2,0,-0,5000,5000,5000,0,0,0,2.18125,2962.5
real_commissioning,d_current_reset1,0.0003,0,0,0,0,0,0,0,1,0,48,0,0,0,0,0,0,0,0,0,0,2,0,-0,5000,5000,5000,0,0,0,2.18125,2962.5
real_commissioning,d_current_reset2,0.0004,0,0,0,0,0,0,0,1,0,48,0,0,0,0,0,0,0,0,0,0,2,0,-0,5000,5000,5000,0,0,0,2.18125,2962.5
real_commissioning,d_current,0.0005,1,-0.5,-0.5,0,0,0,0,0,0,48,1,0,1,0,-2.18125,0,-2.18125,0,-2.18125,0,4,-0,6.81640625e-06,5340.8203125,4659.1796875,4659.1796875,0,0,0,2.18125,2962.5
real_commissioning,q_current_reset1,0.0006,0,0,0,0,0,0,0,1,0,48,0,0,0,0,0,0,0,0,0,0,2,0,-0,5000,5000,5000,0,0,0,2.18125,2962.5
real_commissioning,q_current_reset2,0.0007,0,0,0,0,0,0,0,1,0,48,0,0,0,0,0,0,0,0,0,0,2,0,-0,5000,5000,5000,0,0,0,2.18125,2962.5
real_commissioning,q_current,0.0008,0,0.866025403784439,-0.866025403784439,0,0,0,0,0,0,48,0,1,0,1,0,-2.18125,0,-2.18125,0,-2.18125,6,3.93533854166667e-06,3.93533854166667e-06,5000,5393.53385416667,4606.46614583333,0,0,0,2.18125,2962.5
real_commissioning,common_mode_reset1,0.0009,0,0,0,0,0,0,0,1,0,48,0,0,0,0,0,0,0,0,0,0,2,0,-0,5000,5000,5000,0,0,0,2.18125,2962.5
real_commissioning,common_mode_reset2,0.001,0,0,0,0,0,0,0,1,0,48,0,0,0,0,0,0,0,0,0,0,2,0,-0,5000,5000,5000,0,0,0,2.18125,2962.5
real_commissioning,common_mode,0.0011,1,1,1,0,0,0,0,0,0,48,0,0,0,0,0,0,0,0,0,0,2,0,-0,5000,5000,5000,0,0,0,2.18125,2962.5
real_commissioning,angle_0.0000_reset1,0.0012,0,0,0,0,0,0,0,1,0,48,0,0,0,0,0,0,0,0,0,0,2,0,-0,5000,5000,5000,0,0,0,2.18125,2962.5
real_commissioning,angle_0.0000_reset2,0.0013,0,0,0,0,0,0,0,1,0,48,0,0,0,0,0,0,0,0,0,0,2,0,-0,5000,5000,5000,0,0,0,2.18125,2962.5
real_commissioning,angle_0.0000,0.0014,0.2,-0.3,0.1,0,0.4,-0.2,0,0,0,48,0.2,-0.23094010767585,0.2,-0.23094010767585,0.43625,0.0674881098679486,0.43625,0.0674881098679486,0.43625,0.0674881098679486,3,1.24152145177991e-06,2.4353365646307e-07,4925.74724458785,5049.89938976584,5074.25275541215,0,0,0,2.18125,2962.5
real_commissioning,angle_1.5708_reset1,0.0015,0,0,0,0,0,0,0,1,0,48,0,0,0,0,0,0,0,0,0,0,2,0,-0,5000,5000,5000,0,0,0,2.18125,2962.5
real_commissioning,angle_1.5708_reset2,0.0016,0,0,0,0,0,0,0,1,0,48,0,0,0,0,0,0,0,0,0,0,2,0,-0,5000,5000,5000,0,0,0,2.18125,2962.5
real_commissioning,angle_1.5708,0.0017,0.2,-0.3,0.1,1.5707963267949,0.4,-0.2,0,0,0,48,0.2,-0.23094010767585,-0.23094010767585,-0.2,1.37623810986795,0,1.37623810986795,0,1.68540559611439e-16,1.37623810986795,1,2.48296292322009e-06,2.48296292322009e-06,5000,4751.70370767799,5248.29629232201,0,0,0,2.18125,2962.5
real_commissioning,angle_3.1416_reset1,0.0018,0,0,0,0,0,0,0,1,0,48,0,0,0,0,0,0,0,0,0,0,2,0,-0,5000,5000,5000,0,0,0,2.18125,2962.5
real_commissioning,angle_3.1416_reset2,0.0019,0,0,0,0,0,0,0,1,0,48,0,0,0,0,0,0,0,0,0,0,2,0,-0,5000,5000,5000,0,0,0,2.18125,2962.5
real_commissioning,angle_3.1416,0.002,0.2,-0.3,0.1,3.14159265358979,0.4,-0.2,0,0,0,48,0.2,-0.23094010767585,-0.2,0.23094010767585,1.30875,-0.939988109867949,1.30875,-0.939988109867949,-1.30875,0.939988109867949,5,3.39198626062974e-06,2.39394853511324e-06,5289.29673978715,4710.70326021285,5049.90188627582,0,0,0,2.18125,2962.5
real_commissioning,angle_4.7124_reset1,0.0021,0,0,0,0,0,0,0,1,0,48,0,0,0,0,0,0,0,0,0,0,2,0,-0,5000,5000,5000,0,0,0,2.18125,2962.5
real_commissioning,angle_4.7124_reset2,0.0022,0,0,0,0,0,0,0,1,0,48,0,0,0,0,0,0,0,0,0,0,2,0,-0,5000,5000,5000,0,0,0,2.18125,2962.5
real_commissioning,angle_4.7124,0.0023,0.2,-0.3,0.1,4.71238898038469,0.4,-0.2,0,0,0,48,0.2,-0.23094010767585,0.23094010767585,0.2,0.368761890132052,-0.8725,0.368761890132052,-0.8725,-0.8725,-0.368761890132051,4,1.33069264562026e-06,2.06125458988676e-06,5169.59736177535,4963.47190278667,4830.40263822465,0,0,0,2.18125,2962.5
real_commissioning,angle_6.2832_reset1,0.0024,0,0,0,0,0,0,0,1,0,48,0,0,0,0,0,0,0,0,0,0,2,0,-0,5000,5000,5000,0,0,0,2.18125,2962.5
real_commissioning,angle_6.2832_reset2,0.0025,0,0,0,0,0,0,0,1,0,48,0,0,0,0,0,0,0,0,0,0,2,0,-0,5000,5000,5000,0,0,0,2.18125,2962.5
real_commissioning,angle_6.2832,0.0026,0.2,-0.3,0.1,6.28318530717959,0.4,-0.2,0,0,0,48,0.2,-0.23094010767585,0.2,-0.23094010767585,0.43625,0.0674881098679486,0.43625,0.0674881098679486,0.43625,0.0674881098679486,3,1.24152145177991e-06,2.4353365646307e-07,4925.74724458785,5049.89938976584,5074.25275541215,0,0,0,2.18125,2962.5
real_commissioning,sector_15_reset1,0.0027,0,0,0,0,0,0,0,1,0,48,0,0,0,0,0,0,0,0,0,0,2,0,-0,5000,5000,5000,0,0,0,2.18125,2962.5
real_commissioning,sector_15_reset2,0.0028,0,0,0,0,0,0,0,1,0,48,0,0,0,0,0,0,0,0,0,0,2,0,-0,5000,5000,5000,0,0,0,2.18125,2962.5
real_commissioning,sector_15,0.0029,0,0,0,0,0.965925826289068,0.258819045102521,0,0,0,48,0,0,0,0,2.10692570859303,0.564549042129873,2.10692570859303,0.564549042129873,2.10692570859303,0.564549042129873,3,5.56560227584391e-06,2.0371987414024e-06,4619.85994913769,5176.42017672208,5380.14005086232,0,0,0,2.18125,2962.5
real_commissioning,sector_75_reset1,0.003,0,0,0,0,0,0,0,1,0,48,0,0,0,0,0,0,0,0,0,0,2,0,-0,5000,5000,5000,0,0,0,2.18125,2962.5
real_commissioning,sector_75_reset2,0.0031,0,0,0,0,0,0,0,1,0,48,0,0,0,0,0,0,0,0,0,0,2,0,-0,5000,5000,5000,0,0,0,2.18125,2962.5
real_commissioning,sector_75,0.0032,0,0,0,0,0.258819045102521,0.965925826289068,0,0,0,48,0,0,0,0,0.564549042129873,2.10692570859303,0.564549042129873,2.10692570859303,0.564549042129873,2.10692570859303,1,2.03702937593074e-06,5.56546088924245e-06,4823.57842433441,4619.87548674134,5380.12451325866,0,0,0,2.18125,2962.5
real_commissioning,sector_135_reset1,0.0033,0,0,0,0,0,0,0,1,0,48,0,0,0,0,0,0,0,0,0,0,2,0,-0,5000,5000,5000,0,0,0,2.18125,2962.5
real_commissioning,sector_135_reset2,0.0034,0,0,0,0,0,0,0,1,0,48,0,0,0,0,0,0,0,0,0,0,2,0,-0,5000,5000,5000,0,0,0,2.18125,2962.5
real_commissioning,sector_135,0.0035,0,0,0,0,-0.707106781186547,0.707106781186548,0,0,0,48,0,0,0,0,-1.54237666646316,1.54237666646316,-1.54237666646316,1.54237666646316,-1.54237666646316,1.54237666646316,5,5.56573046662674e-06,2.03722251362009e-06,5380.14764901234,4619.85235098766,5176.42539765033,0,0,0,2.18125,2962.5
real_commissioning,sector_195_reset1,0.0036,0,0,0,0,0,0,0,1,0,48,0,0,0,0,0,0,0,0,0,0,2,0,-0,5000,5000,5000,0,0,0,2.18125,2962.5
real_commissioning,sector_195_reset2,0.0037,0,0,0,0,0,0,0,1,0,48,0,0,0,0,0,0,0,0,0,0,2,0,-0,5000,5000,5000,0,0,0,2.18125,2962.5
real_commissioning,sector_195,0.0038,0,0,0,0,-0.965925826289068,-0.25881904510252,0,0,0,48,0,0,0,0,-2.10692570859303,-0.564549042129872,-2.10692570859303,-0.564549042129872,-2.10692570859303,-0.564549042129872,4,2.0371987414024e-06,5.56560227584391e-06,5380.14005086232,4823.57982327792,4619.85994913769,0,0,0,2.18125,2962.5
real_commissioning,sector_255_reset1,0.0039,0,0,0,0,0,0,0,1,0,48,0,0,0,0,0,0,0,0,0,0,2,0,-0,5000,5000,5000,0,0,0,2.18125,2962.5
real_commissioning,sector_255_reset2,0.004,0,0,0,0,0,0,0,1,0,48,0,0,0,0,0,0,0,0,0,0,2,0,-0,5000,5000,5000,0,0,0,2.18125,2962.5
real_commissioning,sector_255,0.0041,0,0,0,0,-0.258819045102521,-0.965925826289068,0,0,0,48,0,0,0,0,-0.564549042129873,-2.10692570859303,-0.564549042129873,-2.10692570859303,-0.564549042129873,-2.10692570859303,6,5.56546088924245e-06,2.03702937593074e-06,5176.42157566559,5380.12451325866,4619.87548674134,0,0,0,2.18125,2962.5
real_commissioning,sector_315_reset1,0.0042,0,0,0,0,0,0,0,1,0,48,0,0,0,0,0,0,0,0,0,0,2,0,-0,5000,5000,5000,0,0,0,2.18125,2962.5
real_commissioning,sector_315_reset2,0.0043,0,0,0,0,0,0,0,1,0,48,0,0,0,0,0,0,0,0,0,0,2,0,-0,5000,5000,5000,0,0,0,2.18125,2962.5
real_commissioning,sector_315,0.0044,0,0,0,0,0.707106781186547,-0.707106781186548,0,0,0,48,0,0,0,0,1.54237666646316,-1.54237666646316,1.54237666646316,-1.54237666646316,1.54237666646316,-1.54237666646316,2,2.03722251362008e-06,5.56573046662674e-06,4619.85235098766,5380.14764901234,4823.57460234967,0,0,0,2.18125,2962.5
real_commissioning,edge_1_0_reset1,0.0045,0,0,0,0,0,0,0,1,0,48,0,0,0,0,0,0,0,0,0,0,2,0,-0,5000,5000,5000,0,0,0,2.18125,2962.5
real_commissioning,edge_1_0_reset2,0.0046,0,0,0,0,0,0,0,1,0,48,0,0,0,0,0,0,0,0,0,0,2,0,-0,5000,5000,5000,0,0,0,2.18125,2962.5
real_commissioning,edge_1_0,0.0047,0,0,0,0,1,0,0,0,0,48,0,0,0,0,2.18125,0,2.18125,0,2.18125,0,2,6.81640625e-06,-0,4659.1796875,5340.8203125,5340.8203125,0,0,0,2.18125,2962.5
real_commissioning,edge_1_1.732_reset1,0.0048,0,0,0,0,0,0,0,1,0,48,0,0,0,0,0,0,0,0,0,0,2,0,-0,5000,5000,5000,0,0,0,2.18125,2962.5
real_commissioning,edge_1_1.732_reset2,0.0049,0,0,0,0,0,0,0,1,0,48,0,0,0,0,0,0,0,0,0,0,2,0,-0,5000,5000,5000,0,0,0,2.18125,2962.5
real_commissioning,edge_1_1.732,0.005,0,0,0,0,1,1.732,0,0,0,48,0,0,0,0,2.18125,3.777925,2.18125,3.777925,2.18125,3.777925,3,3.99895833333441e-10,1.36327997760417e-05,4318.34001640625,4318.38000598958,5681.65998359375,0,0,0,2.18125,2962.5
real_commissioning,edge_-1_1.732_reset1,0.0051,0,0,0,0,0,0,0,1,0,48,0,0,0,0,0,0,0,0,0,0,2,0,-0,5000,5000,5000,0,0,0,2.18125,2962.5
real_commissioning,edge_-1_1.732_reset2,0.0052,0,0,0,0,0,0,0,1,0,48,0,0,0,0,0,0,0,0,0,0,2,0,-0,5000,5000,5000,0,0,0,2.18125,2962.5
real_commissioning,edge_-1_1.732,0.0053,0,0,0,0,-1,1.732,0,0,0,48,0,0,0,0,-2.18125,3.777925,-2.18125,3.777925,-2.18125,3.777925,1,1.36324126041667e-05,-3.99895833333441e-10,5681.640625,4318.39936458333,5681.60063541667,0,0,0,2.18125,2962.5
real_commissioning,edge_-1_0_reset1,0.0054,0,0,0,0,0,0,0,1,0,48,0,0,0,0,0,0,0,0,0,0,2,0,-0,5000,5000,5000,0,0,0,2.18125,2962.5
real_commissioning,edge_-1_0_reset2,0.0055,0,0,0,0,0,0,0,1,0,48,0,0,0,0,0,0,0,0,0,0,2,0,-0,5000,5000,5000,0,0,0,2.18125,2962.5
real_commissioning,edge_-1_0,0.0056,0,0,0,0,-1,0,0,0,0,48,0,0,0,0,-2.18125,0,-2.18125,0,-2.18125,0,4,-0,6.81640625e-06,5340.8203125,4659.1796875,4659.1796875,0,0,0,2.18125,2962.5
real_commissioning,edge_-1_-1.732_reset1,0.0057,0,0,0,0,0,0,0,1,0,48,0,0,0,0,0,0,0,0,0,0,2,0,-0,5000,5000,5000,0,0,0,2.18125,2962.5
real_commissioning,edge_-1_-1.732_reset2,0.0058,0,0,0,0,0,0,0,1,0,48,0,0,0,0,0,0,0,0,0,0,2,0,-0,5000,5000,5000,0,0,0,2.18125,2962.5
real_commissioning,edge_-1_-1.732,0.0059,0,0,0,0,-1,-1.732,0,0,0,48,0,0,0,0,-2.18125,-3.777925,-2.18125,-3.777925,-2.18125,-3.777925,6,1.36324126041667e-05,-3.99895833333441e-10,5681.640625,5681.60063541667,4318.39936458333,0,0,0,2.18125,2962.5
real_commissioning,edge_1_-1.732_reset1,0.006,0,0,0,0,0,0,0,1,0,48,0,0,0,0,0,0,0,0,0,0,2,0,-0,5000,5000,5000,0,0,0,2.18125,2962.5
real_commissioning,edge_1_-1.732_reset2,0.0061,0,0,0,0,0,0,0,1,0,48,0,0,0,0,0,0,0,0,0,0,2,0,-0,5000,5000,5000,0,0,0,2.18125,2962.5
real_commissioning,edge_1_-1.732,0.0062,0,0,0,0,1,-1.732,0,0,0,48,0,0,0,0,2.18125,-3.777925,2.18125,-3.777925,2.18125,-3.777925,2,3.99895833333441e-10,1.36327997760417e-05,4318.34001640625,5681.65998359375,4318.38000598958,0,0,0,2.18125,2962.5
real_commissioning,feedforward_reset1,0.0063,0,0,0,0,0,0,0,1,0,48,0,0,0,0,0,0,0,0,0,0,2,0,-0,5000,5000,5000,0,0,0,2.18125,2962.5
real_commissioning,feedforward_reset2,0.0064,0,0,0,0,0,0,0,1,0,48,0,0,0,0,0,0,0,0,0,0,2,0,-0,5000,5000,5000,0,0,0,2.18125,2962.5
real_commissioning,feedforward,0.0065,0.2,-0.1,-0.1,0.3,0.5,0.4,100,0,0,48,0.2,0,0.191066365401038,-0.0591037512790529,0.684175095067181,15.1347611382399,0.684175095067181,15.1347611382399,-3.81899154635006,14.6609055827327,1,3.83850657378576e-05,1.45163685731697e-05,6193.43485823439,2354.92828444864,7645.07171555136,0,0,0,2.18125,2962.5
real_commissioning,sat_start_reset1,0.0066,0,0,0,0,0,0,0,1,0,48,0,0,0,0,0,0,0,0,0,0,2,0,-0,5000,5000,5000,0,0,0,2.18125,2962.5
real_commissioning,sat_start_reset2,0.0067,0,0,0,0,0,0,0,1,0,48,0,0,0,0,0,0,0,0,0,0,2,0,-0,5000,5000,5000,0,0,0,2.18125,2962.5
real_commissioning,sat_start,0.0068,0,0,0,0.2,30,-20,0,0,0,48,0,0,0,0,65.4375,-43.625,20.7526084692659,-13.8350723128439,23.087365371818,-9.43631277208387,2,5.51233358272965e-05,3.40513278177635e-05,541.266817747002,9458.733182253,6053.60040047665,0,0,0,2.18125,2962.5
real_commissioning,sat_hold_1,0.0069,0,0,0,0.2,30,-20,0,0,0,48,0,0,0,0,74.325,-49.55,20.7526085008189,-13.8350723338793,23.0873654069208,-9.43631278643116,2,5.51233359111079e-05,3.40513278695363e-05,541.266810967793,9458.73318903221,6053.60040207858,44.6848915307341,-29.7899276871561,1,2.18125,2962.5
real_commissioning,sat_hold_2,0.007,0,0,0,0.2,30,-20,0,0,0,48,0,0,0,0,74.2755216938532,-49.5170144625688,20.7526085006641,-13.8350723337761,23.0873654067486,-9.43631278636079,2,5.51233359106968e-05,3.40513278692824e-05,541.266811001043,9458.73318899896,6053.60040207072,53.5723914991811,-35.7149276661207,1,2.18125,2962.5
real_commissioning,sat_hold_3,0.0071,0,0,0,0.2,30,-20,0,0,0,48,0,0,0,0,72.448543394017,-48.2990289293446,20.7526084948017,-13.8350723298678,23.0873654002266,-9.4363127836951,2,5.51233358951248e-05,3.40513278596631e-05,541.266812260604,9458.7331877394,6053.60040177309,53.5229131931891,-35.6819421287927,1,2.18125,2962.5
real_commissioning,sat_hold_4,0.0072,0,0,0,0.2,30,-20,0,0,0,48,0,0,0,0,70.6314607553792,-47.0876405035861,20.7526084886701,-13.8350723257801,23.0873653934052,-9.43631278090706,2,5.51233358788382e-05,3.40513278496023e-05,541.266813577974,9458.73318642203,6053.60040146179,51.6959348992153,-34.4639565994769,1,2.18125,2962.5
real_commissioning,recovery_1,0.0073,0,0,0,0,0,0,0,0,0,48,0,0,0,0,3.74227377553609,-2.49484918369073,3.74227377553609,-2.49484918369073,3.74227377553609,-2.49484918369073,2,7.19348181297493e-06,9.00276723139733e-06,4190.18754778139,5809.81245221861,4909.53572907888,49.878852266709,-33.252568177806,1,2.18125,2962.5
real_commissioning,recovery_2,0.0074,0,0,0,0,0,0,0,0,0,48,0,0,0,0,-6.23349667780571,4.15566445187047,-6.23349667780571,4.15566445187047,-6.23349667780571,4.15566445187047,5,1.49958883272601e-05,1.19821658362265e-05,6348.90270817433,3651.09729182567,5150.68612455168,0,0,0,2.18125,2962.5
real_commissioning,recovery_3,0.0075,0,0,0,0,0,0,0,0,0,48,0,0,0,0,-6.23349667780571,4.15566445187047,-6.23349667780571,4.15566445187047,-6.23349667780571,4.15566445187047,5,1.49958883272601e-05,1.19821658362265e-05,6348.90270817433,3651.09729182567,5150.68612455168,0,0,0,2.18125,2962.5
real_commissioning,recovery_4,0.0076,0,0,0,0,0,0,0,0,0,48,0,0,0,0,-6.23349667780571,4.15566445187047,-6.23349667780571,4.15566445187047,-6.23349667780571,4.15566445187047,5,1.49958883272601e-05,1.19821658362265e-05,6348.90270817433,3651.09729182567,5150.68612455168,0,0,0,2.18125,2962.5
real_commissioning,q_zero,0.0077,0.1,-0.05,-0.05,0,1,1,30,0,1,48,0.1,0,0.1,0,-4.27037167780571,0,-4.27037167780571,0,-4.27037167780571,0,4,-0,1.33449114931428e-05,5667.24557465714,4332.75442534286,4332.75442534286,0,0,0,2.18125,2962.5
real_commissioning,reset_after_sat,0.0078,0,0,0,0,20,20,0,1,0,48,0,0,0,0,0,0,0,0,0,0,2,0,-0,5000,5000,5000,0,0,0,2.18125,2962.5
real_commissioning,release,0.0079,0,0,0,0,0.2,-0.2,0,0,0,48,0,0,0,0,0.43625,-0.43625,0.43625,-0.43625,0.43625,-0.43625,2,5.76213541666667e-07,1.57422630208333e-06,4892.4780078125,5107.5219921875,4950.09936197917,0,0,0,2.18125,2962.5
MIL_PI_override,zero_reset1,0,0,0,0,0,0,0,0,1,0,48,0,0,0,0,0,0,0,0,0,0,2,0,-0,5000,5000,5000,0,0,0,4.3625,5925
MIL_PI_override,zero_reset2,0.0001,0,0,0,0,0,0,0,1,0,48,0,0,0,0,0,0,0,0,0,0,2,0,-0,5000,5000,5000,0,0,0,4.3625,5925
MIL_PI_override,zero,0.0002,0,0,0,0,0,0,0,0,0,48,0,0,0,0,0,0,0,0,0,0,2,0,-0,5000,5000,5000,0,0,0,4.3625,5925
MIL_PI_override,d_current_reset1,0.0003,0,0,0,0,0,0,0,1,0,48,0,0,0,0,0,0,0,0,0,0,2,0,-0,5000,5000,5000,0,0,0,4.3625,5925
MIL_PI_override,d_current_reset2,0.0004,0,0,0,0,0,0,0,1,0,48,0,0,0,0,0,0,0,0,0,0,2,0,-0,5000,5000,5000,0,0,0,4.3625,5925
MIL_PI_override,d_current,0.0005,1,-0.5,-0.5,0,0,0,0,0,0,48,1,0,1,0,-4.3625,0,-4.3625,0,-4.3625,0,4,-0,1.36328125e-05,5681.640625,4318.359375,4318.359375,0,0,0,4.3625,5925
MIL_PI_override,q_current_reset1,0.0006,0,0,0,0,0,0,0,1,0,48,0,0,0,0,0,0,0,0,0,0,2,0,-0,5000,5000,5000,0,0,0,4.3625,5925
MIL_PI_override,q_current_reset2,0.0007,0,0,0,0,0,0,0,1,0,48,0,0,0,0,0,0,0,0,0,0,2,0,-0,5000,5000,5000,0,0,0,4.3625,5925
MIL_PI_override,q_current,0.0008,0,0.866025403784439,-0.866025403784439,0,0,0,0,0,0,48,0,1,0,1,0,-4.3625,0,-4.3625,0,-4.3625,6,7.87067708333333e-06,7.87067708333333e-06,5000,5787.06770833333,4212.93229166667,0,0,0,4.3625,5925
MIL_PI_override,common_mode_reset1,0.0009,0,0,0,0,0,0,0,1,0,48,0,0,0,0,0,0,0,0,0,0,2,0,-0,5000,5000,5000,0,0,0,4.3625,5925
MIL_PI_override,common_mode_reset2,0.001,0,0,0,0,0,0,0,1,0,48,0,0,0,0,0,0,0,0,0,0,2,0,-0,5000,5000,5000,0,0,0,4.3625,5925
MIL_PI_override,common_mode,0.0011,1,1,1,0,0,0,0,0,0,48,0,0,0,0,0,0,0,0,0,0,2,0,-0,5000,5000,5000,0,0,0,4.3625,5925
MIL_PI_override,angle_0.0000_reset1,0.0012,0,0,0,0,0,0,0,1,0,48,0,0,0,0,0,0,0,0,0,0,2,0,-0,5000,5000,5000,0,0,0,4.3625,5925
MIL_PI_override,angle_0.0000_reset2,0.0013,0,0,0,0,0,0,0,1,0,48,0,0,0,0,0,0,0,0,0,0,2,0,-0,5000,5000,5000,0,0,0,4.3625,5925
MIL_PI_override,angle_0.0000,0.0014,0.2,-0.3,0.1,0,0.4,-0.2,0,0,0,48,0.2,-0.23094010767585,0.2,-0.23094010767585,0.8725,0.134976219735897,0.8725,0.134976219735897,0.8725,0.134976219735897,3,2.48304290355982e-06,4.8706731292614e-07,4851.4944891757,5099.79877953168,5148.5055108243,0,0,0,4.3625,5925
MIL_PI_override,angle_1.5708_reset1,0.0015,0,0,0,0,0,0,0,1,0,48,0,0,0,0,0,0,0,0,0,0,2,0,-0,5000,5000,5000,0,0,0,4.3625,5925
MIL_PI_override,angle_1.5708_reset2,0.0016,0,0,0,0,0,0,0,1,0,48,0,0,0,0,0,0,0,0,0,0,2,0,-0,5000,5000,5000,0,0,0,4.3625,5925
MIL_PI_override,angle_1.5708,0.0017,0.2,-0.3,0.1,1.5707963267949,0.4,-0.2,0,0,0,48,0.2,-0.23094010767585,-0.23094010767585,-0.2,2.7524762197359,0,2.7524762197359,0,3.37081119222877e-16,2.7524762197359,1,4.96592584644018e-06,4.96592584644018e-06,5000,4503.40741535598,5496.59258464402,0,0,0,4.3625,5925
MIL_PI_override,angle_3.1416_reset1,0.0018,0,0,0,0,0,0,0,1,0,48,0,0,0,0,0,0,0,0,0,0,2,0,-0,5000,5000,5000,0,0,0,4.3625,5925
MIL_PI_override,angle_3.1416_reset2,0.0019,0,0,0,0,0,0,0,1,0,48,0,0,0,0,0,0,0,0,0,0,2,0,-0,5000,5000,5000,0,0,0,4.3625,5925
MIL_PI_override,angle_3.1416,0.002,0.2,-0.3,0.1,3.14159265358979,0.4,-0.2,0,0,0,48,0.2,-0.23094010767585,-0.2,0.23094010767585,2.6175,-1.8799762197359,2.6175,-1.8799762197359,-2.6175,1.8799762197359,5,6.78397252125948e-06,4.78789707022648e-06,5578.5934795743,4421.4065204257,5099.80377255165,0,0,0,4.3625,5925
MIL_PI_override,angle_4.7124_reset1,0.0021,0,0,0,0,0,0,0,1,0,48,0,0,0,0,0,0,0,0,0,0,2,0,-0,5000,5000,5000,0,0,0,4.3625,5925
MIL_PI_override,angle_4.7124_reset2,0.0022,0,0,0,0,0,0,0,1,0,48,0,0,0,0,0,0,0,0,0,0,2,0,-0,5000,5000,5000,0,0,0,4.3625,5925
MIL_PI_override,angle_4.7124,0.0023,0.2,-0.3,0.1,4.71238898038469,0.4,-0.2,0,0,0,48,0.2,-0.23094010767585,0.23094010767585,0.2,0.737523780264103,-1.745,0.737523780264103,-1.745,-1.745,-0.737523780264103,4,2.66138529124053e-06,4.12250917977352e-06,5339.1947235507,4926.94380557335,4660.8052764493,0,0,0,4.3625,5925
MIL_PI_override,angle_6.2832_reset1,0.0024,0,0,0,0,0,0,0,1,0,48,0,0,0,0,0,0,0,0,0,0,2,0,-0,5000,5000,5000,0,0,0,4.3625,5925
MIL_PI_override,angle_6.2832_reset2,0.0025,0,0,0,0,0,0,0,1,0,48,0,0,0,0,0,0,0,0,0,0,2,0,-0,5000,5000,5000,0,0,0,4.3625,5925
MIL_PI_override,angle_6.2832,0.0026,0.2,-0.3,0.1,6.28318530717959,0.4,-0.2,0,0,0,48,0.2,-0.23094010767585,0.2,-0.23094010767585,0.8725,0.134976219735897,0.8725,0.134976219735897,0.8725,0.134976219735897,3,2.48304290355982e-06,4.8706731292614e-07,4851.4944891757,5099.79877953168,5148.5055108243,0,0,0,4.3625,5925
MIL_PI_override,sector_15_reset1,0.0027,0,0,0,0,0,0,0,1,0,48,0,0,0,0,0,0,0,0,0,0,2,0,-0,5000,5000,5000,0,0,0,4.3625,5925
MIL_PI_override,sector_15_reset2,0.0028,0,0,0,0,0,0,0,1,0,48,0,0,0,0,0,0,0,0,0,0,2,0,-0,5000,5000,5000,0,0,0,4.3625,5925
MIL_PI_override,sector_15,0.0029,0,0,0,0,0.965925826289068,0.258819045102521,0,0,0,48,0,0,0,0,4.21385141718606,1.12909808425975,4.21385141718606,1.12909808425975,4.21385141718606,1.12909808425975,3,1.11312045516878e-05,4.07439748280481e-06,4239.71989827537,5352.84035344415,5760.28010172463,0,0,0,4.3625,5925
MIL_PI_override,sector_75_reset1,0.003,0,0,0,0,0,0,0,1,0,48,0,0,0,0,0,0,0,0,0,0,2,0,-0,5000,5000,5000,0,0,0,4.3625,5925
MIL_PI_override,sector_75_reset2,0.0031,0,0,0,0,0,0,0,1,0,48,0,0,0,0,0,0,0,0,0,0,2,0,-0,5000,5000,5000,0,0,0,4.3625,5925
MIL_PI_override,sector_75,0.0032,0,0,0,0,0.258819045102521,0.965925826289068,0,0,0,48,0,0,0,0,1.12909808425975,4.21385141718606,1.12909808425975,4.21385141718606,1.12909808425975,4.21385141718606,1,4.07405875186148e-06,1.11309217784849e-05,4647.15684866883,4239.75097348268,5760.24902651732,0,0,0,4.3625,5925
MIL_PI_override,sector_135_reset1,0.0033,0,0,0,0,0,0,0,1,0,48,0,0,0,0,0,0,0,0,0,0,2,0,-0,5000,5000,5000,0,0,0,4.3625,5925
MIL_PI_override,sector_135_reset2,0.0034,0,0,0,0,0,0,0,1,0,48,0,0,0,0,0,0,0,0,0,0,2,0,-0,5000,5000,5000,0,0,0,4.3625,5925
MIL_PI_override,sector_135,0.0035,0,0,0,0,-0.707106781186547,0.707106781186548,0,0,0,48,0,0,0,0,-3.08475333292631,3.08475333292631,-3.08475333292631,3.08475333292631,-3.08475333292631,3.08475333292631,5,1.11314609332535e-05,4.07444502724017e-06,5760.29529802468,4239.70470197532,5352.85079530067,0,0,0,4.3625,5925
MIL_PI_override,sector_195_reset1,0.0036,0,0,0,0,0,0,0,1,0,48,0,0,0,0,0,0,0,0,0,0,2,0,-0,5000,5000,5000,0,0,0,4.3625,5925
MIL_PI_override,sector_195_reset2,0.0037,0,0,0,0,0,0,0,1,0,48,0,0,0,0,0,0,0,0,0,0,2,0,-0,5000,5000,5000,0,0,0,4.3625,5925
MIL_PI_override,sector_195,0.0038,0,0,0,0,-0.965925826289068,-0.25881904510252,0,0,0,48,0,0,0,0,-4.21385141718606,-1.12909808425974,-4.21385141718606,-1.12909808425974,-4.21385141718606,-1.12909808425974,4,4.0743974828048e-06,1.11312045516878e-05,5760.28010172463,4647.15964655585,4239.71989827537,0,0,0,4.3625,5925
MIL_PI_override,sector_255_reset1,0.0039,0,0,0,0,0,0,0,1,0,48,0,0,0,0,0,0,0,0,0,0,2,0,-0,5000,5000,5000,0,0,0,4.3625,5925
MIL_PI_override,sector_255_reset2,0.004,0,0,0,0,0,0,0,1,0,48,0,0,0,0,0,0,0,0,0,0,2,0,-0,5000,5000,5000,0,0,0,4.3625,5925
MIL_PI_override,sector_255,0.0041,0,0,0,0,-0.258819045102521,-0.965925826289068,0,0,0,48,0,0,0,0,-1.12909808425975,-4.21385141718606,-1.12909808425975,-4.21385141718606,-1.12909808425975,-4.21385141718606,6,1.11309217784849e-05,4.07405875186148e-06,5352.84315133117,5760.24902651732,4239.75097348268,0,0,0,4.3625,5925
MIL_PI_override,sector_315_reset1,0.0042,0,0,0,0,0,0,0,1,0,48,0,0,0,0,0,0,0,0,0,0,2,0,-0,5000,5000,5000,0,0,0,4.3625,5925
MIL_PI_override,sector_315_reset2,0.0043,0,0,0,0,0,0,0,1,0,48,0,0,0,0,0,0,0,0,0,0,2,0,-0,5000,5000,5000,0,0,0,4.3625,5925
MIL_PI_override,sector_315,0.0044,0,0,0,0,0.707106781186547,-0.707106781186548,0,0,0,48,0,0,0,0,3.08475333292631,-3.08475333292631,3.08475333292631,-3.08475333292631,3.08475333292631,-3.08475333292631,2,4.07444502724017e-06,1.11314609332535e-05,4239.70470197532,5760.29529802468,4647.14920469934,0,0,0,4.3625,5925
MIL_PI_override,edge_1_0_reset1,0.0045,0,0,0,0,0,0,0,1,0,48,0,0,0,0,0,0,0,0,0,0,2,0,-0,5000,5000,5000,0,0,0,4.3625,5925
MIL_PI_override,edge_1_0_reset2,0.0046,0,0,0,0,0,0,0,1,0,48,0,0,0,0,0,0,0,0,0,0,2,0,-0,5000,5000,5000,0,0,0,4.3625,5925
MIL_PI_override,edge_1_0,0.0047,0,0,0,0,1,0,0,0,0,48,0,0,0,0,4.3625,0,4.3625,0,4.3625,0,2,1.36328125e-05,-0,4318.359375,5681.640625,5681.640625,0,0,0,4.3625,5925
MIL_PI_override,edge_1_1.732_reset1,0.0048,0,0,0,0,0,0,0,1,0,48,0,0,0,0,0,0,0,0,0,0,2,0,-0,5000,5000,5000,0,0,0,4.3625,5925
MIL_PI_override,edge_1_1.732_reset2,0.0049,0,0,0,0,0,0,0,1,0,48,0,0,0,0,0,0,0,0,0,0,2,0,-0,5000,5000,5000,0,0,0,4.3625,5925
MIL_PI_override,edge_1_1.732,0.005,0,0,0,0,1,1.732,0,0,0,48,0,0,0,0,4.3625,7.55585,4.3625,7.55585,4.3625,7.55585,3,7.99791666666883e-10,2.72655995520833e-05,3636.6800328125,3636.76001197917,6363.3199671875,0,0,0,4.3625,5925
MIL_PI_override,edge_-1_1.732_reset1,0.0051,0,0,0,0,0,0,0,1,0,48,0,0,0,0,0,0,0,0,0,0,2,0,-0,5000,5000,5000,0,0,0,4.3625,5925
MIL_PI_override,edge_-1_1.732_reset2,0.0052,0,0,0,0,0,0,0,1,0,48,0,0,0,0,0,0,0,0,0,0,2,0,-0,5000,5000,5000,0,0,0,4.3625,5925
MIL_PI_override,edge_-1_1.732,0.0053,0,0,0,0,-1,1.732,0,0,0,48,0,0,0,0,-4.3625,7.55585,-4.3625,7.55585,-4.3625,7.55585,1,2.72648252083333e-05,-7.99791666666883e-10,6363.28125,3636.79872916667,6363.20127083333,0,0,0,4.3625,5925
MIL_PI_override,edge_-1_0_reset1,0.0054,0,0,0,0,0,0,0,1,0,48,0,0,0,0,0,0,0,0,0,0,2,0,-0,5000,5000,5000,0,0,0,4.3625,5925
MIL_PI_override,edge_-1_0_reset2,0.0055,0,0,0,0,0,0,0,1,0,48,0,0,0,0,0,0,0,0,0,0,2,0,-0,5000,5000,5000,0,0,0,4.3625,5925
MIL_PI_override,edge_-1_0,0.0056,0,0,0,0,-1,0,0,0,0,48,0,0,0,0,-4.3625,0,-4.3625,0,-4.3625,0,4,-0,1.36328125e-05,5681.640625,4318.359375,4318.359375,0,0,0,4.3625,5925
MIL_PI_override,edge_-1_-1.732_reset1,0.0057,0,0,0,0,0,0,0,1,0,48,0,0,0,0,0,0,0,0,0,0,2,0,-0,5000,5000,5000,0,0,0,4.3625,5925
MIL_PI_override,edge_-1_-1.732_reset2,0.0058,0,0,0,0,0,0,0,1,0,48,0,0,0,0,0,0,0,0,0,0,2,0,-0,5000,5000,5000,0,0,0,4.3625,5925
MIL_PI_override,edge_-1_-1.732,0.0059,0,0,0,0,-1,-1.732,0,0,0,48,0,0,0,0,-4.3625,-7.55585,-4.3625,-7.55585,-4.3625,-7.55585,6,2.72648252083333e-05,-7.99791666666883e-10,6363.28125,6363.20127083333,3636.79872916667,0,0,0,4.3625,5925
MIL_PI_override,edge_1_-1.732_reset1,0.006,0,0,0,0,0,0,0,1,0,48,0,0,0,0,0,0,0,0,0,0,2,0,-0,5000,5000,5000,0,0,0,4.3625,5925
MIL_PI_override,edge_1_-1.732_reset2,0.0061,0,0,0,0,0,0,0,1,0,48,0,0,0,0,0,0,0,0,0,0,2,0,-0,5000,5000,5000,0,0,0,4.3625,5925
MIL_PI_override,edge_1_-1.732,0.0062,0,0,0,0,1,-1.732,0,0,0,48,0,0,0,0,4.3625,-7.55585,4.3625,-7.55585,4.3625,-7.55585,2,7.99791666666883e-10,2.72655995520833e-05,3636.6800328125,6363.3199671875,3636.76001197917,0,0,0,4.3625,5925
MIL_PI_override,feedforward_reset1,0.0063,0,0,0,0,0,0,0,1,0,48,0,0,0,0,0,0,0,0,0,0,2,0,-0,5000,5000,5000,0,0,0,4.3625,5925
MIL_PI_override,feedforward_reset2,0.0064,0,0,0,0,0,0,0,1,0,48,0,0,0,0,0,0,0,0,0,0,2,0,-0,5000,5000,5000,0,0,0,4.3625,5925
MIL_PI_override,feedforward,0.0065,0.2,-0.1,-0.1,0.3,0.5,0.4,100,0,0,48,0.2,0,0.191066365401038,-0.0591037512790529,1.35803658553617,16.1361811957173,1.35803658553617,16.1361811957173,-3.47116862752689,15.8167327454883,1,3.93834239560068e-05,1.76886200339637e-05,6084.74019610215,2146.39780050148,7853.60219949852,0,0,0,4.3625,5925
MIL_PI_override,sat_start_reset1,0.0066,0,0,0,0,0,0,0,1,0,48,0,0,0,0,0,0,0,0,0,0,2,0,-0,5000,5000,5000,0,0,0,4.3625,5925
MIL_PI_override,sat_start_reset2,0.0067,0,0,0,0,0,0,0,1,0,48,0,0,0,0,0,0,0,0,0,0,2,0,-0,5000,5000,5000,0,0,0,4.3625,5925
MIL_PI_override,sat_start,0.0068,0,0,0,0.2,30,-20,0,0,0,48,0,0,0,0,130.875,-87.25,20.7526086012026,-13.8350724008017,23.0873655185981,-9.43631283207613,2,5.51233361777483e-05,3.4051328034248e-05,541.266789400181,9458.73321059982,6053.60040717501,0,0,0,4.3625,5925
MIL_PI_override,sat_hold_1,0.0069,0,0,0,0.2,30,-20,0,0,0,48,0,0,0,0,148.65,-99.1,20.7526086169791,-13.8350724113194,23.0873655361495,-9.43631283924977,2,5.5123336219654e-05,3.40513280601344e-05,541.266786010576,9458.73321398942,6053.60040797598,110.122391398797,-73.4149275991983,1,4.3625,5925
MIL_PI_override,sat_hold_2,0.007,0,0,0,0.2,30,-20,0,0,0,48,0,0,0,0,144.400521720241,-96.2670144801604,20.7526086135607,-13.8350724090405,23.0873655323465,-9.43631283769541,2,5.5123336210574e-05,3.40513280545254e-05,541.266786745028,9458.73321325497,6053.60040780243,127.897391383021,-85.2649275886806,1,4.3625,5925
MIL_PI_override,sat_hold_3,0.0071,0,0,0,0.2,30,-20,0,0,0,48,0,0,0,0,136.596043443636,-91.0640289624242,20.7526086067285,-13.8350724044857,23.0873655247457,-9.43631283458878,2,5.51233361924263e-05,3.40513280433151e-05,541.266788212933,9458.73321178707,6053.60040745556,123.64791310668,-82.4319420711199,1,4.3625,5925
MIL_PI_override,sat_hold_4,0.0072,0,0,0,0.2,30,-20,0,0,0,48,0,0,0,0,129.6414608223,-86.4276405482002,20.7526085999472,-13.8350723999648,23.0873655172015,-9.4363128315053,2,5.51233361744138e-05,3.40513280321882e-05,541.266789669902,9458.7332103301,6053.60040711128,115.843434836908,-77.2289565579386,1,4.3625,5925
MIL_PI_override,recovery_1,0.0073,0,0,0,0,0,0,0,0,0,48,0,0,0,0,-6.6272261450812,4.41815076338746,-6.6272261450812,4.41815076338746,-6.6272261450812,4.41815076338746,5,1.59430811192988e-05,1.27390013677672e-05,6434.1041243533,3565.8958756467,5160.20398757658,108.888852222353,-72.5925681482354,1,4.3625,5925
MIL_PI_override,recovery_2,0.0074,0,0,0,0,0,0,0,0,0,48,0,0,0,0,-28.4049965895518,18.9366643930345,-20.7526081252458,13.8350720834972,-20.7526081252458,13.8350720834972,5,4.99244340746364e-05,3.98911245074169e-05,9490.77792910266,509.222070897338,5501.66547836098,0,0,0,4.3625,5925
MIL_PI_override,recovery_3,0.0075,0,0,0,0,0,0,0,0,0,48,0,0,0,0,-28.4049965895518,18.9366643930345,-20.7526081252458,13.8350720834972,-20.7526081252458,13.8350720834972,5,4.99244340746364e-05,3.98911245074169e-05,9490.77792910266,509.222070897338,5501.66547836098,-7.65238846430606,5.10159230953737,1,4.3625,5925
MIL_PI_override,recovery_4,0.0076,0,0,0,0,0,0,0,0,0,48,0,0,0,0,-26.8745188966906,17.9163459311271,-20.7526080906268,13.8350720604179,-20.7526080906268,13.8350720604179,5,4.99244339913538e-05,3.98911244408716e-05,9490.77792161127,509.222078388733,5501.66547752411,-7.65238846430606,5.10159230953737,1,4.3625,5925
MIL_PI_override,q_zero,0.0077,0.1,-0.05,-0.05,0,1,1,30,0,1,48,0.1,0,0.1,0,-21.4177912038294,0,-21.4177912038294,0,-21.4177912038294,0,4,-0,6.69305975119669e-05,8346.52987559834,1653.47012440166,1653.47012440166,-6.12191080606379,4.08127387070919,1,4.3625,5925
MIL_PI_override,reset_after_sat,0.0078,0,0,0,0,20,20,0,1,0,48,0,0,0,0,0,0,0,0,0,0,2,0,-0,5000,5000,5000,0,0,0,4.3625,5925
MIL_PI_override,release,0.0079,0,0,0,0,0.2,-0.2,0,0,0,48,0,0,0,0,0.8725,-0.8725,0.8725,-0.8725,0.8725,-0.8725,2,1.15242708333333e-06,3.14845260416667e-06,4784.956015625,5215.043984375,4900.19872395833,0,0,0,4.3625,5925
