profile,parameter_profile,row,source_row,case_id,time_s,id_meas,iq_meas,id_ref,iq_ref,we,vdc,pi_reset,uq_zero_en,xd_old_raw,xq_old_raw,du_d_old_raw,du_q_old_raw,sat_old_raw,xd_next_raw,xq_next_raw,du_d_next_raw,du_q_next_raw,sat_next_raw,fixed_ud_raw_integer,fixed_uq_raw_integer,fixed_ud_hi_integer,fixed_uq_hi_integer,fixed_ud_lim_integer,fixed_uq_lim_integer,fixed_scale_integer,fixed_limited_integer,fixed_sat_flag_integer,ud_raw_reference,ud_raw_fixed,ud_raw_abs_error,uq_raw_reference,uq_raw_fixed,uq_raw_abs_error,ud_lim_reference,ud_lim_fixed,ud_lim_abs_error,uq_lim_reference,uq_lim_fixed,uq_lim_abs_error,du_d_z_reference,du_d_z_fixed,du_d_z_abs_error,du_q_z_reference,du_q_z_fixed,du_q_z_abs_error,real_scale,old_real_scale,old_fixed_scale,reference_sat_old
0,real_commissioning,1,1,zero_reset1,0,0,0,0,0,0,1572864,1,0,0,0,0,0,0,0,0,0,0,0,0,0,0,0,0,0,4294967296,0,0,0,0,0,0,0,0,0,0,0,0,0,0,0,0,0,0,0,0,1,1,4294967296,0
0,real_commissioning,2,2,zero_reset2,0.0001,0,0,0,0,0,1572864,1,0,0,0,0,0,0,0,0,0,0,0,0,0,0,0,0,0,4294967296,0,0,0,0,0,0,0,0,0,0,0,0,0,0,0,0,0,0,0,0,1,1,4294967296,0
0,real_commissioning,3,3,zero,0.0002,0,0,0,0,0,1572864,0,0,0,0,0,0,0,0,0,0,0,0,0,0,0,0,0,0,4294967296,0,0,0,0,0,0,0,0,0,0,0,0,0,0,0,0,0,0,0,0,1,1,4294967296,0
0,real_commissioning,4,4,d_current_reset1,0.0003,0,0,0,0,0,1572864,1,0,0,0,0,0,0,0,0,0,0,0,0,0,0,0,0,0,4294967296,0,0,0,0,0,0,0,0,0,0,0,0,0,0,0,0,0,0,0,0,1,1,4294967296,0
0,real_commissioning,5,5,d_current_reset2,0.0004,0,0,0,0,0,1572864,1,0,0,0,0,0,0,0,0,0,0,0,0,0,0,0,0,0,4294967296,0,0,0,0,0,0,0,0,0,0,0,0,0,0,0,0,0,0,0,0,1,1,4294967296,0
0,real_commissioning,6,6,d_current,0.0005,32768,0,0,0,0,1572864,0,0,0,0,0,0,0,-4970250,0,0,0,0,-36595302,0,-36595302,0,-71475,0,4294967296,0,0,-2.18125,-2.1812499761581421,2.3841857821338408e-08,0,0,0,-2.18125,-2.181243896484375,6.1035156249111822e-06,0,0,0,0,0,0,0,0,0,1,1,4294967296,0
0,real_commissioning,7,7,q_current_reset1,0.0006,0,0,0,0,0,1572864,1,0,-4970250,0,0,0,0,0,0,0,0,0,0,0,0,0,0,0,4294967296,0,0,0,0,0,0,0,0,0,0,0,0,0,0,0,0,0,0,0,0,1,1,4294967296,0
0,real_commissioning,8,8,q_current_reset2,0.0007,0,0,0,0,0,1572864,1,0,0,0,0,0,0,0,0,0,0,0,0,0,0,0,0,0,4294967296,0,0,0,0,0,0,0,0,0,0,0,0,0,0,0,0,0,0,0,0,1,1,4294967296,0
0,real_commissioning,9,9,q_current,0.0008,0,32768,0,0,0,1572864,0,0,0,0,0,0,0,0,-4970250,0,0,0,0,-36595302,0,-36595302,0,-71475,4294967296,0,0,0,0,0,-2.18125,-2.1812499761581421,2.3841857821338408e-08,0,0,0,-2.18125,-2.181243896484375,6.1035156249111822e-06,0,0,0,0,0,0,1,1,4294967296,0
0,real_commissioning,10,10,common_mode_reset1,0.0009,0,0,0,0,0,1572864,1,0,0,-4970250,0,0,0,0,0,0,0,0,0,0,0,0,0,0,4294967296,0,0,0,0,0,0,0,0,0,0,0,0,0,0,0,0,0,0,0,0,1,1,4294967296,0
0,real_commissioning,11,11,common_mode_reset2,0.001,0,0,0,0,0,1572864,1,0,0,0,0,0,0,0,0,0,0,0,0,0,0,0,0,0,4294967296,0,0,0,0,0,0,0,0,0,0,0,0,0,0,0,0,0,0,0,0,1,1,4294967296,0
0,real_commissioning,12,12,common_mode,0.0011,0,0,0,0,0,1572864,0,0,0,0,0,0,0,0,0,0,0,0,0,0,0,0,0,0,4294967296,0,0,0,0,0,0,0,0,0,0,0,0,0,0,0,0,0,0,0,0,1,1,4294967296,0
0,real_commissioning,13,13,angle_0.0000_reset1,0.0012,0,0,0,0,0,1572864,1,0,0,0,0,0,0,0,0,0,0,0,0,0,0,0,0,0,4294967296,0,0,0,0,0,0,0,0,0,0,0,0,0,0,0,0,0,0,0,0,1,1,4294967296,0
0,real_commissioning,14,14,angle_0.0000_reset2,0.0013,0,0,0,0,0,1572864,1,0,0,0,0,0,0,0,0,0,0,0,0,0,0,0,0,0,4294967296,0,0,0,0,0,0,0,0,0,0,0,0,0,0,0,0,0,0,0,0,1,1,4294967296,0
0,real_commissioning,15,15,angle_0.0000,0.0014,6554,-7567,13107,-6554,0,1572864,0,0,0,0,0,0,0,993959,153652,0,0,0,7318390,1131318,7318390,1131318,14294,2210,4294967296,0,0,0.43625,0.436210036277771,3.9963722229030552e-05,0.0674881098679486,0.067431807518005371,5.6302349943235241e-05,0.43625,0.43621826171875,3.1738281250026645e-05,0.0674881098679486,0.06744384765625,4.4262211698606335e-05,0,0,0,0,0,0,1,1,4294967296,0
0,real_commissioning,16,16,angle_1.5708_reset1,0.0015,0,0,0,0,0,1572864,1,0,993959,153652,0,0,0,0,0,0,0,0,0,0,0,0,0,0,4294967296,0,0,0,0,0,0,0,0,0,0,0,0,0,0,0,0,0,0,0,0,1,1,4294967296,0
0,real_commissioning,17,17,angle_1.5708_reset2,0.0016,0,0,0,0,0,1572864,1,0,0,0,0,0,0,0,0,0,0,0,0,0,0,0,0,0,4294967296,0,0,0,0,0,0,0,0,0,0,0,0,0,0,0,0,0,0,0,0,1,1,4294967296,0
0,real_commissioning,18,18,angle_1.5708,0.0017,-7567,-6554,13107,-6554,0,1572864,0,0,0,0,0,0,0,3135832,0,0,0,0,23088723,0,23088723,0,45095,0,4294967296,0,0,1.37623810986795,1.3761951327323914,4.2977135558563972e-05,0,0,0,1.37623810986795,1.376190185546875,4.7924321074921394e-05,0,0,0,0,0,0,0,0,0,1,1,4294967296,0
0,real_commissioning,19,19,angle_3.1416_reset1,0.0018,0,0,0,0,0,1572864,1,0,3135832,0,0,0,0,0,0,0,0,0,0,0,0,0,0,0,4294967296,0,0,0,0,0,0,0,0,0,0,0,0,0,0,0,0,0,0,0,0,1,1,4294967296,0
0,real_commissioning,20,20,angle_3.1416_reset2,0.0019,0,0,0,0,0,1572864,1,0,0,0,0,0,0,0,0,0,0,0,0,0,0,0,0,0,4294967296,0,0,0,0,0,0,0,0,0,0,0,0,0,0,0,0,0,0,0,0,1,1,4294967296,0
0,real_commissioning,21,21,angle_3.1416,0.002,-6554,7567,13107,-6554,0,1572864,0,0,0,0,0,0,0,2982180,-2141873,0,0,0,21957405,-15770333,21957405,-15770333,42886,-30801,4294967296,0,0,1.30875,1.308763325214386,1.3325214385906392e-05,-0.939988109867949,-0.93998509645462036,3.0134133286452425e-06,1.30875,1.30877685546875,2.6855468749920064e-05,-0.939988109867949,-0.939971923828125,1.6186039824006571e-05,0,0,0,0,0,0,1,1,4294967296,0
0,real_commissioning,22,22,angle_4.7124_reset1,0.0021,0,0,0,0,0,1572864,1,0,2982180,-2141873,0,0,0,0,0,0,0,0,0,0,0,0,0,0,4294967296,0,0,0,0,0,0,0,0,0,0,0,0,0,0,0,0,0,0,0,0,1,1,4294967296,0
0,real_commissioning,23,23,angle_4.7124_reset2,0.0022,0,0,0,0,0,1572864,1,0,0,0,0,0,0,0,0,0,0,0,0,0,0,0,0,0,4294967296,0,0,0,0,0,0,0,0,0,0,0,0,0,0,0,0,0,0,0,0,1,1,4294967296,0
0,real_commissioning,24,24,angle_4.7124,0.0023,7567,6554,13107,-6554,0,1572864,0,0,0,0,0,0,0,840307,-1988221,0,0,0,6187072,-14639014,6187072,-14639014,12084,-28592,4294967296,0,0,0.368761890132052,0.36877822875976562,1.6338627713607945e-05,-0.8725,-0.87255322933197021,5.3229331970161553e-05,0.368761890132052,0.3687744140625,1.2523930447982945e-05,-0.8725,-0.87255859375,5.8593749999946709e-05,0,0,0,0,0,0,1,1,4294967296,0
0,real_commissioning,25,25,angle_6.2832_reset1,0.0024,0,0,0,0,0,1572864,1,0,840307,-1988221,0,0,0,0,0,0,0,0,0,0,0,0,0,0,4294967296,0,0,0,0,0,0,0,0,0,0,0,0,0,0,0,0,0,0,0,0,1,1,4294967296,0
0,real_commissioning,26,26,angle_6.2832_reset2,0.0025,0,0,0,0,0,1572864,1,0,0,0,0,0,0,0,0,0,0,0,0,0,0,0,0,0,4294967296,0,0,0,0,0,0,0,0,0,0,0,0,0,0,0,0,0,0,0,0,1,1,4294967296,0
0,real_commissioning,27,27,angle_6.2832,0.0026,6554,-7567,13107,-6554,0,1572864,0,0,0,0,0,0,0,993959,153652,0,0,0,7318390,1131318,7318390,1131318,14294,2210,4294967296,0,0,0.43625,0.436210036277771,3.9963722229030552e-05,0.0674881098679486,0.067431807518005371,5.6302349943235241e-05,0.43625,0.43621826171875,3.1738281250026645e-05,0.0674881098679486,0.06744384765625,4.4262211698606335e-05,0,0,0,0,0,0,1,1,4294967296,0
0,real_commissioning,28,28,sector_15_reset1,0.0027,0,0,0,0,0,1572864,1,0,993959,153652,0,0,0,0,0,0,0,0,0,0,0,0,0,0,4294967296,0,0,0,0,0,0,0,0,0,0,0,0,0,0,0,0,0,0,0,0,1,1,4294967296,0
0,real_commissioning,29,29,sector_15_reset2,0.0028,0,0,0,0,0,1572864,1,0,0,0,0,0,0,0,0,0,0,0,0,0,0,0,0,0,4294967296,0,0,0,0,0,0,0,0,0,0,0,0,0,0,0,0,0,0,0,0,1,1,4294967296,0
0,real_commissioning,30,30,sector_15,0.0029,0,0,31651,8481,0,1572864,0,0,0,0,0,0,0,4800823,1286398,0,0,0,35347836,9471581,35347836,9471581,69039,18499,4294967296,0,0,2.10692570859303,2.1068952083587646,3.0500234265318227e-05,0.564549042129873,0.56455022096633911,1.1788364661091677e-06,2.10692570859303,2.106903076171875,2.2632421154966664e-05,0.564549042129873,0.564544677734375,4.3643954980021604e-06,0,0,0,0,0,0,1,1,4294967296,0
0,real_commissioning,31,31,sector_75_reset1,0.003,0,0,0,0,0,1572864,1,0,4800823,1286398,0,0,0,0,0,0,0,0,0,0,0,0,0,0,4294967296,0,0,0,0,0,0,0,0,0,0,0,0,0,0,0,0,0,0,0,0,1,1,4294967296,0
0,real_commissioning,32,32,sector_75_reset2,0.0031,0,0,0,0,0,1572864,1,0,0,0,0,0,0,0,0,0,0,0,0,0,0,0,0,0,4294967296,0,0,0,0,0,0,0,0,0,0,0,0,0,0,0,0,0,0,0,0,1,1,4294967296,0
0,real_commissioning,33,33,sector_75,0.0032,0,0,8481,31651,0,1572864,0,0,0,0,0,0,0,1286398,4800823,0,0,0,9471581,35347836,9471581,35347836,18499,69039,4294967296,0,0,0.564549042129873,0.56455022096633911,1.1788364661091677e-06,2.10692570859303,2.1068952083587646,3.0500234265318227e-05,0.564549042129873,0.564544677734375,4.3643954980021604e-06,2.10692570859303,2.106903076171875,2.2632421154966664e-05,0,0,0,0,0,0,1,1,4294967296,0
0,real_commissioning,34,34,sector_135_reset1,0.0033,0,0,0,0,0,1572864,1,0,1286398,4800823,0,0,0,0,0,0,0,0,0,0,0,0,0,0,4294967296,0,0,0,0,0,0,0,0,0,0,0,0,0,0,0,0,0,0,0,0,1,1,4294967296,0
0,real_commissioning,35,35,sector_135_reset2,0.0034,0,0,0,0,0,1572864,1,0,0,0,0,0,0,0,0,0,0,0,0,0,0,0,0,0,4294967296,0,0,0,0,0,0,0,0,0,0,0,0,0,0,0,0,0,0,0,0,1,1,4294967296,0
0,real_commissioning,36,36,sector_135,0.0035,0,0,-23170,23170,0,1572864,0,0,0,0,0,0,0,-3514425,3514425,0,0,0,-25876256,25876256,-25876256,25876256,-50540,50540,4294967296,0,0,-1.54237666646316,-1.5423450469970703,3.1619466089649606e-05,1.54237666646316,1.5423450469970703,3.1619466089649606e-05,-1.54237666646316,-1.5423583984375,1.8268025659962106e-05,1.54237666646316,1.5423583984375,1.8268025659962106e-05,0,0,0,0,0,0,1,1,4294967296,0
0,real_commissioning,37,37,sector_195_reset1,0.0036,0,0,0,0,0,1572864,1,0,-3514425,3514425,0,0,0,0,0,0,0,0,0,0,0,0,0,0,4294967296,0,0,0,0,0,0,0,0,0,0,0,0,0,0,0,0,0,0,0,0,1,1,4294967296,0
0,real_commissioning,38,38,sector_195_reset2,0.0037,0,0,0,0,0,1572864,1,0,0,0,0,0,0,0,0,0,0,0,0,0,0,0,0,0,4294967296,0,0,0,0,0,0,0,0,0,0,0,0,0,0,0,0,0,0,0,0,1,1,4294967296,0
0,real_commissioning,39,39,sector_195,0.0038,0,0,-31651,-8481,0,1572864,0,0,0,0,0,0,0,-4800823,-1286398,0,0,0,-35347836,-9471581,-35347836,-9471581,-69039,-18499,4294967296,0,0,-2.10692570859303,-2.1068952083587646,3.0500234265318227e-05,-0.564549042129872,-0.56455022096633911,1.1788364671083684e-06,-2.10692570859303,-2.106903076171875,2.2632421154966664e-05,-0.564549042129872,-0.564544677734375,4.3643954970029597e-06,0,0,0,0,0,0,1,1,4294967296,0
0,real_commissioning,40,40,sector_255_reset1,0.0039,0,0,0,0,0,1572864,1,0,-4800823,-1286398,0,0,0,0,0,0,0,0,0,0,0,0,0,0,4294967296,0,0,0,0,0,0,0,0,0,0,0,0,0,0,0,0,0,0,0,0,1,1,4294967296,0
0,real_commissioning,41,41,sector_255_reset2,0.004,0,0,0,0,0,1572864,1,0,0,0,0,0,0,0,0,0,0,0,0,0,0,0,0,0,4294967296,0,0,0,0,0,0,0,0,0,0,0,0,0,0,0,0,0,0,0,0,1,1,4294967296,0
0,real_commissioning,42,42,sector_255,0.0041,0,0,-8481,-31651,0,1572864,0,0,0,0,0,0,0,-1286398,-4800823,0,0,0,-9471581,-35347836,-9471581,-35347836,-18499,-69039,4294967296,0,0,-0.564549042129873,-0.56455022096633911,1.1788364661091677e-06,-2.10692570859303,-2.1068952083587646,3.0500234265318227e-05,-0.564549042129873,-0.564544677734375,4.3643954980021604e-06,-2.10692570859303,-2.106903076171875,2.2632421154966664e-05,0,0,0,0,0,0,1,1,4294967296,0
0,real_commissioning,43,43,sector_315_reset1,0.0042,0,0,0,0,0,1572864,1,0,-1286398,-4800823,0,0,0,0,0,0,0,0,0,0,0,0,0,0,4294967296,0,0,0,0,0,0,0,0,0,0,0,0,0,0,0,0,0,0,0,0,1,1,4294967296,0
0,real_commissioning,44,44,sector_315_reset2,0.0043,0,0,0,0,0,1572864,1,0,0,0,0,0,0,0,0,0,0,0,0,0,0,0,0,0,4294967296,0,0,0,0,0,0,0,0,0,0,0,0,0,0,0,0,0,0,0,0,1,1,4294967296,0
0,real_commissioning,45,45,sector_315,0.0044,0,0,23170,-23170,0,1572864,0,0,0,0,0,0,0,3514425,-3514425,0,0,0,25876256,-25876256,25876256,-25876256,50540,-50540,4294967296,0,0,1.54237666646316,1.5423450469970703,3.1619466089649606e-05,-1.54237666646316,-1.5423450469970703,3.1619466089649606e-05,1.54237666646316,1.5423583984375,1.8268025659962106e-05,-1.54237666646316,-1.5423583984375,1.8268025659962106e-05,0,0,0,0,0,0,1,1,4294967296,0
0,real_commissioning,46,46,edge_1_0_reset1,0.0045,0,0,0,0,0,1572864,1,0,3514425,-3514425,0,0,0,0,0,0,0,0,0,0,0,0,0,0,4294967296,0,0,0,0,0,0,0,0,0,0,0,0,0,0,0,0,0,0,0,0,1,1,4294967296,0
0,real_commissioning,47,47,edge_1_0_reset2,0.0046,0,0,0,0,0,1572864,1,0,0,0,0,0,0,0,0,0,0,0,0,0,0,0,0,0,4294967296,0,0,0,0,0,0,0,0,0,0,0,0,0,0,0,0,0,0,0,0,1,1,4294967296,0
0,real_commissioning,48,48,edge_1_0,0.0047,0,0,32768,0,0,1572864,0,0,0,0,0,0,0,4970250,0,0,0,0,36595302,0,36595302,0,71475,0,4294967296,0,0,2.18125,2.1812499761581421,2.3841857821338408e-08,0,0,0,2.18125,2.181243896484375,6.1035156249111822e-06,0,0,0,0,0,0,0,0,0,1,1,4294967296,0
0,real_commissioning,49,49,edge_1_1.732_reset1,0.0048,0,0,0,0,0,1572864,1,0,4970250,0,0,0,0,0,0,0,0,0,0,0,0,0,0,0,4294967296,0,0,0,0,0,0,0,0,0,0,0,0,0,0,0,0,0,0,0,0,1,1,4294967296,0
0,real_commissioning,50,50,edge_1_1.732_reset2,0.0049,0,0,0,0,0,1572864,1,0,0,0,0,0,0,0,0,0,0,0,0,0,0,0,0,0,4294967296,0,0,0,0,0,0,0,0,0,0,0,0,0,0,0,0,0,0,0,0,1,1,4294967296,0
0,real_commissioning,51,51,edge_1_1.732,0.005,0,0,32768,56754,0,1572864,0,0,0,0,0,0,0,4970250,8608446,0,0,0,36595302,63382867,36595302,63382867,71475,123795,4294967296,0,0,2.18125,2.1812499761581421,2.3841857821338408e-08,3.777925,3.7779132723808289,1.1727619171342241e-05,2.18125,2.181243896484375,6.1035156249111822e-06,3.777925,3.777923583984375,1.4160156251996625e-06,0,0,0,0,0,0,1,1,4294967296,0
0,real_commissioning,52,52,edge_-1_1.732_reset1,0.0051,0,0,0,0,0,1572864,1,0,4970250,8608446,0,0,0,0,0,0,0,0,0,0,0,0,0,0,4294967296,0,0,0,0,0,0,0,0,0,0,0,0,0,0,0,0,0,0,0,0,1,1,4294967296,0
0,real_commissioning,53,53,edge_-1_1.732_reset2,0.0052,0,0,0,0,0,1572864,1,0,0,0,0,0,0,0,0,0,0,0,0,0,0,0,0,0,4294967296,0,0,0,0,0,0,0,0,0,0,0,0,0,0,0,0,0,0,0,0,1,1,4294967296,0
0,real_commissioning,54,54,edge_-1_1.732,0.0053,0,0,-32768,56754,0,1572864,0,0,0,0,0,0,0,-4970250,8608446,0,0,0,-36595302,63382867,-36595302,63382867,-71475,123795,4294967296,0,0,-2.18125,-2.1812499761581421,2.3841857821338408e-08,3.777925,3.7779132723808289,1.1727619171342241e-05,-2.18125,-2.181243896484375,6.1035156249111822e-06,3.777925,3.777923583984375,1.4160156251996625e-06,0,0,0,0,0,0,1,1,4294967296,0
0,real_commissioning,55,55,edge_-1_0_reset1,0.0054,0,0,0,0,0,1572864,1,0,-4970250,8608446,0,0,0,0,0,0,0,0,0,0,0,0,0,0,4294967296,0,0,0,0,0,0,0,0,0,0,0,0,0,0,0,0,0,0,0,0,1,1,4294967296,0
0,real_commissioning,56,56,edge_-1_0_reset2,0.0055,0,0,0,0,0,1572864,1,0,0,0,0,0,0,0,0,0,0,0,0,0,0,0,0,0,4294967296,0,0,0,0,0,0,0,0,0,0,0,0,0,0,0,0,0,0,0,0,1,1,4294967296,0
0,real_commissioning,57,57,edge_-1_0,0.0056,0,0,-32768,0,0,1572864,0,0,0,0,0,0,0,-4970250,0,0,0,0,-36595302,0,-36595302,0,-71475,0,4294967296,0,0,-2.18125,-2.1812499761581421,2.3841857821338408e-08,0,0,0,-2.18125,-2.181243896484375,6.1035156249111822e-06,0,0,0,0,0,0,0,0,0,1,1,4294967296,0
0,real_commissioning,58,58,edge_-1_-1.732_reset1,0.0057,0,0,0,0,0,1572864,1,0,-4970250,0,0,0,0,0,0,0,0,0,0,0,0,0,0,0,4294967296,0,0,0,0,0,0,0,0,0,0,0,0,0,0,0,0,0,0,0,0,1,1,4294967296,0
0,real_commissioning,59,59,edge_-1_-1.732_reset2,0.0058,0,0,0,0,0,1572864,1,0,0,0,0,0,0,0,0,0,0,0,0,0,0,0,0,0,4294967296,0,0,0,0,0,0,0,0,0,0,0,0,0,0,0,0,0,0,0,0,1,1,4294967296,0
0,real_commissioning,60,60,edge_-1_-1.732,0.0059,0,0,-32768,-56754,0,1572864,0,0,0,0,0,0,0,-4970250,-8608446,0,0,0,-36595302,-63382867,-36595302,-63382867,-71475,-123795,4294967296,0,0,-2.18125,-2.1812499761581421,2.3841857821338408e-08,-3.777925,-3.7779132723808289,1.1727619171342241e-05,-2.18125,-2.181243896484375,6.1035156249111822e-06,-3.777925,-3.777923583984375,1.4160156251996625e-06,0,0,0,0,0,0,1,1,4294967296,0
0,real_commissioning,61,61,edge_1_-1.732_reset1,0.006,0,0,0,0,0,1572864,1,0,-4970250,-8608446,0,0,0,0,0,0,0,0,0,0,0,0,0,0,4294967296,0,0,0,0,0,0,0,0,0,0,0,0,0,0,0,0,0,0,0,0,1,1,4294967296,0
0,real_commissioning,62,62,edge_1_-1.732_reset2,0.0061,0,0,0,0,0,1572864,1,0,0,0,0,0,0,0,0,0,0,0,0,0,0,0,0,0,4294967296,0,0,0,0,0,0,0,0,0,0,0,0,0,0,0,0,0,0,0,0,1,1,4294967296,0
0,real_commissioning,63,63,edge_1_-1.732,0.0062,0,0,32768,-56754,0,1572864,0,0,0,0,0,0,0,4970250,-8608446,0,0,0,36595302,-63382867,36595302,-63382867,71475,-123795,4294967296,0,0,2.18125,2.1812499761581421,2.3841857821338408e-08,-3.777925,-3.7779132723808289,1.1727619171342241e-05,2.18125,2.181243896484375,6.1035156249111822e-06,-3.777925,-3.777923583984375,1.4160156251996625e-06,0,0,0,0,0,0,1,1,4294967296,0
0,real_commissioning,64,64,feedforward_reset1,0.0063,0,0,0,0,0,1572864,1,0,4970250,-8608446,0,0,0,0,0,0,0,0,0,0,0,0,0,0,4294967296,0,0,0,0,0,0,0,0,0,0,0,0,0,0,0,0,0,0,0,0,1,1,4294967296,0
0,real_commissioning,65,65,feedforward_reset2,0.0064,0,0,0,0,0,1572864,1,0,0,0,0,0,0,0,0,0,0,0,0,0,0,0,0,0,4294967296,0,0,0,0,0,0,0,0,0,0,0,0,0,0,0,0,0,0,0,0,1,1,4294967296,0
0,real_commissioning,66,66,feedforward,0.0065,6261,-1937,16384,13107,6553600,1572864,0,0,0,0,0,0,0,1535457,2281874,0,0,0,11478425,253919267,11478425,253919267,22419,495936,4294967296,0,0,0.684175095067181,0.68416744470596313,7.650361217859114e-06,15.1347611382399,15.134767711162567,6.5729226665922624e-06,0.684175095067181,0.684173583984375,1.5110828059938797e-06,15.1347611382399,15.134765625,4.4867600994535906e-06,0,0,0,0,0,0,1,1,4294967296,0
0,real_commissioning,67,67,sat_start_reset1,0.0066,0,0,0,0,0,1572864,1,0,1535457,2281874,0,0,0,0,0,0,0,0,0,0,0,0,0,0,4294967296,0,0,0,0,0,0,0,0,0,0,0,0,0,0,0,0,0,0,0,0,1,1,4294967296,0
0,real_commissioning,68,68,sat_start_reset2,0.0067,0,0,0,0,0,1572864,1,0,0,0,0,0,0,0,0,0,0,0,0,0,0,0,0,0,4294967296,0,0,0,0,0,0,0,0,0,0,0,0,0,0,0,0,0,0,0,0,1,1,4294967296,0
0,real_commissioning,69,69,sat_start,0.0068,0,0,983040,-655360,0,1572864,0,0,0,0,0,0,0,149107500,-99405000,749688066,-499792044,1,1097859060,-731906040,348170994,-232113996,680021,-453348,1362090169,1,1,65.4375,65.437499284744263,7.152557373046875e-07,-43.625,-43.624999523162842,4.76837158203125e-07,20.7526084692659,20.752593994140625,1.4475125276192102e-05,-13.8350723128439,-13.8350830078125,1.0694968599622712e-05,0,0,0,0,0,0,0.31713632808811343,1,4294967296,0
0,real_commissioning,70,70,sat_hold_1,0.0069,0,0,983040,-655360,0,1572864,0,0,149107500,-99405000,749688066,-499792044,1,148277396,-98851597,898795565,-599197044,1,1246966560,-831311040,348170995,-232113996,680021,-453348,1199216630,1,1,74.325,74.32499885559082,1.1444091825296709e-06,-49.55,-49.549999237060547,7.6293945028282906e-07,20.7526085008189,20.752593994140625,1.4506678276404728e-05,-13.8350723338793,-13.8350830078125,1.0673933200422425e-05,44.6848915307341,44.684890866279602,6.6445449675711643e-07,-29.7899276871561,-29.789927244186401,4.4296970003188108e-07,0.2792143760621445,0.31713632808811343,1362090169,1
0,real_commissioning,71,71,sat_hold_2,0.007,0,0,983040,-655360,0,1572864,0,0,148277396,-98851597,898795565,-599197044,1,117625794,-78417195,897965461,-598643641,1,1246136456,-830757637,348170995,-232113996,680021,-453348,1200015478,1,1,74.2755216938532,74.275520801544189,8.9230900357506471e-07,-49.5170144625688,-49.517013847827911,6.147408910806007e-07,20.7526085006641,20.752593994140625,1.4506523474011601e-05,-13.8350723337761,-13.8350830078125,1.0674036399649367e-05,53.5723914991811,53.572390377521515,1.1216595865448653e-06,-35.7149276661207,-35.714926958084106,7.0803659468765545e-07,0.2794003734662634,0.2792143760621445,1199216630,1
0,real_commissioning,72,72,sat_hold_3,0.0071,0,0,983040,-655360,0,1572864,0,0,117625794,-78417195,897965461,-598643641,1,87140213,-58093474,867313859,-578209239,1,1215484854,-810323235,348170995,-232113996,680021,-453348,1230276981,1,1,72.448543394017,72.448542952537537,4.4147945743588934e-07,-48.2990289293446,-48.29902857542038,3.5392422148561309e-07,20.7526084948017,20.752593994140625,1.4500661073668653e-05,-13.8350723298678,-13.8350830078125,1.0677944700887565e-05,53.5229131931891,53.522912323474884,8.6971421353609912e-07,-35.6819421287927,-35.681941568851471,5.5994122760694154e-07,0.28644617990367333,0.2794003734662634,1200015478,1
0,real_commissioning,73,73,sat_hold_4,0.0072,0,0,983040,-655360,0,1572864,0,0,87140213,-58093474,867313859,-578209239,1,62784952,-41856633,836828278,-557885518,1,1184999273,-789999514,348170995,-232113996,680021,-453348,1261927386,1,1,70.6314607553792,70.631460726261139,2.9118055522303621e-08,-47.0876405035861,-47.087640404701233,9.8884868293680483e-08,20.7526084886701,20.752593994140625,1.449452947355212e-05,-13.8350723257801,-13.8350830078125,1.0682032399955688e-05,51.6959348992153,51.695934474468231,4.2474707129258604e-07,-34.4639565994769,-34.463956296443939,3.0303296227884857e-07,0.29381536593931545,0.28644617990367333,1230276981,1
0,real_commissioning,74,74,recovery_1,0.0073,0,0,0,0,0,1572864,0,0,62784952,-41856633,836828278,-557885518,1,-104580694,69720464,0,0,0,62784952,-41856633,62784952,-41856633,122627,-81751,4294967296,0,0,3.74227377553609,3.7422747611999512,9.8566386119713911e-07,-2.49484918369073,-2.4948497414588928,5.5776816276775776e-07,3.74227377553609,3.742279052734375,5.2771982850252641e-06,-2.49484918369073,-2.494842529296875,6.6543938550545079e-06,49.878852266709,49.878852248191833,1.8517170019549667e-08,-33.252568177806,-33.252568125724792,5.2081205126341956e-08,1,0.29381536593931545,1261927386,1
0,real_commissioning,75,75,recovery_2,0.0074,0,0,0,0,0,1572864,0,0,-104580694,69720464,0,0,0,-104580694,69720464,0,0,0,-104580694,69720464,-104580694,69720464,-204259,136173,4294967296,0,0,-6.23349667780571,-6.2334951162338257,1.5615718842454385e-06,4.15566445187047,4.1556634902954102,9.615750595770578e-07,-6.23349667780571,-6.233489990234375,6.6875713349290322e-06,4.15566445187047,4.155670166015625,5.7141451552666922e-06,0,0,0,0,0,0,1,1,4294967296,0
0,real_commissioning,76,76,recovery_3,0.0075,0,0,0,0,0,1572864,0,0,-104580694,69720464,0,0,0,-104580694,69720464,0,0,0,-104580694,69720464,-104580694,69720464,-204259,136173,4294967296,0,0,-6.23349667780571,-6.2334951162338257,1.5615718842454385e-06,4.15566445187047,4.1556634902954102,9.615750595770578e-07,-6.23349667780571,-6.233489990234375,6.6875713349290322e-06,4.15566445187047,4.155670166015625,5.7141451552666922e-06,0,0,0,0,0,0,1,1,4294967296,0
0,real_commissioning,77,77,recovery_4,0.0076,0,0,0,0,0,1572864,0,0,-104580694,69720464,0,0,0,-104580694,69720464,0,0,0,-104580694,69720464,-104580694,69720464,-204259,136173,4294967296,0,0,-6.23349667780571,-6.2334951162338257,1.5615718842454385e-06,4.15566445187047,4.1556634902954102,9.615750595770578e-07,-6.23349667780571,-6.233489990234375,6.6875713349290322e-06,4.15566445187047,4.155670166015625,5.7141451552666922e-06,0,0,0,0,0,0,1,1,4294967296,0
0,real_commissioning,78,78,q_zero,0.0077,3277,0,32768,32768,1966080,1572864,0,1,-104580694,69720464,0,0,0,-100107499,0,0,0,0,-71645146,0,-71645146,0,-139932,0,4294967296,0,0,-4.27037167780571,-4.2703834772109985,1.1799405288392961e-05,0,0,0,-4.27037167780571,-4.2703857421875,1.4064381789857805e-05,0,0,0,0,0,0,0,0,0,1,1,4294967296,0
0,real_commissioning,79,79,reset_after_sat,0.0078,0,0,655360,655360,0,1572864,1,0,-100107499,0,0,0,0,0,0,0,0,0,0,0,0,0,0,0,4294967296,0,0,0,0,0,0,0,0,0,0,0,0,0,0,0,0,0,0,0,0,1,1,4294967296,0
0,real_commissioning,80,80,release,0.0079,0,0,6554,-6554,0,1572864,0,0,0,0,0,0,0,994111,-994111,0,0,0,7319507,-7319507,7319507,-7319507,14296,-14296,4294967296,0,0,0.43625,0.43627661466598511,2.6614665985080777e-05,-0.43625,-0.43627661466598511,2.6614665985080777e-05,0.43625,0.436279296875,2.9296874999973355e-05,-0.43625,-0.436279296875,2.9296874999973355e-05,0,0,0,0,0,0,1,1,4294967296,0
1,MIL_PI_override,1,81,zero_reset1,0,0,0,0,0,0,1572864,1,0,0,0,0,0,0,0,0,0,0,0,0,0,0,0,0,0,4294967296,0,0,0,0,0,0,0,0,0,0,0,0,0,0,0,0,0,0,0,0,1,1,4294967296,0
1,MIL_PI_override,2,82,zero_reset2,0.0001,0,0,0,0,0,1572864,1,0,0,0,0,0,0,0,0,0,0,0,0,0,0,0,0,0,4294967296,0,0,0,0,0,0,0,0,0,0,0,0,0,0,0,0,0,0,0,0,1,1,4294967296,0
1,MIL_PI_override,3,83,zero,0.0002,0,0,0,0,0,1572864,0,0,0,0,0,0,0,0,0,0,0,0,0,0,0,0,0,0,4294967296,0,0,0,0,0,0,0,0,0,0,0,0,0,0,0,0,0,0,0,0,1,1,4294967296,0
1,MIL_PI_override,4,84,d_current_reset1,0.0003,0,0,0,0,0,1572864,1,0,0,0,0,0,0,0,0,0,0,0,0,0,0,0,0,0,4294967296,0,0,0,0,0,0,0,0,0,0,0,0,0,0,0,0,0,0,0,0,1,1,4294967296,0
1,MIL_PI_override,5,85,d_current_reset2,0.0004,0,0,0,0,0,1572864,1,0,0,0,0,0,0,0,0,0,0,0,0,0,0,0,0,0,4294967296,0,0,0,0,0,0,0,0,0,0,0,0,0,0,0,0,0,0,0,0,1,1,4294967296,0
1,MIL_PI_override,6,86,d_current,0.0005,32768,0,0,0,0,1572864,0,0,0,0,0,0,0,-9940500,0,0,0,0,-73190605,0,-73190605,0,-142950,0,4294967296,0,0,-4.3625,-4.362500011920929,1.1920929132713809e-08,0,0,0,-4.3625,-4.36248779296875,1.2207031249822364e-05,0,0,0,0,0,0,0,0,0,1,1,4294967296,0
1,MIL_PI_override,7,87,q_current_reset1,0.0006,0,0,0,0,0,1572864,1,0,-9940500,0,0,0,0,0,0,0,0,0,0,0,0,0,0,0,4294967296,0,0,0,0,0,0,0,0,0,0,0,0,0,0,0,0,0,0,0,0,1,1,4294967296,0
1,MIL_PI_override,8,88,q_current_reset2,0.0007,0,0,0,0,0,1572864,1,0,0,0,0,0,0,0,0,0,0,0,0,0,0,0,0,0,4294967296,0,0,0,0,0,0,0,0,0,0,0,0,0,0,0,0,0,0,0,0,1,1,4294967296,0
1,MIL_PI_override,9,89,q_current,0.0008,0,32768,0,0,0,1572864,0,0,0,0,0,0,0,0,-9940500,0,0,0,0,-73190605,0,-73190605,0,-142950,4294967296,0,0,0,0,0,-4.3625,-4.362500011920929,1.1920929132713809e-08,0,0,0,-4.3625,-4.36248779296875,1.2207031249822364e-05,0,0,0,0,0,0,1,1,4294967296,0
1,MIL_PI_override,10,90,common_mode_reset1,0.0009,0,0,0,0,0,1572864,1,0,0,-9940500,0,0,0,0,0,0,0,0,0,0,0,0,0,0,4294967296,0,0,0,0,0,0,0,0,0,0,0,0,0,0,0,0,0,0,0,0,1,1,4294967296,0
1,MIL_PI_override,11,91,common_mode_reset2,0.001,0,0,0,0,0,1572864,1,0,0,0,0,0,0,0,0,0,0,0,0,0,0,0,0,0,4294967296,0,0,0,0,0,0,0,0,0,0,0,0,0,0,0,0,0,0,0,0,1,1,4294967296,0
1,MIL_PI_override,12,92,common_mode,0.0011,0,0,0,0,0,1572864,0,0,0,0,0,0,0,0,0,0,0,0,0,0,0,0,0,0,4294967296,0,0,0,0,0,0,0,0,0,0,0,0,0,0,0,0,0,0,0,0,1,1,4294967296,0
1,MIL_PI_override,13,93,angle_0.0000_reset1,0.0012,0,0,0,0,0,1572864,1,0,0,0,0,0,0,0,0,0,0,0,0,0,0,0,0,0,4294967296,0,0,0,0,0,0,0,0,0,0,0,0,0,0,0,0,0,0,0,0,1,1,4294967296,0
1,MIL_PI_override,14,94,angle_0.0000_reset2,0.0013,0,0,0,0,0,1572864,1,0,0,0,0,0,0,0,0,0,0,0,0,0,0,0,0,0,4294967296,0,0,0,0,0,0,0,0,0,0,0,0,0,0,0,0,0,0,0,0,1,1,4294967296,0
1,MIL_PI_override,15,95,angle_0.0000,0.0014,6554,-7567,13107,-6554,0,1572864,0,0,0,0,0,0,0,1987918,307304,0,0,0,14636781,2262637,14636781,2262637,28587,4419,4294967296,0,0,0.8725,0.87242013216018677,7.9867839813285713e-05,0.134976219735897,0.13486367464065552,0.00011254509524147305,0.8725,0.872406005859375,9.3994140625053291e-05,0.134976219735897,0.134857177734375,0.00011904200152199063,0,0,0,0,0,0,1,1,4294967296,0
1,MIL_PI_override,16,96,angle_1.5708_reset1,0.0015,0,0,0,0,0,1572864,1,0,1987918,307304,0,0,0,0,0,0,0,0,0,0,0,0,0,0,4294967296,0,0,0,0,0,0,0,0,0,0,0,0,0,0,0,0,0,0,0,0,1,1,4294967296,0
1,MIL_PI_override,17,97,angle_1.5708_reset2,0.0016,0,0,0,0,0,1572864,1,0,0,0,0,0,0,0,0,0,0,0,0,0,0,0,0,0,4294967296,0,0,0,0,0,0,0,0,0,0,0,0,0,0,0,0,0,0,0,0,1,1,4294967296,0
1,MIL_PI_override,18,98,angle_1.5708,0.0017,-7567,-6554,13107,-6554,0,1572864,0,0,0,0,0,0,0,6271664,0,0,0,0,46177447,0,46177447,0,90190,0,4294967296,0,0,2.7524762197359,2.7523903250694275,8.5894666472352554e-05,0,0,0,2.7524762197359,2.75238037109375,9.5848642149842789e-05,0,0,0,0,0,0,0,0,0,1,1,4294967296,0
1,MIL_PI_override,19,99,angle_3.1416_reset1,0.0018,0,0,0,0,0,1572864,1,0,6271664,0,0,0,0,0,0,0,0,0,0,0,0,0,0,0,4294967296,0,0,0,0,0,0,0,0,0,0,0,0,0,0,0,0,0,0,0,0,1,1,4294967296,0
1,MIL_PI_override,20,100,angle_3.1416_reset2,0.0019,0,0,0,0,0,1572864,1,0,0,0,0,0,0,0,0,0,0,0,0,0,0,0,0,0,4294967296,0,0,0,0,0,0,0,0,0,0,0,0,0,0,0,0,0,0,0,0,1,1,4294967296,0
1,MIL_PI_override,21,101,angle_3.1416,0.002,-6554,7567,13107,-6554,0,1572864,0,0,0,0,0,0,0,5964361,-4283746,0,0,0,43914810,-31540666,43914810,-31540666,85771,-61603,4294967296,0,0,2.6175,2.617526650428772,2.6650428771812784e-05,-1.8799762197359,-1.8799701929092407,6.0268266592888864e-06,2.6175,2.617523193359375,2.3193359374840128e-05,-1.8799762197359,-1.879974365234375,1.8545015250115426e-06,0,0,0,0,0,0,1,1,4294967296,0
1,MIL_PI_override,22,102,angle_4.7124_reset1,0.0021,0,0,0,0,0,1572864,1,0,5964361,-4283746,0,0,0,0,0,0,0,0,0,0,0,0,0,0,4294967296,0,0,0,0,0,0,0,0,0,0,0,0,0,0,0,0,0,0,0,0,1,1,4294967296,0
1,MIL_PI_override,23,103,angle_4.7124_reset2,0.0022,0,0,0,0,0,1572864,1,0,0,0,0,0,0,0,0,0,0,0,0,0,0,0,0,0,4294967296,0,0,0,0,0,0,0,0,0,0,0,0,0,0,0,0,0,0,0,0,1,1,4294967296,0
1,MIL_PI_override,24,104,angle_4.7124,0.0023,7567,6554,13107,-6554,0,1572864,0,0,0,0,0,0,0,1680614,-3976443,0,0,0,12374144,-29278029,12374144,-29278029,24168,-57184,4294967296,0,0,0.737523780264103,0.73755645751953125,3.2677255428215091e-05,-1.745,-1.7451065182685852,0.0001065182685850985,0.737523780264103,0.737548828125,2.5047860896965091e-05,-1.745,-1.7451171875,0.00011718749999989342,0,0,0,0,0,0,1,1,4294967296,0
1,MIL_PI_override,25,105,angle_6.2832_reset1,0.0024,0,0,0,0,0,1572864,1,0,1680614,-3976443,0,0,0,0,0,0,0,0,0,0,0,0,0,0,4294967296,0,0,0,0,0,0,0,0,0,0,0,0,0,0,0,0,0,0,0,0,1,1,4294967296,0
1,MIL_PI_override,26,106,angle_6.2832_reset2,0.0025,0,0,0,0,0,1572864,1,0,0,0,0,0,0,0,0,0,0,0,0,0,0,0,0,0,4294967296,0,0,0,0,0,0,0,0,0,0,0,0,0,0,0,0,0,0,0,0,1,1,4294967296,0
1,MIL_PI_override,27,107,angle_6.2832,0.0026,6554,-7567,13107,-6554,0,1572864,0,0,0,0,0,0,0,1987918,307304,0,0,0,14636781,2262637,14636781,2262637,28587,4419,4294967296,0,0,0.8725,0.87242013216018677,7.9867839813285713e-05,0.134976219735897,0.13486367464065552,0.00011254509524147305,0.8725,0.872406005859375,9.3994140625053291e-05,0.134976219735897,0.134857177734375,0.00011904200152199063,0,0,0,0,0,0,1,1,4294967296,0
1,MIL_PI_override,28,108,sector_15_reset1,0.0027,0,0,0,0,0,1572864,1,0,1987918,307304,0,0,0,0,0,0,0,0,0,0,0,0,0,0,4294967296,0,0,0,0,0,0,0,0,0,0,0,0,0,0,0,0,0,0,0,0,1,1,4294967296,0
1,MIL_PI_override,29,109,sector_15_reset2,0.0028,0,0,0,0,0,1572864,1,0,0,0,0,0,0,0,0,0,0,0,0,0,0,0,0,0,4294967296,0,0,0,0,0,0,0,0,0,0,0,0,0,0,0,0,0,0,0,0,1,1,4294967296,0
1,MIL_PI_override,30,110,sector_15,0.0029,0,0,31651,8481,0,1572864,0,0,0,0,0,0,0,9601647,2572796,0,0,0,70695674,18943162,70695674,18943162,138077,36998,4294967296,0,0,4.21385141718606,4.2137905359268188,6.0881259241085672e-05,1.12909808425975,1.1291004419326782,2.3576729282215325e-06,4.21385141718606,4.213775634765625,7.5782420434933329e-05,1.12909808425975,1.12908935546875,8.7287910000011237e-06,0,0,0,0,0,0,1,1,4294967296,0
1,MIL_PI_override,31,111,sector_75_reset1,0.003,0,0,0,0,0,1572864,1,0,9601647,2572796,0,0,0,0,0,0,0,0,0,0,0,0,0,0,4294967296,0,0,0,0,0,0,0,0,0,0,0,0,0,0,0,0,0,0,0,0,1,1,4294967296,0
1,MIL_PI_override,32,112,sector_75_reset2,0.0031,0,0,0,0,0,1572864,1,0,0,0,0,0,0,0,0,0,0,0,0,0,0,0,0,0,4294967296,0,0,0,0,0,0,0,0,0,0,0,0,0,0,0,0,0,0,0,0,1,1,4294967296,0
1,MIL_PI_override,33,113,sector_75,0.0032,0,0,8481,31651,0,1572864,0,0,0,0,0,0,0,2572796,9601647,0,0,0,18943162,70695674,18943162,70695674,36998,138077,4294967296,0,0,1.12909808425975,1.1291004419326782,2.3576729282215325e-06,4.21385141718606,4.2137905359268188,6.0881259241085672e-05,1.12909808425975,1.12908935546875,8.7287910000011237e-06,4.21385141718606,4.213775634765625,7.5782420434933329e-05,0,0,0,0,0,0,1,1,4294967296,0
1,MIL_PI_override,34,114,sector_135_reset1,0.0033,0,0,0,0,0,1572864,1,0,2572796,9601647,0,0,0,0,0,0,0,0,0,0,0,0,0,0,4294967296,0,0,0,0,0,0,0,0,0,0,0,0,0,0,0,0,0,0,0,0,1,1,4294967296,0
1,MIL_PI_override,35,115,sector_135_reset2,0.0034,0,0,0,0,0,1572864,1,0,0,0,0,0,0,0,0,0,0,0,0,0,0,0,0,0,4294967296,0,0,0,0,0,0,0,0,0,0,0,0,0,0,0,0,0,0,0,0,1,1,4294967296,0
1,MIL_PI_override,36,116,sector_135,0.0035,0,0,-23170,23170,0,1572864,0,0,0,0,0,0,0,-7028851,7028851,0,0,0,-51752512,51752512,-51752512,51752512,-101079,101079,4294967296,0,0,-3.08475333292631,-3.0846900939941406,6.3238932169529249e-05,3.08475333292631,3.0846900939941406,6.3238932169529249e-05,-3.08475333292631,-3.084686279296875,6.7053629435154249e-05,3.08475333292631,3.084686279296875,6.7053629435154249e-05,0,0,0,0,0,0,1,1,4294967296,0
1,MIL_PI_override,37,117,sector_195_reset1,0.0036,0,0,0,0,0,1572864,1,0,-7028851,7028851,0,0,0,0,0,0,0,0,0,0,0,0,0,0,4294967296,0,0,0,0,0,0,0,0,0,0,0,0,0,0,0,0,0,0,0,0,1,1,4294967296,0
1,MIL_PI_override,38,118,sector_195_reset2,0.0037,0,0,0,0,0,1572864,1,0,0,0,0,0,0,0,0,0,0,0,0,0,0,0,0,0,4294967296,0,0,0,0,0,0,0,0,0,0,0,0,0,0,0,0,0,0,0,0,1,1,4294967296,0
1,MIL_PI_override,39,119,sector_195,0.0038,0,0,-31651,-8481,0,1572864,0,0,0,0,0,0,0,-9601647,-2572796,0,0,0,-70695674,-18943162,-70695674,-18943162,-138077,-36998,4294967296,0,0,-4.21385141718606,-4.2137905359268188,6.0881259241085672e-05,-1.12909808425974,-1.1291004419326782,2.3576729382135397e-06,-4.21385141718606,-4.213775634765625,7.5782420434933329e-05,-1.12909808425974,-1.12908935546875,8.7287909900091165e-06,0,0,0,0,0,0,1,1,4294967296,0
1,MIL_PI_override,40,120,sector_255_reset1,0.0039,0,0,0,0,0,1572864,1,0,-9601647,-2572796,0,0,0,0,0,0,0,0,0,0,0,0,0,0,4294967296,0,0,0,0,0,0,0,0,0,0,0,0,0,0,0,0,0,0,0,0,1,1,4294967296,0
1,MIL_PI_override,41,121,sector_255_reset2,0.004,0,0,0,0,0,1572864,1,0,0,0,0,0,0,0,0,0,0,0,0,0,0,0,0,0,4294967296,0,0,0,0,0,0,0,0,0,0,0,0,0,0,0,0,0,0,0,0,1,1,4294967296,0
1,MIL_PI_override,42,122,sector_255,0.0041,0,0,-8481,-31651,0,1572864,0,0,0,0,0,0,0,-2572796,-9601647,0,0,0,-18943162,-70695674,-18943162,-70695674,-36998,-138077,4294967296,0,0,-1.12909808425975,-1.1291004419326782,2.3576729282215325e-06,-4.21385141718606,-4.2137905359268188,6.0881259241085672e-05,-1.12909808425975,-1.12908935546875,8.7287910000011237e-06,-4.21385141718606,-4.213775634765625,7.5782420434933329e-05,0,0,0,0,0,0,1,1,4294967296,0
1,MIL_PI_override,43,123,sector_315_reset1,0.0042,0,0,0,0,0,1572864,1,0,-2572796,-9601647,0,0,0,0,0,0,0,0,0,0,0,0,0,0,4294967296,0,0,0,0,0,0,0,0,0,0,0,0,0,0,0,0,0,0,0,0,1,1,4294967296,0
1,MIL_PI_override,44,124,sector_315_reset2,0.0043,0,0,0,0,0,1572864,1,0,0,0,0,0,0,0,0,0,0,0,0,0,0,0,0,0,4294967296,0,0,0,0,0,0,0,0,0,0,0,0,0,0,0,0,0,0,0,0,1,1,4294967296,0
1,MIL_PI_override,45,125,sector_315,0.0044,0,0,23170,-23170,0,1572864,0,0,0,0,0,0,0,7028851,-7028851,0,0,0,51752512,-51752512,51752512,-51752512,101079,-101079,4294967296,0,0,3.08475333292631,3.0846900939941406,6.3238932169529249e-05,-3.08475333292631,-3.0846900939941406,6.3238932169529249e-05,3.08475333292631,3.084686279296875,6.7053629435154249e-05,-3.08475333292631,-3.084686279296875,6.7053629435154249e-05,0,0,0,0,0,0,1,1,4294967296,0
1,MIL_PI_override,46,126,edge_1_0_reset1,0.0045,0,0,0,0,0,1572864,1,0,7028851,-7028851,0,0,0,0,0,0,0,0,0,0,0,0,0,0,4294967296,0,0,0,0,0,0,0,0,0,0,0,0,0,0,0,0,0,0,0,0,1,1,4294967296,0
1,MIL_PI_override,47,127,edge_1_0_reset2,0.0046,0,0,0,0,0,1572864,1,0,0,0,0,0,0,0,0,0,0,0,0,0,0,0,0,0,4294967296,0,0,0,0,0,0,0,0,0,0,0,0,0,0,0,0,0,0,0,0,1,1,4294967296,0
1,MIL_PI_override,48,128,edge_1_0,0.0047,0,0,32768,0,0,1572864,0,0,0,0,0,0,0,9940500,0,0,0,0,73190605,0,73190605,0,142950,0,4294967296,0,0,4.3625,4.362500011920929,1.1920929132713809e-08,0,0,0,4.3625,4.36248779296875,1.2207031249822364e-05,0,0,0,0,0,0,0,0,0,1,1,4294967296,0
1,MIL_PI_override,49,129,edge_1_1.732_reset1,0.0048,0,0,0,0,0,1572864,1,0,9940500,0,0,0,0,0,0,0,0,0,0,0,0,0,0,0,4294967296,0,0,0,0,0,0,0,0,0,0,0,0,0,0,0,0,0,0,0,0,1,1,4294967296,0
1,MIL_PI_override,50,130,edge_1_1.732_reset2,0.0049,0,0,0,0,0,1572864,1,0,0,0,0,0,0,0,0,0,0,0,0,0,0,0,0,0,4294967296,0,0,0,0,0,0,0,0,0,0,0,0,0,0,0,0,0,0,0,0,1,1,4294967296,0
1,MIL_PI_override,51,131,edge_1_1.732,0.005,0,0,32768,56754,0,1572864,0,0,0,0,0,0,0,9940500,17216893,0,0,0,73190605,126765735,73190605,126765735,142950,247589,4294967296,0,0,4.3625,4.362500011920929,1.1920929132713809e-08,7.55585,7.5558266043663025,2.3395633697909091e-05,4.3625,4.36248779296875,1.2207031249822364e-05,7.55585,7.555816650390625,3.3349609375399325e-05,0,0,0,0,0,0,1,1,4294967296,0
1,MIL_PI_override,52,132,edge_-1_1.732_reset1,0.0051,0,0,0,0,0,1572864,1,0,9940500,17216893,0,0,0,0,0,0,0,0,0,0,0,0,0,0,4294967296,0,0,0,0,0,0,0,0,0,0,0,0,0,0,0,0,0,0,0,0,1,1,4294967296,0
1,MIL_PI_override,53,133,edge_-1_1.732_reset2,0.0052,0,0,0,0,0,1572864,1,0,0,0,0,0,0,0,0,0,0,0,0,0,0,0,0,0,4294967296,0,0,0,0,0,0,0,0,0,0,0,0,0,0,0,0,0,0,0,0,1,1,4294967296,0
1,MIL_PI_override,54,134,edge_-1_1.732,0.0053,0,0,-32768,56754,0,1572864,0,0,0,0,0,0,0,-9940500,17216893,0,0,0,-73190605,126765735,-73190605,126765735,-142950,247589,4294967296,0,0,-4.3625,-4.362500011920929,1.1920929132713809e-08,7.55585,7.5558266043663025,2.3395633697909091e-05,-4.3625,-4.36248779296875,1.2207031249822364e-05,7.55585,7.555816650390625,3.3349609375399325e-05,0,0,0,0,0,0,1,1,4294967296,0
1,MIL_PI_override,55,135,edge_-1_0_reset1,0.0054,0,0,0,0,0,1572864,1,0,-9940500,17216893,0,0,0,0,0,0,0,0,0,0,0,0,0,0,4294967296,0,0,0,0,0,0,0,0,0,0,0,0,0,0,0,0,0,0,0,0,1,1,4294967296,0
1,MIL_PI_override,56,136,edge_-1_0_reset2,0.0055,0,0,0,0,0,1572864,1,0,0,0,0,0,0,0,0,0,0,0,0,0,0,0,0,0,4294967296,0,0,0,0,0,0,0,0,0,0,0,0,0,0,0,0,0,0,0,0,1,1,4294967296,0
1,MIL_PI_override,57,137,edge_-1_0,0.0056,0,0,-32768,0,0,1572864,0,0,0,0,0,0,0,-9940500,0,0,0,0,-73190605,0,-73190605,0,-142950,0,4294967296,0,0,-4.3625,-4.362500011920929,1.1920929132713809e-08,0,0,0,-4.3625,-4.36248779296875,1.2207031249822364e-05,0,0,0,0,0,0,0,0,0,1,1,4294967296,0
1,MIL_PI_override,58,138,edge_-1_-1.732_reset1,0.0057,0,0,0,0,0,1572864,1,0,-9940500,0,0,0,0,0,0,0,0,0,0,0,0,0,0,0,4294967296,0,0,0,0,0,0,0,0,0,0,0,0,0,0,0,0,0,0,0,0,1,1,4294967296,0
1,MIL_PI_override,59,139,edge_-1_-1.732_reset2,0.0058,0,0,0,0,0,1572864,1,0,0,0,0,0,0,0,0,0,0,0,0,0,0,0,0,0,4294967296,0,0,0,0,0,0,0,0,0,0,0,0,0,0,0,0,0,0,0,0,1,1,4294967296,0
1,MIL_PI_override,60,140,edge_-1_-1.732,0.0059,0,0,-32768,-56754,0,1572864,0,0,0,0,0,0,0,-9940500,-17216893,0,0,0,-73190605,-126765735,-73190605,-126765735,-142950,-247589,4294967296,0,0,-4.3625,-4.362500011920929,1.1920929132713809e-08,-7.55585,-7.5558266043663025,2.3395633697909091e-05,-4.3625,-4.36248779296875,1.2207031249822364e-05,-7.55585,-7.555816650390625,3.3349609375399325e-05,0,0,0,0,0,0,1,1,4294967296,0
1,MIL_PI_override,61,141,edge_1_-1.732_reset1,0.006,0,0,0,0,0,1572864,1,0,-9940500,-17216893,0,0,0,0,0,0,0,0,0,0,0,0,0,0,4294967296,0,0,0,0,0,0,0,0,0,0,0,0,0,0,0,0,0,0,0,0,1,1,4294967296,0
1,MIL_PI_override,62,142,edge_1_-1.732_reset2,0.0061,0,0,0,0,0,1572864,1,0,0,0,0,0,0,0,0,0,0,0,0,0,0,0,0,0,4294967296,0,0,0,0,0,0,0,0,0,0,0,0,0,0,0,0,0,0,0,0,1,1,4294967296,0
1,MIL_PI_override,63,143,edge_1_-1.732,0.0062,0,0,32768,-56754,0,1572864,0,0,0,0,0,0,0,9940500,-17216893,0,0,0,73190605,-126765735,73190605,-126765735,142950,-247589,4294967296,0,0,4.3625,4.362500011920929,1.1920929132713809e-08,-7.55585,-7.5558266043663025,2.3395633697909091e-05,4.3625,4.36248779296875,1.2207031249822364e-05,-7.55585,-7.555816650390625,3.3349609375399325e-05,0,0,0,0,0,0,1,1,4294967296,0
1,MIL_PI_override,64,144,feedforward_reset1,0.0063,0,0,0,0,0,1572864,1,0,9940500,-17216893,0,0,0,0,0,0,0,0,0,0,0,0,0,0,4294967296,0,0,0,0,0,0,0,0,0,0,0,0,0,0,0,0,0,0,0,0,1,1,4294967296,0
1,MIL_PI_override,65,145,feedforward_reset2,0.0064,0,0,0,0,0,1572864,1,0,0,0,0,0,0,0,0,0,0,0,0,0,0,0,0,0,4294967296,0,0,0,0,0,0,0,0,0,0,0,0,0,0,0,0,0,0,0,0,1,1,4294967296,0
1,MIL_PI_override,66,146,feedforward,0.0065,6261,-1937,16384,13107,6553600,1572864,0,0,0,0,0,0,0,3070913,4563748,0,0,0,22783792,270720406,22783792,270720406,44500,528751,4294967296,0,0,1.35803658553617,1.3580198287963867,1.6756739783296837e-05,16.1361811957173,16.136193633079529,1.2437362229889004e-05,1.35803658553617,1.3580322265625,4.3589736700155868e-06,16.1361811957173,16.136199951171875,1.875545457608041e-05,0,0,0,0,0,0,1,1,4294967296,0
1,MIL_PI_override,67,147,sat_start_reset1,0.0066,0,0,0,0,0,1572864,1,0,3070913,4563748,0,0,0,0,0,0,0,0,0,0,0,0,0,0,4294967296,0,0,0,0,0,0,0,0,0,0,0,0,0,0,0,0,0,0,0,0,1,1,4294967296,0
1,MIL_PI_override,68,148,sat_start_reset2,0.0067,0,0,0,0,0,1572864,1,0,0,0,0,0,0,0,0,0,0,0,0,0,0,0,0,0,4294967296,0,0,0,0,0,0,0,0,0,0,0,0,0,0,0,0,0,0,0,0,1,1,4294967296,0
1,MIL_PI_override,69,149,sat_start,0.0068,0,0,983040,-655360,0,1572864,0,0,0,0,0,0,0,298215000,-198810000,1847547154,-1231698102,1,2195718150,-1463812100,348170996,-232113998,680021,-453348,681045080,1,1,130.875,130.87500035762787,3.5762786865234375e-07,-87.25,-87.250000238418579,2.384185791015625e-07,20.7526086012026,20.752593994140625,1.4607061974203361e-05,-13.8350724008017,-13.8350830078125,1.060701080035642e-05,0,0,0,0,0,0,0.15856816505216892,1,4294967296,0
1,MIL_PI_override,70,150,sat_hold_1,0.0069,0,0,983040,-655360,0,1572864,0,0,298215000,-198810000,1847547154,-1231698102,1,226920591,-151280394,2145762153,-1430508102,1,2493933150,-1662622100,348170997,-232113998,680021,-453348,599608311,1,1,148.65,148.64999949932098,5.0067902179762314e-07,-99.1,-99.099999666213989,3.3378600505784561e-07,20.7526086169791,20.752593994140625,1.4622838474309674e-05,-13.8350724113194,-13.8350830078125,1.0596493099868098e-05,110.122391398797,110.12239181995392,4.2115691201161098e-07,-73.4149275991983,-73.414927840232849,2.4103455587010103e-07,0.1396071888125065,0.15856816505216892,681045080,1
1,MIL_PI_override,71,151,sat_hold_2,0.007,0,0,983040,-655360,0,1572864,0,0,226920591,-151280394,2145762153,-1430508102,1,95983186,-63988791,2074467744,-1382978496,1,2422638741,-1615092494,348170997,-232113998,680021,-453348,617253831,1,1,144.400521720241,144.40052157640457,1.4383641655513202e-07,-96.2670144801604,-96.267014384269714,9.5890683837751567e-08,20.7526086135607,20.752593994140625,1.4619420074524214e-05,-13.8350724090405,-13.8350830078125,1.0598772000491863e-05,127.897391383021,127.89739090204239,4.809786133819216e-07,-85.2649275886806,-85.264927268028259,3.2065234734091064e-07,0.14371560688517759,0.1396071888125065,599608311,1
1,MIL_PI_override,72,152,sat_hold_3,0.0071,0,0,983040,-655360,0,1572864,0,0,95983186,-63988791,2074467744,-1382978496,1,-20695338,13796892,1943530339,-1295686893,1,2291701336,-1527800891,348170997,-232113998,680021,-453348,652520911,1,1,136.596043443636,136.59604406356812,6.1993210920263664e-07,-91.0640289624242,-91.064029395580292,4.3315608877492195e-07,20.7526086067285,20.752593994140625,1.4612587875717509e-05,-13.8350724044857,-13.8350830078125,1.0603326799696333e-05,123.64791310668,123.64791297912598,1.2755401712638559e-07,-82.4319420711199,-82.431941986083984,8.5035921415510529e-08,0.15192686467007147,0.14371560688517759,617253831,1
1,MIL_PI_override,73,153,sat_hold_4,0.0072,0,0,983040,-655360,0,1572864,0,0,-20695338,13796892,1943530339,-1295686893,1,-111186383,74124255,1826851816,-1217901211,1,2175022812,-1450015208,348170996,-232113997,680021,-453348,687525222,1,1,129.6414608223,129.64146208763123,1.2653312353450019e-06,-86.4276405482002,-86.42764139175415,8.4355394847079879e-07,20.7526085999472,20.752593994140625,1.4605806576639679e-05,-13.8350723999648,-13.8350830078125,1.0607847700683237e-05,115.843434836908,115.84343546628952,6.293815175695272e-07,-77.2289565579386,-77.228956997394562,4.3945595962213702e-07,0.16007694196220829,0.15192686467007147,652520911,1
1,MIL_PI_override,74,154,recovery_1,0.0073,0,0,0,0,0,1572864,0,0,-111186383,74124255,1826851816,-1217901211,1,-476556724,317704483,0,0,0,-111186383,74124255,-111186383,74124255,-217161,144774,4294967296,0,0,-6.6272261450812,-6.627224862575531,1.2825056687759684e-06,4.41815076338746,4.4181498885154724,8.7487198729974125e-07,-6.6272261450812,-6.627227783203125,1.6381219252181722e-06,4.41815076338746,4.41815185546875,1.0920812902881494e-06,108.888852222353,108.88885354995728,1.3276042807319755e-06,-72.5925681482354,-72.592569053173065,9.0493766435884027e-07,1,0.16007694196220829,687525222,1
1,MIL_PI_override,75,155,recovery_2,0.0074,0,0,0,0,0,1572864,0,0,-476556724,317704483,0,0,0,-476556724,317704483,-128385736,85590491,1,-476556724,317704483,-348170988,232113992,-680021,453348,3137890899,1,1,-28.4049965895518,-28.404994249343872,2.340207927886695e-06,18.9366643930345,18.93666285276413,1.5402703716915767e-06,-20.7526081252458,-20.752593994140625,1.4131105174897129e-05,13.8350720834972,13.8350830078125,1.0924315299476461e-05,0,0,0,0,0,0,0.73059709969756526,1,4294967296,0
1,MIL_PI_override,76,156,recovery_3,0.0075,0,0,0,0,0,1572864,0,0,-476556724,317704483,-128385736,85590491,1,-450879578,300586386,-128385736,85590491,1,-476556724,317704483,-348170988,232113992,-680021,453348,3137890899,1,1,-28.4049965895518,-28.404994249343872,2.340207927886695e-06,18.9366643930345,18.93666285276413,1.5402703716915767e-06,-20.7526081252458,-20.752593994140625,1.4131105174897129e-05,13.8350720834972,13.8350830078125,1.0924315299476461e-05,-7.65238846430606,-7.6523861885070801,2.2757989794897071e-06,5.10159230953737,5.1015908122062683,1.4973311017740798e-06,0.73059709969756526,0.73059709969756526,3137890899,1
1,MIL_PI_override,77,157,recovery_4,0.0076,0,0,0,0,0,1572864,0,0,-450879578,300586386,-128385736,85590491,1,-425202432,283468289,-102708590,68472394,1,-450879578,300586386,-348170988,232113992,-680021,453348,3316590677,1,1,-26.8745188966906,-26.87451708316803,1.8135225694493329e-06,17.9163459311271,17.91634476184845,1.1692786507921937e-06,-20.7526080906268,-20.752593994140625,1.4096486175674272e-05,13.8350720604179,13.8350830078125,1.0947394599725158e-05,-7.65238846430606,-7.6523861885070801,2.2757989794897071e-06,5.10159230953737,5.1015908122062683,1.4973311017740798e-06,0.77220389211069151,0.73059709969756526,3137890899,1
1,MIL_PI_override,78,158,q_zero,0.0077,3277,0,32768,32768,1966080,1572864,0,1,-425202432,283468289,-102708590,68472394,1,-395714326,0,0,0,0,-359331334,0,-359331334,0,-701819,0,4294967296,0,0,-21.4177912038294,-21.417816519737244,2.5315907844714047e-05,0,0,0,-21.4177912038294,-21.417816162109375,2.4958279976061704e-05,0,0,0,-6.12191080606379,-6.1219090223312378,1.7837325518854641e-06,4.08127387070919,4.0812727212905884,1.1494186011873353e-06,1,0.77220389211069151,3316590677,1
1,MIL_PI_override,79,159,reset_after_sat,0.0078,0,0,655360,655360,0,1572864,1,0,-395714326,0,0,0,0,0,0,0,0,0,0,0,0,0,0,0,4294967296,0,0,0,0,0,0,0,0,0,0,0,0,0,0,0,0,0,0,0,0,1,1,4294967296,0
1,MIL_PI_override,80,160,release,0.0079,0,0,6554,-6554,0,1572864,0,0,0,0,0,0,0,1988221,-1988221,0,0,0,14639014,-14639014,14639014,-14639014,28592,-28592,4294967296,0,0,0.8725,0.87255322933197021,5.3229331970161553e-05,-0.8725,-0.87255322933197021,5.3229331970161553e-05,0.8725,0.87255859375,5.8593749999946709e-05,-0.8725,-0.87255859375,5.8593749999946709e-05,0,0,0,0,0,0,1,1,4294967296,0
