command_id,accepted_time_s,active_time_s,active_within_horizon,id_ref_A,iq_ref_A
1,5.1e-05,0.000101,1,0,0
2,0.000151,0.000201,1,0,0
3,0.000251,0.000301,1,0,0
4,0.000351,0.000401,1,0,0
5,0.000451,0.000501,1,0,0
6,0.000551,0.000601,1,0,0
7,0.000651,0.000701,1,0,0
8,0.000751,0.000801,1,0,0
9,0.000851,0.000901,1,0,0
10,0.000951,0.001001,1,0,0
11,0.001051,0.001101,1,0,0
12,0.001151,0.001201,1,0,0
13,0.001251,0.001301,1,0,0
14,0.001351,0.001401,1,0,0
15,0.001451,0.001501,1,0,0
16,0.001551,0.001601,1,0,0
17,0.001651,0.001701,1,0,0
18,0.001751,0.001801,1,0,0
19,0.001851,0.001901,1,0,0
20,0.001951,0.002001,1,0,0
21,0.002051,0.002101,1,0,0
22,0.002151,0.002201,1,0,0
23,0.002251,0.002301,1,0,0
24,0.002351,0.002401,1,0,0
25,0.002451,0.002501,1,0,0
26,0.002551,0.002601,1,0,0
27,0.002651,0.002701,1,0,0
28,0.002751,0.002801,1,0,0
29,0.002851,0.002901,1,0,0
30,0.002951,0.003001,1,0,0
31,0.003051,0.003101,1,0,0
32,0.003151,0.003201,1,0,0
33,0.003251,0.003301,1,0,0
34,0.003351,0.003401,1,0,0
35,0.003451,0.003501,1,0,0
36,0.003551,0.003601,1,0,0
37,0.003651,0.003701,1,0,0
38,0.003751,0.003801,1,0,0
39,0.003851,0.003901,1,0,0
40,0.003951,0.004001,1,0,0
41,0.004051,0.004101,1,0,0
42,0.004151,0.004201,1,0,0
43,0.004251,0.004301,1,0,0
44,0.004351,0.004401,1,0,0
45,0.004451,0.004501,1,0,0
46,0.004551,0.004601,1,0,0
47,0.004651,0.004701,1,0,0
48,0.004751,0.004801,1,0,0
49,0.004851,0.004901,1,0,0
50,0.004951,0.005001,1,0,0
51,0.005051,0.005101,1,0,0
52,0.005151,0.005201,1,0,0
53,0.005251,0.005301,1,0,0
54,0.005351,0.005401,1,0,0
55,0.005451,0.005501,1,0,0
56,0.005551,0.005601,1,0,0
57,0.005651,0.005701,1,0,0
58,0.005751,0.005801,1,0,0
59,0.005851,0.005901,1,0,0
60,0.005951,0.006001,1,0,0
61,0.006051,0.006101,1,0,0
62,0.006151,0.006201,1,0,0
63,0.006251,0.006301,1,0,0
64,0.006351,0.006401,1,0,0
65,0.006451,0.006501,1,0,0
66,0.006551,0.006601,1,0,0
67,0.006651,0.006701,1,0,0
68,0.006751,0.006801,1,0,0
69,0.006851,0.006901,1,0,0
70,0.006951,0.007001,1,0,0
71,0.007051,0.007101,1,0,0
72,0.007151,0.007201,1,0,0
73,0.007251,0.007301,1,0,0
74,0.007351,0.007401,1,0,0
75,0.007451,0.007501,1,0,0
76,0.007551,0.007601,1,0,0
77,0.007651,0.007701,1,0,0
78,0.007751,0.007801,1,0,0
79,0.007851,0.007901,1,0,0
80,0.007951,0.008001,1,0,0
81,0.008051,0.008101,1,0,0
82,0.008151,0.008201,1,0,0
83,0.008251,0.008301,1,0,0
84,0.008351,0.008401,1,0,0
85,0.008451,0.008501,1,0,0
86,0.008551,0.008601,1,0,0
87,0.008651,0.008701,1,0,0
88,0.008751,0.008801,1,0,0
89,0.008851,0.008901,1,0,0
90,0.008951,0.009001,1,0,0
91,0.009051,0.009101,1,0,0
92,0.009151,0.009201,1,0,0
93,0.009251,0.009301,1,0,0
94,0.009351,0.009401,1,0,0
95,0.009451,0.009501,1,0,0
96,0.009551,0.009601,1,0,0
97,0.009651,0.009701,1,0,0
98,0.009751,0.009801,1,0,0
99,0.009851,0.009901,1,0,0
100,0.009951,0.010001,1,0,0
101,0.010051,0.010101,1,0,0
102,0.010151,0.010201,1,0,0
103,0.010251,0.010301,1,0,0
104,0.010351,0.010401,1,0,0
105,0.010451,0.010501,1,0,0
106,0.010551,0.010601,1,0,0
107,0.010651,0.010701,1,0,0
108,0.010751,0.010801,1,0,0
109,0.010851,0.010901,1,0,0
110,0.010951,0.011001,1,0,0
111,0.011051,0.011101,1,0,0
112,0.011151,0.011201,1,0,0
113,0.011251,0.011301,1,0,0
114,0.011351,0.011401,1,0,0
115,0.011451,0.011501,1,0,0
116,0.011551,0.011601,1,0,0
117,0.011651,0.011701,1,0,0
118,0.011751,0.011801,1,0,0
119,0.011851,0.011901,1,0,0
120,0.011951,0.012001,1,0,0
121,0.012051,0.012101,1,0,0
122,0.012151,0.012201,1,0,0
123,0.012251,0.012301,1,0,0
124,0.012351,0.012401,1,0,0
125,0.012451,0.012501,1,0,0
126,0.012551,0.012601,1,0,0
127,0.012651,0.012701,1,0,0
128,0.012751,0.012801,1,0,0
129,0.012851,0.012901,1,0,0
130,0.012951,0.013001,1,0,0
131,0.013051,0.013101,1,0,0
132,0.013151,0.013201,1,0,0
133,0.013251,0.013301,1,0,0
134,0.013351,0.013401,1,0,0
135,0.013451,0.013501,1,0,0
136,0.013551,0.013601,1,0,0
137,0.013651,0.013701,1,0,0
138,0.013751,0.013801,1,0,0
139,0.013851,0.013901,1,0,0
140,0.013951,0.014001,1,0,0
141,0.014051,0.014101,1,0,0
142,0.014151,0.014201,1,0,0
143,0.014251,0.014301,1,0,0
144,0.014351,0.014401,1,0,0
145,0.014451,0.014501,1,0,0
146,0.014551,0.014601,1,0,0
147,0.014651,0.014701,1,0,0
148,0.014751,0.014801,1,0,0
149,0.014851,0.014901,1,0,0
150,0.014951,0.015001,1,0,0
151,0.015051,0.015101,1,0,0
152,0.015151,0.015201,1,0,0
153,0.015251,0.015301,1,0,0
154,0.015351,0.015401,1,0,0
155,0.015451,0.015501,1,0,0
156,0.015551,0.015601,1,0,0
157,0.015651,0.015701,1,0,0
158,0.015751,0.015801,1,0,0
159,0.015851,0.015901,1,0,0
160,0.015951,0.016001,1,0,0
161,0.016051,0.016101,1,0,0
162,0.016151,0.016201,1,0,0
163,0.016251,0.016301,1,0,0
164,0.016351,0.016401,1,0,0
165,0.016451,0.016501,1,0,0
166,0.016551,0.016601,1,0,0
167,0.016651,0.016701,1,0,0
168,0.016751,0.016801,1,0,0
169,0.016851,0.016901,1,0,0
170,0.016951,0.017001,1,0,0
171,0.017051,0.017101,1,0,0
172,0.017151,0.017201,1,0,0
173,0.017251,0.017301,1,0,0
174,0.017351,0.017401,1,0,0
175,0.017451,0.017501,1,0,0
176,0.017551,0.017601,1,0,0
177,0.017651,0.017701,1,0,0
178,0.017751,0.017801,1,0,0
179,0.017851,0.017901,1,0,0
180,0.017951,0.018001,1,0,0
181,0.018051,0.018101,1,0,0
182,0.018151,0.018201,1,0,0
183,0.018251,0.018301,1,0,0
184,0.018351,0.018401,1,0,0
185,0.018451,0.018501,1,0,0
186,0.018551,0.018601,1,0,0
187,0.018651,0.018701,1,0,0
188,0.018751,0.018801,1,0,0
189,0.018851,0.018901,1,0,0
190,0.018951,0.019001,1,0,0
191,0.019051,0.019101,1,0,0
192,0.019151,0.019201,1,0,0
193,0.019251,0.019301,1,0,0
194,0.019351,0.019401,1,0,0
195,0.019451,0.019501,1,0,0
196,0.019551,0.019601,1,0,0
197,0.019651,0.019701,1,0,0
198,0.019751,0.019801,1,0,0
199,0.019851,0.019901,1,0,0
200,0.019951,0.020001,1,0,0
201,0.020051,0.020101,1,0,0
202,0.020151,0.020201,1,0,0
203,0.020251,0.020301,1,0,0
204,0.020351,0.020401,1,0,0
205,0.020451,0.020501,1,0,0
206,0.020551,0.020601,1,0,0
207,0.020651,0.020701,1,0,0
208,0.020751,0.020801,1,0,0
209,0.020851,0.020901,1,0,0
210,0.020951,0.021001,1,0,0
211,0.021051,0.021101,1,0,0
212,0.021151,0.021201,1,0,0
213,0.021251,0.021301,1,0,0
214,0.021351,0.021401,1,0,0
215,0.021451,0.021501,1,0,0
216,0.021551,0.021601,1,0,0
217,0.021651,0.021701,1,0,0
218,0.021751,0.021801,1,0,0
219,0.021851,0.021901,1,0,0
220,0.021951,0.022001,1,0,0
221,0.022051,0.022101,1,0,0
222,0.022151,0.022201,1,0,0
223,0.022251,0.022301,1,0,0
224,0.022351,0.022401,1,0,0
225,0.022451,0.022501,1,0,0
226,0.022551,0.022601,1,0,0
227,0.022651,0.022701,1,0,0
228,0.022751,0.022801,1,0,0
229,0.022851,0.022901,1,0,0
230,0.022951,0.023001,1,0,0
231,0.023051,0.023101,1,0,0
232,0.023151,0.023201,1,0,0
233,0.023251,0.023301,1,0,0
234,0.023351,0.023401,1,0,0
235,0.023451,0.023501,1,0,0
236,0.023551,0.023601,1,0,0
237,0.023651,0.023701,1,0,0
238,0.023751,0.023801,1,0,0
239,0.023851,0.023901,1,0,0
240,0.023951,0.024001,1,0,0
241,0.024051,0.024101,1,0,0
242,0.024151,0.024201,1,0,0
243,0.024251,0.024301,1,0,0
244,0.024351,0.024401,1,0,0
245,0.024451,0.024501,1,0,0
246,0.024551,0.024601,1,0,0
247,0.024651,0.024701,1,0,0
248,0.024751,0.024801,1,0,0
249,0.024851,0.024901,1,0,0
250,0.024951,0.025001,1,0,0
251,0.025051,0.025101,1,0,0
252,0.025151,0.025201,1,0,0
253,0.025251,0.025301,1,0,0
254,0.025351,0.025401,1,0,0
255,0.025451,0.025501,1,0,0
256,0.025551,0.025601,1,0,0
257,0.025651,0.025701,1,0,0
258,0.025751,0.025801,1,0,0
259,0.025851,0.025901,1,0,0
260,0.025951,0.026001,1,0,0
261,0.026051,0.026101,1,0,0
262,0.026151,0.026201,1,0,0
263,0.026251,0.026301,1,0,0
264,0.026351,0.026401,1,0,0
265,0.026451,0.026501,1,0,0
266,0.026551,0.026601,1,0,0
267,0.026651,0.026701,1,0,0
268,0.026751,0.026801,1,0,0
269,0.026851,0.026901,1,0,0
270,0.026951,0.027001,1,0,0
271,0.027051,0.027101,1,0,0
272,0.027151,0.027201,1,0,0
273,0.027251,0.027301,1,0,0
274,0.027351,0.027401,1,0,0
275,0.027451,0.027501,1,0,0
276,0.027551,0.027601,1,0,0
277,0.027651,0.027701,1,0,0
278,0.027751,0.027801,1,0,0
279,0.027851,0.027901,1,0,0
280,0.027951,0.028001,1,0,0
281,0.028051,0.028101,1,0,0
282,0.028151,0.028201,1,0,0
283,0.028251,0.028301,1,0,0
284,0.028351,0.028401,1,0,0
285,0.028451,0.028501,1,0,0
286,0.028551,0.028601,1,0,0
287,0.028651,0.028701,1,0,0
288,0.028751,0.028801,1,0,0
289,0.028851,0.028901,1,0,0
290,0.028951,0.029001,1,0,0
291,0.029051,0.029101,1,0,0
292,0.029151,0.029201,1,0,0
293,0.029251,0.029301,1,0,0
294,0.029351,0.029401,1,0,0
295,0.029451,0.029501,1,0,0
296,0.029551,0.029601,1,0,0
297,0.029651,0.029701,1,0,0
298,0.029751,0.029801,1,0,0
299,0.029851,0.029901,1,0,0
300,0.029951,0.030001,1,0,0
301,0.030051,0.030101,1,0,0
302,0.030151,0.030201,1,0,0
303,0.030251,0.030301,1,0,0
304,0.030351,0.030401,1,0,0
305,0.030451,0.030501,1,0,0
306,0.030551,0.030601,1,0,0
307,0.030651,0.030701,1,0,0
308,0.030751,0.030801,1,0,0
309,0.030851,0.030901,1,0,0
310,0.030951,0.031001,1,0,0
311,0.031051,0.031101,1,0,0
312,0.031151,0.031201,1,0,0
313,0.031251,0.031301,1,0,0
314,0.031351,0.031401,1,0,0
315,0.031451,0.031501,1,0,0
316,0.031551,0.031601,1,0,0
317,0.031651,0.031701,1,0,0
318,0.031751,0.031801,1,0,0
319,0.031851,0.031901,1,0,0
320,0.031951,0.032001,1,0,0
321,0.032051,0.032101,1,0,0
322,0.032151,0.032201,1,0,0
323,0.032251,0.032301,1,0,0
324,0.032351,0.032401,1,0,0
325,0.032451,0.032501,1,0,0
326,0.032551,0.032601,1,0,0
327,0.032651,0.032701,1,0,0
328,0.032751,0.032801,1,0,0
329,0.032851,0.032901,1,0,0
330,0.032951,0.033001,1,0,0
331,0.033051,0.033101,1,0,0
332,0.033151,0.033201,1,0,0
333,0.033251,0.033301,1,0,0
334,0.033351,0.033401,1,0,0
335,0.033451,0.033501,1,0,0
336,0.033551,0.033601,1,0,0
337,0.033651,0.033701,1,0,0
338,0.033751,0.033801,1,0,0
339,0.033851,0.033901,1,0,0
340,0.033951,0.034001,1,0,0
341,0.034051,0.034101,1,0,0
342,0.034151,0.034201,1,0,0
343,0.034251,0.034301,1,0,0
344,0.034351,0.034401,1,0,0
345,0.034451,0.034501,1,0,0
346,0.034551,0.034601,1,0,0
347,0.034651,0.034701,1,0,0
348,0.034751,0.034801,1,0,0
349,0.034851,0.034901,1,0,0
350,0.034951,0.035001,1,0,0
351,0.035051,0.035101,1,0,0
352,0.035151,0.035201,1,0,0
353,0.035251,0.035301,1,0,0
354,0.035351,0.035401,1,0,0
355,0.035451,0.035501,1,0,0
356,0.035551,0.035601,1,0,0
357,0.035651,0.035701,1,0,0
358,0.035751,0.035801,1,0,0
359,0.035851,0.035901,1,0,0
360,0.035951,0.036001,1,0,0
361,0.036051,0.036101,1,0,0
362,0.036151,0.036201,1,0,0
363,0.036251,0.036301,1,0,0
364,0.036351,0.036401,1,0,0
365,0.036451,0.036501,1,0,0
366,0.036551,0.036601,1,0,0
367,0.036651,0.036701,1,0,0
368,0.036751,0.036801,1,0,0
369,0.036851,0.036901,1,0,0
370,0.036951,0.037001,1,0,0
371,0.037051,0.037101,1,0,0
372,0.037151,0.037201,1,0,0
373,0.037251,0.037301,1,0,0
374,0.037351,0.037401,1,0,0
375,0.037451,0.037501,1,0,0
376,0.037551,0.037601,1,0,0
377,0.037651,0.037701,1,0,0
378,0.037751,0.037801,1,0,0
379,0.037851,0.037901,1,0,0
380,0.037951,0.038001,1,0,0
381,0.038051,0.038101,1,0,0
382,0.038151,0.038201,1,0,0
383,0.038251,0.038301,1,0,0
384,0.038351,0.038401,1,0,0
385,0.038451,0.038501,1,0,0
386,0.038551,0.038601,1,0,0
387,0.038651,0.038701,1,0,0
388,0.038751,0.038801,1,0,0
389,0.038851,0.038901,1,0,0
390,0.038951,0.039001,1,0,0
391,0.039051,0.039101,1,0,0
392,0.039151,0.039201,1,0,0
393,0.039251,0.039301,1,0,0
394,0.039351,0.039401,1,0,0
395,0.039451,0.039501,1,0,0
396,0.039551,0.039601,1,0,0
397,0.039651,0.039701,1,0,0
398,0.039751,0.039801,1,0,0
399,0.039851,0.039901,1,0,0
400,0.039951,0.040001,1,0,0
401,0.040051,0.040101,1,0,0
402,0.040151,0.040201,1,0,0
403,0.040251,0.040301,1,0,0
404,0.040351,0.040401,1,0,0
405,0.040451,0.040501,1,0,0
406,0.040551,0.040601,1,0,0
407,0.040651,0.040701,1,0,0
408,0.040751,0.040801,1,0,0
409,0.040851,0.040901,1,0,0
410,0.040951,0.041001,1,0,0
411,0.041051,0.041101,1,0,0
412,0.041151,0.041201,1,0,0
413,0.041251,0.041301,1,0,0
414,0.041351,0.041401,1,0,0
415,0.041451,0.041501,1,0,0
416,0.041551,0.041601,1,0,0
417,0.041651,0.041701,1,0,0
418,0.041751,0.041801,1,0,0
419,0.041851,0.041901,1,0,0
420,0.041951,0.042001,1,0,0
421,0.042051,0.042101,1,0,0
422,0.042151,0.042201,1,0,0
423,0.042251,0.042301,1,0,0
424,0.042351,0.042401,1,0,0
425,0.042451,0.042501,1,0,0
426,0.042551,0.042601,1,0,0
427,0.042651,0.042701,1,0,0
428,0.042751,0.042801,1,0,0
429,0.042851,0.042901,1,0,0
430,0.042951,0.043001,1,0,0
431,0.043051,0.043101,1,0,0
432,0.043151,0.043201,1,0,0
433,0.043251,0.043301,1,0,0
434,0.043351,0.043401,1,0,0
435,0.043451,0.043501,1,0,0
436,0.043551,0.043601,1,0,0
437,0.043651,0.043701,1,0,0
438,0.043751,0.043801,1,0,0
439,0.043851,0.043901,1,0,0
440,0.043951,0.044001,1,0,0
441,0.044051,0.044101,1,0,0
442,0.044151,0.044201,1,0,0
443,0.044251,0.044301,1,0,0
444,0.044351,0.044401,1,0,0
445,0.044451,0.044501,1,0,0
446,0.044551,0.044601,1,0,0
447,0.044651,0.044701,1,0,0
448,0.044751,0.044801,1,0,0
449,0.044851,0.044901,1,0,0
450,0.044951,0.045001,1,0,0
451,0.045051,0.045101,1,0,0
452,0.045151,0.045201,1,0,0
453,0.045251,0.045301,1,0,0
454,0.045351,0.045401,1,0,0
455,0.045451,0.045501,1,0,0
456,0.045551,0.045601,1,0,0
457,0.045651,0.045701,1,0,0
458,0.045751,0.045801,1,0,0
459,0.045851,0.045901,1,0,0
460,0.045951,0.046001,1,0,0
461,0.046051,0.046101,1,0,0
462,0.046151,0.046201,1,0,0
463,0.046251,0.046301,1,0,0
464,0.046351,0.046401,1,0,0
465,0.046451,0.046501,1,0,0
466,0.046551,0.046601,1,0,0
467,0.046651,0.046701,1,0,0
468,0.046751,0.046801,1,0,0
469,0.046851,0.046901,1,0,0
470,0.046951,0.047001,1,0,0
471,0.047051,0.047101,1,0,0
472,0.047151,0.047201,1,0,0
473,0.047251,0.047301,1,0,0
474,0.047351,0.047401,1,0,0
475,0.047451,0.047501,1,0,0
476,0.047551,0.047601,1,0,0
477,0.047651,0.047701,1,0,0
478,0.047751,0.047801,1,0,0
479,0.047851,0.047901,1,0,0
480,0.047951,0.048001,1,0,0
481,0.048051,0.048101,1,0,0
482,0.048151,0.048201,1,0,0
483,0.048251,0.048301,1,0,0
484,0.048351,0.048401,1,0,0
485,0.048451,0.048501,1,0,0
486,0.048551,0.048601,1,0,0
487,0.048651,0.048701,1,0,0
488,0.048751,0.048801,1,0,0
489,0.048851,0.048901,1,0,0
490,0.048951,0.049001,1,0,0
491,0.049051,0.049101,1,0,0
492,0.049151,0.049201,1,0,0
493,0.049251,0.049301,1,0,0
494,0.049351,0.049401,1,0,0
495,0.049451,0.049501,1,0,0
496,0.049551,0.049601,1,0,0
497,0.049651,0.049701,1,0,0
498,0.049751,0.049801,1,0,0
499,0.049851,0.049901,1,0,0
500,0.049951,0.050001,1,0,0
501,0.050051,0.050101,1,0,0
502,0.050151,0.050201,1,0,0
503,0.050251,0.050301,1,0,0
504,0.050351,0.050401,1,0,0
505,0.050451,0.050501,1,0,0
506,0.050551,0.050601,1,0,0
507,0.050651,0.050701,1,0,0
508,0.050751,0.050801,1,0,0
509,0.050851,0.050901,1,0,0
510,0.050951,0.051001,1,0,0
511,0.051051,0.051101,1,0,0
512,0.051151,0.051201,1,0,0
513,0.051251,0.051301,1,0,0
514,0.051351,0.051401,1,0,0
515,0.051451,0.051501,1,0,0
516,0.051551,0.051601,1,0,0
517,0.051651,0.051701,1,0,0
518,0.051751,0.051801,1,0,0
519,0.051851,0.051901,1,0,0
520,0.051951,0.052001,1,0,0
521,0.052051,0.052101,1,0,0
522,0.052151,0.052201,1,0,0
523,0.052251,0.052301,1,0,0
524,0.052351,0.052401,1,0,0
525,0.052451,0.052501,1,0,0
526,0.052551,0.052601,1,0,0
527,0.052651,0.052701,1,0,0
528,0.052751,0.052801,1,0,0
529,0.052851,0.052901,1,0,0
530,0.052951,0.053001,1,0,0
531,0.053051,0.053101,1,0,0
532,0.053151,0.053201,1,0,0
533,0.053251,0.053301,1,0,0
534,0.053351,0.053401,1,0,0
535,0.053451,0.053501,1,0,0
536,0.053551,0.053601,1,0,0
537,0.053651,0.053701,1,0,0
538,0.053751,0.053801,1,0,0
539,0.053851,0.053901,1,0,0
540,0.053951,0.054001,1,0,0
541,0.054051,0.054101,1,0,0
542,0.054151,0.054201,1,0,0
543,0.054251,0.054301,1,0,0
544,0.054351,0.054401,1,0,0
545,0.054451,0.054501,1,0,0
546,0.054551,0.054601,1,0,0
547,0.054651,0.054701,1,0,0
548,0.054751,0.054801,1,0,0
549,0.054851,0.054901,1,0,0
550,0.054951,0.055001,1,0,0
551,0.055051,0.055101,1,0,0
552,0.055151,0.055201,1,0,0
553,0.055251,0.055301,1,0,0
554,0.055351,0.055401,1,0,0
555,0.055451,0.055501,1,0,0
556,0.055551,0.055601,1,0,0
557,0.055651,0.055701,1,0,0
558,0.055751,0.055801,1,0,0
559,0.055851,0.055901,1,0,0
560,0.055951,0.056001,1,0,0
561,0.056051,0.056101,1,0,0
562,0.056151,0.056201,1,0,0
563,0.056251,0.056301,1,0,0
564,0.056351,0.056401,1,0,0
565,0.056451,0.056501,1,0,0
566,0.056551,0.056601,1,0,0
567,0.056651,0.056701,1,0,0
568,0.056751,0.056801,1,0,0
569,0.056851,0.056901,1,0,0
570,0.056951,0.057001,1,0,0
571,0.057051,0.057101,1,0,0
572,0.057151,0.057201,1,0,0
573,0.057251,0.057301,1,0,0
574,0.057351,0.057401,1,0,0
575,0.057451,0.057501,1,0,0
576,0.057551,0.057601,1,0,0
577,0.057651,0.057701,1,0,0
578,0.057751,0.057801,1,0,0
579,0.057851,0.057901,1,0,0
580,0.057951,0.058001,1,0,0
581,0.058051,0.058101,1,0,0
582,0.058151,0.058201,1,0,0
583,0.058251,0.058301,1,0,0
584,0.058351,0.058401,1,0,0
585,0.058451,0.058501,1,0,0
586,0.058551,0.058601,1,0,0
587,0.058651,0.058701,1,0,0
588,0.058751,0.058801,1,0,0
589,0.058851,0.058901,1,0,0
590,0.058951,0.059001,1,0,0
591,0.059051,0.059101,1,0,0
592,0.059151,0.059201,1,0,0
593,0.059251,0.059301,1,0,0
594,0.059351,0.059401,1,0,0
595,0.059451,0.059501,1,0,0
596,0.059551,0.059601,1,0,0
597,0.059651,0.059701,1,0,0
598,0.059751,0.059801,1,0,0
599,0.059851,0.059901,1,0,0
600,0.059951,0.060001,1,0,0
601,0.060051,0.060101,1,0,0
602,0.060151,0.060201,1,0,0
603,0.060251,0.060301,1,0,0
604,0.060351,0.060401,1,0,0
605,0.060451,0.060501,1,0,0
606,0.060551,0.060601,1,0,0
607,0.060651,0.060701,1,0,0
608,0.060751,0.060801,1,0,0
609,0.060851,0.060901,1,0,0
610,0.060951,0.061001,1,0,0
611,0.061051,0.061101,1,0,0
612,0.061151,0.061201,1,0,0
613,0.061251,0.061301,1,0,0
614,0.061351,0.061401,1,0,0
615,0.061451,0.061501,1,0,0
616,0.061551,0.061601,1,0,0
617,0.061651,0.061701,1,0,0
618,0.061751,0.061801,1,0,0
619,0.061851,0.061901,1,0,0
620,0.061951,0.062001,1,0,0
621,0.062051,0.062101,1,0,0
622,0.062151,0.062201,1,0,0
623,0.062251,0.062301,1,0,0
624,0.062351,0.062401,1,0,0
625,0.062451,0.062501,1,0,0
626,0.062551,0.062601,1,0,0
627,0.062651,0.062701,1,0,0
628,0.062751,0.062801,1,0,0
629,0.062851,0.062901,1,0,0
630,0.062951,0.063001,1,0,0
631,0.063051,0.063101,1,0,0
632,0.063151,0.063201,1,0,0
633,0.063251,0.063301,1,0,0
634,0.063351,0.063401,1,0,0
635,0.063451,0.063501,1,0,0
636,0.063551,0.063601,1,0,0
637,0.063651,0.063701,1,0,0
638,0.063751,0.063801,1,0,0
639,0.063851,0.063901,1,0,0
640,0.063951,0.064001,1,0,0
641,0.064051,0.064101,1,0,0
642,0.064151,0.064201,1,0,0
643,0.064251,0.064301,1,0,0
644,0.064351,0.064401,1,0,0
645,0.064451,0.064501,1,0,0
646,0.064551,0.064601,1,0,0
647,0.064651,0.064701,1,0,0
648,0.064751,0.064801,1,0,0
649,0.064851,0.064901,1,0,0
650,0.064951,0.065001,1,0,0
651,0.065051,0.065101,1,0,0
652,0.065151,0.065201,1,0,0
653,0.065251,0.065301,1,0,0
654,0.065351,0.065401,1,0,0
655,0.065451,0.065501,1,0,0
656,0.065551,0.065601,1,0,0
657,0.065651,0.065701,1,0,0
658,0.065751,0.065801,1,0,0
659,0.065851,0.065901,1,0,0
660,0.065951,0.066001,1,0,0
661,0.066051,0.066101,1,0,0
662,0.066151,0.066201,1,0,0
663,0.066251,0.066301,1,0,0
664,0.066351,0.066401,1,0,0
665,0.066451,0.066501,1,0,0
666,0.066551,0.066601,1,0,0
667,0.066651,0.066701,1,0,0
668,0.066751,0.066801,1,0,0
669,0.066851,0.066901,1,0,0
670,0.066951,0.067001,1,0,0
671,0.067051,0.067101,1,0,0
672,0.067151,0.067201,1,0,0
673,0.067251,0.067301,1,0,0
674,0.067351,0.067401,1,0,0
675,0.067451,0.067501,1,0,0
676,0.067551,0.067601,1,0,0
677,0.067651,0.067701,1,0,0
678,0.067751,0.067801,1,0,0
679,0.067851,0.067901,1,0,0
680,0.067951,0.068001,1,0,0
681,0.068051,0.068101,1,0,0
682,0.068151,0.068201,1,0,0
683,0.068251,0.068301,1,0,0
684,0.068351,0.068401,1,0,0
685,0.068451,0.068501,1,0,0
686,0.068551,0.068601,1,0,0
687,0.068651,0.068701,1,0,0
688,0.068751,0.068801,1,0,0
689,0.068851,0.068901,1,0,0
690,0.068951,0.069001,1,0,0
691,0.069051,0.069101,1,0,0
692,0.069151,0.069201,1,0,0
693,0.069251,0.069301,1,0,0
694,0.069351,0.069401,1,0,0
695,0.069451,0.069501,1,0,0
696,0.069551,0.069601,1,0,0
697,0.069651,0.069701,1,0,0
698,0.069751,0.069801,1,0,0
699,0.069851,0.069901,1,0,0
700,0.069951,0.070001,1,0,0
701,0.070051,0.070101,1,0,0
702,0.070151,0.070201,1,0,0
703,0.070251,0.070301,1,0,0
704,0.070351,0.070401,1,0,0
705,0.070451,0.070501,1,0,0
706,0.070551,0.070601,1,0,0
707,0.070651,0.070701,1,0,0
708,0.070751,0.070801,1,0,0
709,0.070851,0.070901,1,0,0
710,0.070951,0.071001,1,0,0
711,0.071051,0.071101,1,0,0
712,0.071151,0.071201,1,0,0
713,0.071251,0.071301,1,0,0
714,0.071351,0.071401,1,0,0
715,0.071451,0.071501,1,0,0
716,0.071551,0.071601,1,0,0
717,0.071651,0.071701,1,0,0
718,0.071751,0.071801,1,0,0
719,0.071851,0.071901,1,0,0
720,0.071951,0.072001,1,0,0
721,0.072051,0.072101,1,0,0
722,0.072151,0.072201,1,0,0
723,0.072251,0.072301,1,0,0
724,0.072351,0.072401,1,0,0
725,0.072451,0.072501,1,0,0
726,0.072551,0.072601,1,0,0
727,0.072651,0.072701,1,0,0
728,0.072751,0.072801,1,0,0
729,0.072851,0.072901,1,0,0
730,0.072951,0.073001,1,0,0
731,0.073051,0.073101,1,0,0
732,0.073151,0.073201,1,0,0
733,0.073251,0.073301,1,0,0
734,0.073351,0.073401,1,0,0
735,0.073451,0.073501,1,0,0
736,0.073551,0.073601,1,0,0
737,0.073651,0.073701,1,0,0
738,0.073751,0.073801,1,0,0
739,0.073851,0.073901,1,0,0
740,0.073951,0.074001,1,0,0
741,0.074051,0.074101,1,0,0
742,0.074151,0.074201,1,0,0
743,0.074251,0.074301,1,0,0
744,0.074351,0.074401,1,0,0
745,0.074451,0.074501,1,0,0
746,0.074551,0.074601,1,0,0
747,0.074651,0.074701,1,0,0
748,0.074751,0.074801,1,0,0
749,0.074851,0.074901,1,0,0
750,0.074951,0.075001,1,0,0
751,0.075051,0.075101,1,0,0
752,0.075151,0.075201,1,0,0
753,0.075251,0.075301,1,0,0
754,0.075351,0.075401,1,0,0
755,0.075451,0.075501,1,0,0
756,0.075551,0.075601,1,0,0
757,0.075651,0.075701,1,0,0
758,0.075751,0.075801,1,0,0
759,0.075851,0.075901,1,0,0
760,0.075951,0.076001,1,0,0
761,0.076051,0.076101,1,0,0
762,0.076151,0.076201,1,0,0
763,0.076251,0.076301,1,0,0
764,0.076351,0.076401,1,0,0
765,0.076451,0.076501,1,0,0
766,0.076551,0.076601,1,0,0
767,0.076651,0.076701,1,0,0
768,0.076751,0.076801,1,0,0
769,0.076851,0.076901,1,0,0
770,0.076951,0.077001,1,0,0
771,0.077051,0.077101,1,0,0
772,0.077151,0.077201,1,0,0
773,0.077251,0.077301,1,0,0
774,0.077351,0.077401,1,0,0
775,0.077451,0.077501,1,0,0
776,0.077551,0.077601,1,0,0
777,0.077651,0.077701,1,0,0
778,0.077751,0.077801,1,0,0
779,0.077851,0.077901,1,0,0
780,0.077951,0.078001,1,0,0
781,0.078051,0.078101,1,0,0
782,0.078151,0.078201,1,0,0
783,0.078251,0.078301,1,0,0
784,0.078351,0.078401,1,0,0
785,0.078451,0.078501,1,0,0
786,0.078551,0.078601,1,0,0
787,0.078651,0.078701,1,0,0
788,0.078751,0.078801,1,0,0
789,0.078851,0.078901,1,0,0
790,0.078951,0.079001,1,0,0
791,0.079051,0.079101,1,0,0
792,0.079151,0.079201,1,0,0
793,0.079251,0.079301,1,0,0
794,0.079351,0.079401,1,0,0
795,0.079451,0.079501,1,0,0
796,0.079551,0.079601,1,0,0
797,0.079651,0.079701,1,0,0
798,0.079751,0.079801,1,0,0
799,0.079851,0.079901,1,0,0
800,0.079951,0.080001,1,0,0
801,0.080051,0.080101,1,0,0
802,0.080151,0.080201,1,0,0
803,0.080251,0.080301,1,0,0
804,0.080351,0.080401,1,0,0
805,0.080451,0.080501,1,0,0
806,0.080551,0.080601,1,0,0
807,0.080651,0.080701,1,0,0
808,0.080751,0.080801,1,0,0
809,0.080851,0.080901,1,0,0
810,0.080951,0.081001,1,0,0
811,0.081051,0.081101,1,0,0
812,0.081151,0.081201,1,0,0
813,0.081251,0.081301,1,0,0
814,0.081351,0.081401,1,0,0
815,0.081451,0.081501,1,0,0
816,0.081551,0.081601,1,0,0
817,0.081651,0.081701,1,0,0
818,0.081751,0.081801,1,0,0
819,0.081851,0.081901,1,0,0
820,0.081951,0.082001,1,0,0
821,0.082051,0.082101,1,0,0
822,0.082151,0.082201,1,0,0
823,0.082251,0.082301,1,0,0
824,0.082351,0.082401,1,0,0
825,0.082451,0.082501,1,0,0
826,0.082551,0.082601,1,0,0
827,0.082651,0.082701,1,0,0
828,0.082751,0.082801,1,0,0
829,0.082851,0.082901,1,0,0
830,0.082951,0.083001,1,0,0
831,0.083051,0.083101,1,0,0
832,0.083151,0.083201,1,0,0
833,0.083251,0.083301,1,0,0
834,0.083351,0.083401,1,0,0
835,0.083451,0.083501,1,0,0
836,0.083551,0.083601,1,0,0
837,0.083651,0.083701,1,0,0
838,0.083751,0.083801,1,0,0
839,0.083851,0.083901,1,0,0
840,0.083951,0.084001,1,0,0
841,0.084051,0.084101,1,0,0
842,0.084151,0.084201,1,0,0
843,0.084251,0.084301,1,0,0
844,0.084351,0.084401,1,0,0
845,0.084451,0.084501,1,0,0
846,0.084551,0.084601,1,0,0
847,0.084651,0.084701,1,0,0
848,0.084751,0.084801,1,0,0
849,0.084851,0.084901,1,0,0
850,0.084951,0.085001,1,0,0
851,0.085051,0.085101,1,0,0
852,0.085151,0.085201,1,0,0
853,0.085251,0.085301,1,0,0
854,0.085351,0.085401,1,0,0
855,0.085451,0.085501,1,0,0
856,0.085551,0.085601,1,0,0
857,0.085651,0.085701,1,0,0
858,0.085751,0.085801,1,0,0
859,0.085851,0.085901,1,0,0
860,0.085951,0.086001,1,0,0
861,0.086051,0.086101,1,0,0
862,0.086151,0.086201,1,0,0
863,0.086251,0.086301,1,0,0
864,0.086351,0.086401,1,0,0
865,0.086451,0.086501,1,0,0
866,0.086551,0.086601,1,0,0
867,0.086651,0.086701,1,0,0
868,0.086751,0.086801,1,0,0
869,0.086851,0.086901,1,0,0
870,0.086951,0.087001,1,0,0
871,0.087051,0.087101,1,0,0
872,0.087151,0.087201,1,0,0
873,0.087251,0.087301,1,0,0
874,0.087351,0.087401,1,0,0
875,0.087451,0.087501,1,0,0
876,0.087551,0.087601,1,0,0
877,0.087651,0.087701,1,0,0
878,0.087751,0.087801,1,0,0
879,0.087851,0.087901,1,0,0
880,0.087951,0.088001,1,0,0
881,0.088051,0.088101,1,0,0
882,0.088151,0.088201,1,0,0
883,0.088251,0.088301,1,0,0
884,0.088351,0.088401,1,0,0
885,0.088451,0.088501,1,0,0
886,0.088551,0.088601,1,0,0
887,0.088651,0.088701,1,0,0
888,0.088751,0.088801,1,0,0
889,0.088851,0.088901,1,0,0
890,0.088951,0.089001,1,0,0
891,0.089051,0.089101,1,0,0
892,0.089151,0.089201,1,0,0
893,0.089251,0.089301,1,0,0
894,0.089351,0.089401,1,0,0
895,0.089451,0.089501,1,0,0
896,0.089551,0.089601,1,0,0
897,0.089651,0.089701,1,0,0
898,0.089751,0.089801,1,0,0
899,0.089851,0.089901,1,0,0
900,0.089951,0.090001,1,0,0
901,0.090051,0.090101,1,0,0
902,0.090151,0.090201,1,0,0
903,0.090251,0.090301,1,0,0
904,0.090351,0.090401,1,0,0
905,0.090451,0.090501,1,0,0
906,0.090551,0.090601,1,0,0
907,0.090651,0.090701,1,0,0
908,0.090751,0.090801,1,0,0
909,0.090851,0.090901,1,0,0
910,0.090951,0.091001,1,0,0
911,0.091051,0.091101,1,0,0
912,0.091151,0.091201,1,0,0
913,0.091251,0.091301,1,0,0
914,0.091351,0.091401,1,0,0
915,0.091451,0.091501,1,0,0
916,0.091551,0.091601,1,0,0
917,0.091651,0.091701,1,0,0
918,0.091751,0.091801,1,0,0
919,0.091851,0.091901,1,0,0
920,0.091951,0.092001,1,0,0
921,0.092051,0.092101,1,0,0
922,0.092151,0.092201,1,0,0
923,0.092251,0.092301,1,0,0
924,0.092351,0.092401,1,0,0
925,0.092451,0.092501,1,0,0
926,0.092551,0.092601,1,0,0
927,0.092651,0.092701,1,0,0
928,0.092751,0.092801,1,0,0
929,0.092851,0.092901,1,0,0
930,0.092951,0.093001,1,0,0
931,0.093051,0.093101,1,0,0
932,0.093151,0.093201,1,0,0
933,0.093251,0.093301,1,0,0
934,0.093351,0.093401,1,0,0
935,0.093451,0.093501,1,0,0
936,0.093551,0.093601,1,0,0
937,0.093651,0.093701,1,0,0
938,0.093751,0.093801,1,0,0
939,0.093851,0.093901,1,0,0
940,0.093951,0.094001,1,0,0
941,0.094051,0.094101,1,0,0
942,0.094151,0.094201,1,0,0
943,0.094251,0.094301,1,0,0
944,0.094351,0.094401,1,0,0
945,0.094451,0.094501,1,0,0
946,0.094551,0.094601,1,0,0
947,0.094651,0.094701,1,0,0
948,0.094751,0.094801,1,0,0
949,0.094851,0.094901,1,0,0
950,0.094951,0.095001,1,0,0
951,0.095051,0.095101,1,0,0
952,0.095151,0.095201,1,0,0
953,0.095251,0.095301,1,0,0
954,0.095351,0.095401,1,0,0
955,0.095451,0.095501,1,0,0
956,0.095551,0.095601,1,0,0
957,0.095651,0.095701,1,0,0
958,0.095751,0.095801,1,0,0
959,0.095851,0.095901,1,0,0
960,0.095951,0.096001,1,0,0
961,0.096051,0.096101,1,0,0
962,0.096151,0.096201,1,0,0
963,0.096251,0.096301,1,0,0
964,0.096351,0.096401,1,0,0
965,0.096451,0.096501,1,0,0
966,0.096551,0.096601,1,0,0
967,0.096651,0.096701,1,0,0
968,0.096751,0.096801,1,0,0
969,0.096851,0.096901,1,0,0
970,0.096951,0.097001,1,0,0
971,0.097051,0.097101,1,0,0
972,0.097151,0.097201,1,0,0
973,0.097251,0.097301,1,0,0
974,0.097351,0.097401,1,0,0
975,0.097451,0.097501,1,0,0
976,0.097551,0.097601,1,0,0
977,0.097651,0.097701,1,0,0
978,0.097751,0.097801,1,0,0
979,0.097851,0.097901,1,0,0
980,0.097951,0.098001,1,0,0
981,0.098051,0.098101,1,0,0
982,0.098151,0.098201,1,0,0
983,0.098251,0.098301,1,0,0
984,0.098351,0.098401,1,0,0
985,0.098451,0.098501,1,0,0
986,0.098551,0.098601,1,0,0
987,0.098651,0.098701,1,0,0
988,0.098751,0.098801,1,0,0
989,0.098851,0.098901,1,0,0
990,0.098951,0.099001,1,0,0
991,0.099051,0.099101,1,0,0
992,0.099151,0.099201,1,0,0
993,0.099251,0.099301,1,0,0
994,0.099351,0.099401,1,0,0
995,0.099451,0.099501,1,0,0
996,0.099551,0.099601,1,0,0
997,0.099651,0.099701,1,0,0
998,0.099751,0.099801,1,0,0
999,0.099851,0.099901,1,0,0
1000,0.099951,0.100001,1,0,0
1001,0.100051,0.100101,1,0,0
1002,0.100151,0.100201,1,0,0
1003,0.100251,0.100301,1,0,0
1004,0.100351,0.100401,1,0,0
1005,0.100451,0.100501,1,0,0
1006,0.100551,0.100601,1,0,0
1007,0.100651,0.100701,1,0,0
1008,0.100751,0.100801,1,0,0
1009,0.100851,0.100901,1,0,0
1010,0.100951,0.101001,1,0,0
1011,0.101051,0.101101,1,0,0
1012,0.101151,0.101201,1,0,0
1013,0.101251,0.101301,1,0,0
1014,0.101351,0.101401,1,0,0
1015,0.101451,0.101501,1,0,0
1016,0.101551,0.101601,1,0,0
1017,0.101651,0.101701,1,0,0
1018,0.101751,0.101801,1,0,0
1019,0.101851,0.101901,1,0,0
1020,0.101951,0.102001,1,0,0
1021,0.102051,0.102101,1,0,0
1022,0.102151,0.102201,1,0,0
1023,0.102251,0.102301,1,0,0
1024,0.102351,0.102401,1,0,0
1025,0.102451,0.102501,1,0,0
1026,0.102551,0.102601,1,0,0
1027,0.102651,0.102701,1,0,0
1028,0.102751,0.102801,1,0,0
1029,0.102851,0.102901,1,0,0
1030,0.102951,0.103001,1,0,0
1031,0.103051,0.103101,1,0,0
1032,0.103151,0.103201,1,0,0
1033,0.103251,0.103301,1,0,0
1034,0.103351,0.103401,1,0,0
1035,0.103451,0.103501,1,0,0
1036,0.103551,0.103601,1,0,0
1037,0.103651,0.103701,1,0,0
1038,0.103751,0.103801,1,0,0
1039,0.103851,0.103901,1,0,0
1040,0.103951,0.104001,1,0,0
1041,0.104051,0.104101,1,0,0
1042,0.104151,0.104201,1,0,0
1043,0.104251,0.104301,1,0,0
1044,0.104351,0.104401,1,0,0
1045,0.104451,0.104501,1,0,0
1046,0.104551,0.104601,1,0,0
1047,0.104651,0.104701,1,0,0
1048,0.104751,0.104801,1,0,0
1049,0.104851,0.104901,1,0,0
1050,0.104951,0.105001,1,0,0
1051,0.105051,0.105101,1,0,0
1052,0.105151,0.105201,1,0,0
1053,0.105251,0.105301,1,0,0
1054,0.105351,0.105401,1,0,0
1055,0.105451,0.105501,1,0,0
1056,0.105551,0.105601,1,0,0
1057,0.105651,0.105701,1,0,0
1058,0.105751,0.105801,1,0,0
1059,0.105851,0.105901,1,0,0
1060,0.105951,0.106001,1,0,0
1061,0.106051,0.106101,1,0,0
1062,0.106151,0.106201,1,0,0
1063,0.106251,0.106301,1,0,0
1064,0.106351,0.106401,1,0,0
1065,0.106451,0.106501,1,0,0
1066,0.106551,0.106601,1,0,0
1067,0.106651,0.106701,1,0,0
1068,0.106751,0.106801,1,0,0
1069,0.106851,0.106901,1,0,0
1070,0.106951,0.107001,1,0,0
1071,0.107051,0.107101,1,0,0
1072,0.107151,0.107201,1,0,0
1073,0.107251,0.107301,1,0,0
1074,0.107351,0.107401,1,0,0
1075,0.107451,0.107501,1,0,0
1076,0.107551,0.107601,1,0,0
1077,0.107651,0.107701,1,0,0
1078,0.107751,0.107801,1,0,0
1079,0.107851,0.107901,1,0,0
1080,0.107951,0.108001,1,0,0
1081,0.108051,0.108101,1,0,0
1082,0.108151,0.108201,1,0,0
1083,0.108251,0.108301,1,0,0
1084,0.108351,0.108401,1,0,0
1085,0.108451,0.108501,1,0,0
1086,0.108551,0.108601,1,0,0
1087,0.108651,0.108701,1,0,0
1088,0.108751,0.108801,1,0,0
1089,0.108851,0.108901,1,0,0
1090,0.108951,0.109001,1,0,0
1091,0.109051,0.109101,1,0,0
1092,0.109151,0.109201,1,0,0
1093,0.109251,0.109301,1,0,0
1094,0.109351,0.109401,1,0,0
1095,0.109451,0.109501,1,0,0
1096,0.109551,0.109601,1,0,0
1097,0.109651,0.109701,1,0,0
1098,0.109751,0.109801,1,0,0
1099,0.109851,0.109901,1,0,0
1100,0.109951,0.110001,1,0,0
1101,0.110051,0.110101,1,0,0
1102,0.110151,0.110201,1,0,0
1103,0.110251,0.110301,1,0,0
1104,0.110351,0.110401,1,0,0
1105,0.110451,0.110501,1,0,0
1106,0.110551,0.110601,1,0,0
1107,0.110651,0.110701,1,0,0
1108,0.110751,0.110801,1,0,0
1109,0.110851,0.110901,1,0,0
1110,0.110951,0.111001,1,0,0
1111,0.111051,0.111101,1,0,0
1112,0.111151,0.111201,1,0,0
1113,0.111251,0.111301,1,0,0
1114,0.111351,0.111401,1,0,0
1115,0.111451,0.111501,1,0,0
1116,0.111551,0.111601,1,0,0
1117,0.111651,0.111701,1,0,0
1118,0.111751,0.111801,1,0,0
1119,0.111851,0.111901,1,0,0
1120,0.111951,0.112001,1,0,0
1121,0.112051,0.112101,1,0,0
1122,0.112151,0.112201,1,0,0
1123,0.112251,0.112301,1,0,0
1124,0.112351,0.112401,1,0,0
1125,0.112451,0.112501,1,0,0
1126,0.112551,0.112601,1,0,0
1127,0.112651,0.112701,1,0,0
1128,0.112751,0.112801,1,0,0
1129,0.112851,0.112901,1,0,0
1130,0.112951,0.113001,1,0,0
1131,0.113051,0.113101,1,0,0
1132,0.113151,0.113201,1,0,0
1133,0.113251,0.113301,1,0,0
1134,0.113351,0.113401,1,0,0
1135,0.113451,0.113501,1,0,0
1136,0.113551,0.113601,1,0,0
1137,0.113651,0.113701,1,0,0
1138,0.113751,0.113801,1,0,0
1139,0.113851,0.113901,1,0,0
1140,0.113951,0.114001,1,0,0
1141,0.114051,0.114101,1,0,0
1142,0.114151,0.114201,1,0,0
1143,0.114251,0.114301,1,0,0
1144,0.114351,0.114401,1,0,0
1145,0.114451,0.114501,1,0,0
1146,0.114551,0.114601,1,0,0
1147,0.114651,0.114701,1,0,0
1148,0.114751,0.114801,1,0,0
1149,0.114851,0.114901,1,0,0
1150,0.114951,0.115001,1,0,0
1151,0.115051,0.115101,1,0,0
1152,0.115151,0.115201,1,0,0
1153,0.115251,0.115301,1,0,0
1154,0.115351,0.115401,1,0,0
1155,0.115451,0.115501,1,0,0
1156,0.115551,0.115601,1,0,0
1157,0.115651,0.115701,1,0,0
1158,0.115751,0.115801,1,0,0
1159,0.115851,0.115901,1,0,0
1160,0.115951,0.116001,1,0,0
1161,0.116051,0.116101,1,0,0
1162,0.116151,0.116201,1,0,0
1163,0.116251,0.116301,1,0,0
1164,0.116351,0.116401,1,0,0
1165,0.116451,0.116501,1,0,0
1166,0.116551,0.116601,1,0,0
1167,0.116651,0.116701,1,0,0
1168,0.116751,0.116801,1,0,0
1169,0.116851,0.116901,1,0,0
1170,0.116951,0.117001,1,0,0
1171,0.117051,0.117101,1,0,0
1172,0.117151,0.117201,1,0,0
1173,0.117251,0.117301,1,0,0
1174,0.117351,0.117401,1,0,0
1175,0.117451,0.117501,1,0,0
1176,0.117551,0.117601,1,0,0
1177,0.117651,0.117701,1,0,0
1178,0.117751,0.117801,1,0,0
1179,0.117851,0.117901,1,0,0
1180,0.117951,0.118001,1,0,0
1181,0.118051,0.118101,1,0,0
1182,0.118151,0.118201,1,0,0
1183,0.118251,0.118301,1,0,0
1184,0.118351,0.118401,1,0,0
1185,0.118451,0.118501,1,0,0
1186,0.118551,0.118601,1,0,0
1187,0.118651,0.118701,1,0,0
1188,0.118751,0.118801,1,0,0
1189,0.118851,0.118901,1,0,0
1190,0.118951,0.119001,1,0,0
1191,0.119051,0.119101,1,0,0
1192,0.119151,0.119201,1,0,0
1193,0.119251,0.119301,1,0,0
1194,0.119351,0.119401,1,0,0
1195,0.119451,0.119501,1,0,0
1196,0.119551,0.119601,1,0,0
1197,0.119651,0.119701,1,0,0
1198,0.119751,0.119801,1,0,0
1199,0.119851,0.119901,1,0,0
1200,0.119951,0.120001,1,0,9.01673742634056e-05
1201,0.120051,0.120101,1,0,9.01673742634056e-05
1202,0.120151,0.120201,1,0,9.01673742634056e-05
1203,0.120251,0.120301,1,0,9.01673742634056e-05
1204,0.120351,0.120401,1,0,9.01673742634056e-05
1205,0.120451,0.120501,1,0,9.01673742634056e-05
1206,0.120551,0.120601,1,0,9.01673742634056e-05
1207,0.120651,0.120701,1,0,9.01673742634056e-05
1208,0.120751,0.120801,1,0,9.01673742634056e-05
1209,0.120851,0.120901,1,0,9.01673742634056e-05
1210,0.120951,0.121001,1,0,0.000999054506838534
1211,0.121051,0.121101,1,0,0.000999054506838534
1212,0.121151,0.121201,1,0,0.000999054506838534
1213,0.121251,0.121301,1,0,0.000999054506838534
1214,0.121351,0.121401,1,0,0.000999054506838534
1215,0.121451,0.121501,1,0,0.000999054506838534
1216,0.121551,0.121601,1,0,0.000999054506838534
1217,0.121651,0.121701,1,0,0.000999054506838534
1218,0.121751,0.121801,1,0,0.000999054506838534
1219,0.121851,0.121901,1,0,0.000999054506838534
1220,0.121951,0.122001,1,0,0.00174252930325225
1221,0.122051,0.122101,1,0,0.00174252930325225
1222,0.122151,0.122201,1,0,0.00174252930325225
1223,0.122251,0.122301,1,0,0.00174252930325225
1224,0.122351,0.122401,1,0,0.00174252930325225
1225,0.122451,0.122501,1,0,0.00174252930325225
1226,0.122551,0.122601,1,0,0.00174252930325225
1227,0.122651,0.122701,1,0,0.00174252930325225
1228,0.122751,0.122801,1,0,0.00174252930325225
1229,0.122851,0.122901,1,0,0.00174252930325225
1230,0.122951,0.123001,1,0,0.00206999594672264
1231,0.123051,0.123101,1,0,0.00206999594672264
1232,0.123151,0.123201,1,0,0.00206999594672264
1233,0.123251,0.123301,1,0,0.00206999594672264
1234,0.123351,0.123401,1,0,0.00206999594672264
1235,0.123451,0.123501,1,0,0.00206999594672264
1236,0.123551,0.123601,1,0,0.00206999594672264
1237,0.123651,0.123701,1,0,0.00206999594672264
1238,0.123751,0.123801,1,0,0.00206999594672264
1239,0.123851,0.123901,1,0,0.00206999594672264
1240,0.123951,0.124001,1,0,0.00150681693713087
1241,0.124051,0.124101,1,0,0.00150681693713087
1242,0.124151,0.124201,1,0,0.00150681693713087
1243,0.124251,0.124301,1,0,0.00150681693713087
1244,0.124351,0.124401,1,0,0.00150681693713087
1245,0.124451,0.124501,1,0,0.00150681693713087
1246,0.124551,0.124601,1,0,0.00150681693713087
1247,0.124651,0.124701,1,0,0.00150681693713087
1248,0.124751,0.124801,1,0,0.00150681693713087
1249,0.124851,0.124901,1,0,0.00150681693713087
1250,0.124951,0.125001,1,0,0.000915487719773049
1251,0.125051,0.125101,1,0,0.000915487719773049
1252,0.125151,0.125201,1,0,0.000915487719773049
1253,0.125251,0.125301,1,0,0.000915487719773049
1254,0.125351,0.125401,1,0,0.000915487719773049
1255,0.125451,0.125501,1,0,0.000915487719773049
1256,0.125551,0.125601,1,0,0.000915487719773049
1257,0.125651,0.125701,1,0,0.000915487719773049
1258,0.125751,0.125801,1,0,0.000915487719773049
1259,0.125851,0.125901,1,0,0.000915487719773049
1260,0.125951,0.126001,1,0,0.000503723697989818
1261,0.126051,0.126101,1,0,0.000503723697989818
1262,0.126151,0.126201,1,0,0.000503723697989818
1263,0.126251,0.126301,1,0,0.000503723697989818
1264,0.126351,0.126401,1,0,0.000503723697989818
1265,0.126451,0.126501,1,0,0.000503723697989818
1266,0.126551,0.126601,1,0,0.000503723697989818
1267,0.126651,0.126701,1,0,0.000503723697989818
1268,0.126751,0.126801,1,0,0.000503723697989818
1269,0.126851,0.126901,1,0,0.000503723697989818
1270,0.126951,0.127001,1,0,0.000242285931947506
1271,0.127051,0.127101,1,0,0.000242285931947506
1272,0.127151,0.127201,1,0,0.000242285931947506
1273,0.127251,0.127301,1,0,0.000242285931947506
1274,0.127351,0.127401,1,0,0.000242285931947506
1275,0.127451,0.127501,1,0,0.000242285931947506
1276,0.127551,0.127601,1,0,0.000242285931947506
1277,0.127651,0.127701,1,0,0.000242285931947506
1278,0.127751,0.127801,1,0,0.000242285931947506
1279,0.127851,0.127901,1,0,0.000242285931947506
1280,0.127951,0.128001,1,0,0.000116438683768051
1281,0.128051,0.128101,1,0,0.000116438683768051
1282,0.128151,0.128201,1,0,0.000116438683768051
1283,0.128251,0.128301,1,0,0.000116438683768051
1284,0.128351,0.128401,1,0,0.000116438683768051
1285,0.128451,0.128501,1,0,0.000116438683768051
1286,0.128551,0.128601,1,0,0.000116438683768051
1287,0.128651,0.128701,1,0,0.000116438683768051
1288,0.128751,0.128801,1,0,0.000116438683768051
1289,0.128851,0.128901,1,0,0.000116438683768051
1290,0.128951,0.129001,1,0,5.97978161634048e-05
1291,0.129051,0.129101,1,0,5.97978161634048e-05
1292,0.129151,0.129201,1,0,5.97978161634048e-05
1293,0.129251,0.129301,1,0,5.97978161634048e-05
1294,0.129351,0.129401,1,0,5.97978161634048e-05
1295,0.129451,0.129501,1,0,5.97978161634048e-05
1296,0.129551,0.129601,1,0,5.97978161634048e-05
1297,0.129651,0.129701,1,0,5.97978161634048e-05
1298,0.129751,0.129801,1,0,5.97978161634048e-05
1299,0.129851,0.129901,1,0,5.97978161634048e-05
1300,0.129951,0.130001,1,0,5.48445048772599e-05
1301,0.130051,0.130101,1,0,5.48445048772599e-05
1302,0.130151,0.130201,1,0,5.48445048772599e-05
1303,0.130251,0.130301,1,0,5.48445048772599e-05
1304,0.130351,0.130401,1,0,5.48445048772599e-05
1305,0.130451,0.130501,1,0,5.48445048772599e-05
1306,0.130551,0.130601,1,0,5.48445048772599e-05
1307,0.130651,0.130701,1,0,5.48445048772599e-05
1308,0.130751,0.130801,1,0,5.48445048772599e-05
1309,0.130851,0.130901,1,0,5.48445048772599e-05
1310,0.130951,0.131001,1,0,0.000894899329804961
1311,0.131051,0.131101,1,0,0.000894899329804961
1312,0.131151,0.131201,1,0,0.000894899329804961
1313,0.131251,0.131301,1,0,0.000894899329804961
1314,0.131351,0.131401,1,0,0.000894899329804961
1315,0.131451,0.131501,1,0,0.000894899329804961
1316,0.131551,0.131601,1,0,0.000894899329804961
1317,0.131651,0.131701,1,0,0.000894899329804961
1318,0.131751,0.131801,1,0,0.000894899329804961
1319,0.131851,0.131901,1,0,0.000894899329804961
1320,0.131951,0.132001,1,0,0.00147553672892655
1321,0.132051,0.132101,1,0,0.00147553672892655
1322,0.132151,0.132201,1,0,0.00147553672892655
1323,0.132251,0.132301,1,0,0.00147553672892655
1324,0.132351,0.132401,1,0,0.00147553672892655
1325,0.132451,0.132501,1,0,0.00147553672892655
1326,0.132551,0.132601,1,0,0.00147553672892655
1327,0.132651,0.132701,1,0,0.00147553672892655
1328,0.132751,0.132801,1,0,0.00147553672892655
1329,0.132851,0.132901,1,0,0.00147553672892655
1330,0.132951,0.133001,1,0,0.00182931904063801
1331,0.133051,0.133101,1,0,0.00182931904063801
1332,0.133151,0.133201,1,0,0.00182931904063801
1333,0.133251,0.133301,1,0,0.00182931904063801
1334,0.133351,0.133401,1,0,0.00182931904063801
1335,0.133451,0.133501,1,0,0.00182931904063801
1336,0.133551,0.133601,1,0,0.00182931904063801
1337,0.133651,0.133701,1,0,0.00182931904063801
1338,0.133751,0.133801,1,0,0.00182931904063801
1339,0.133851,0.133901,1,0,0.00182931904063801
1340,0.133951,0.134001,1,0,0.00199521469012873
1341,0.134051,0.134101,1,0,0.00199521469012873
1342,0.134151,0.134201,1,0,0.00199521469012873
1343,0.134251,0.134301,1,0,0.00199521469012873
1344,0.134351,0.134401,1,0,0.00199521469012873
1345,0.134451,0.134501,1,0,0.00199521469012873
1346,0.134551,0.134601,1,0,0.00199521469012873
1347,0.134651,0.134701,1,0,0.00199521469012873
1348,0.134751,0.134801,1,0,0.00199521469012873
1349,0.134851,0.134901,1,0,0.00199521469012873
1350,0.134951,0.135001,1,0,0.00218746256013962
1351,0.135051,0.135101,1,0,0.00218746256013962
1352,0.135151,0.135201,1,0,0.00218746256013962
1353,0.135251,0.135301,1,0,0.00218746256013962
1354,0.135351,0.135401,1,0,0.00218746256013962
1355,0.135451,0.135501,1,0,0.00218746256013962
1356,0.135551,0.135601,1,0,0.00218746256013962
1357,0.135651,0.135701,1,0,0.00218746256013962
1358,0.135751,0.135801,1,0,0.00218746256013962
1359,0.135851,0.135901,1,0,0.00218746256013962
1360,0.135951,0.136001,1,0,0.00221519237882351
1361,0.136051,0.136101,1,0,0.00221519237882351
1362,0.136151,0.136201,1,0,0.00221519237882351
1363,0.136251,0.136301,1,0,0.00221519237882351
1364,0.136351,0.136401,1,0,0.00221519237882351
1365,0.136451,0.136501,1,0,0.00221519237882351
1366,0.136551,0.136601,1,0,0.00221519237882351
1367,0.136651,0.136701,1,0,0.00221519237882351
1368,0.136751,0.136801,1,0,0.00221519237882351
1369,0.136851,0.136901,1,0,0.00221519237882351
1370,0.136951,0.137001,1,0,0.00165619065429817
1371,0.137051,0.137101,1,0,0.00165619065429817
1372,0.137151,0.137201,1,0,0.00165619065429817
1373,0.137251,0.137301,1,0,0.00165619065429817
1374,0.137351,0.137401,1,0,0.00165619065429817
1375,0.137451,0.137501,1,0,0.00165619065429817
1376,0.137551,0.137601,1,0,0.00165619065429817
1377,0.137651,0.137701,1,0,0.00165619065429817
1378,0.137751,0.137801,1,0,0.00165619065429817
1379,0.137851,0.137901,1,0,0.00165619065429817
1380,0.137951,0.138001,1,0,0.000882413358785046
1381,0.138051,0.138101,1,0,0.000882413358785046
1382,0.138151,0.138201,1,0,0.000882413358785046
1383,0.138251,0.138301,1,0,0.000882413358785046
1384,0.138351,0.138401,1,0,0.000882413358785046
1385,0.138451,0.138501,1,0,0.000882413358785046
1386,0.138551,0.138601,1,0,0.000882413358785046
1387,0.138651,0.138701,1,0,0.000882413358785046
1388,0.138751,0.138801,1,0,0.000882413358785046
1389,0.138851,0.138901,1,0,0.000882413358785046
1390,0.138951,0.139001,1,0,0.000446671792913178
1391,0.139051,0.139101,1,0,0.000446671792913178
1392,0.139151,0.139201,1,0,0.000446671792913178
1393,0.139251,0.139301,1,0,0.000446671792913178
1394,0.139351,0.139401,1,0,0.000446671792913178
1395,0.139451,0.139501,1,0,0.000446671792913178
1396,0.139551,0.139601,1,0,0.000446671792913178
1397,0.139651,0.139701,1,0,0.000446671792913178
1398,0.139751,0.139801,1,0,0.000446671792913178
1399,0.139851,0.139901,1,0,0.000446671792913178
1400,0.139951,0.140001,1,0,0.000309777497071235
1401,0.140051,0.140101,1,0,0.000309777497071235
1402,0.140151,0.140201,1,0,0.000309777497071235
1403,0.140251,0.140301,1,0,0.000309777497071235
1404,0.140351,0.140401,1,0,0.000309777497071235
1405,0.140451,0.140501,1,0,0.000309777497071235
1406,0.140551,0.140601,1,0,0.000309777497071235
1407,0.140651,0.140701,1,0,0.000309777497071235
1408,0.140751,0.140801,1,0,0.000309777497071235
1409,0.140851,0.140901,1,0,0.000309777497071235
1410,0.140951,0.141001,1,0,0.000972724467105835
1411,0.141051,0.141101,1,0,0.000972724467105835
1412,0.141151,0.141201,1,0,0.000972724467105835
1413,0.141251,0.141301,1,0,0.000972724467105835
1414,0.141351,0.141401,1,0,0.000972724467105835
1415,0.141451,0.141501,1,0,0.000972724467105835
1416,0.141551,0.141601,1,0,0.000972724467105835
1417,0.141651,0.141701,1,0,0.000972724467105835
1418,0.141751,0.141801,1,0,0.000972724467105835
1419,0.141851,0.141901,1,0,0.000972724467105835
1420,0.141951,0.142001,1,0,0.00149768463337304
1421,0.142051,0.142101,1,0,0.00149768463337304
1422,0.142151,0.142201,1,0,0.00149768463337304
1423,0.142251,0.142301,1,0,0.00149768463337304
1424,0.142351,0.142401,1,0,0.00149768463337304
1425,0.142451,0.142501,1,0,0.00149768463337304
1426,0.142551,0.142601,1,0,0.00149768463337304
1427,0.142651,0.142701,1,0,0.00149768463337304
1428,0.142751,0.142801,1,0,0.00149768463337304
1429,0.142851,0.142901,1,0,0.00149768463337304
1430,0.142951,0.143001,1,0,0.00184478766429893
1431,0.143051,0.143101,1,0,0.00184478766429893
1432,0.143151,0.143201,1,0,0.00184478766429893
1433,0.143251,0.143301,1,0,0.00184478766429893
1434,0.143351,0.143401,1,0,0.00184478766429893
1435,0.143451,0.143501,1,0,0.00184478766429893
1436,0.143551,0.143601,1,0,0.00184478766429893
1437,0.143651,0.143701,1,0,0.00184478766429893
1438,0.143751,0.143801,1,0,0.00184478766429893
1439,0.143851,0.143901,1,0,0.00184478766429893
1440,0.143951,0.144001,1,0,0.00200973909943828
1441,0.144051,0.144101,1,0,0.00200973909943828
1442,0.144151,0.144201,1,0,0.00200973909943828
1443,0.144251,0.144301,1,0,0.00200973909943828
1444,0.144351,0.144401,1,0,0.00200973909943828
1445,0.144451,0.144501,1,0,0.00200973909943828
1446,0.144551,0.144601,1,0,0.00200973909943828
1447,0.144651,0.144701,1,0,0.00200973909943828
1448,0.144751,0.144801,1,0,0.00200973909943828
1449,0.144851,0.144901,1,0,0.00200973909943828
1450,0.144951,0.145001,1,0,0.00207271825013901
1451,0.145051,0.145101,1,0,0.00207271825013901
1452,0.145151,0.145201,1,0,0.00207271825013901
1453,0.145251,0.145301,1,0,0.00207271825013901
1454,0.145351,0.145401,1,0,0.00207271825013901
1455,0.145451,0.145501,1,0,0.00207271825013901
1456,0.145551,0.145601,1,0,0.00207271825013901
1457,0.145651,0.145701,1,0,0.00207271825013901
1458,0.145751,0.145801,1,0,0.00207271825013901
1459,0.145851,0.145901,1,0,0.00207271825013901
1460,0.145951,0.146001,1,0,0.00213630904917892
1461,0.146051,0.146101,1,0,0.00213630904917892
1462,0.146151,0.146201,1,0,0.00213630904917892
1463,0.146251,0.146301,1,0,0.00213630904917892
1464,0.146351,0.146401,1,0,0.00213630904917892
1465,0.146451,0.146501,1,0,0.00213630904917892
1466,0.146551,0.146601,1,0,0.00213630904917892
1467,0.146651,0.146701,1,0,0.00213630904917892
1468,0.146751,0.146801,1,0,0.00213630904917892
1469,0.146851,0.146901,1,0,0.00213630904917892
1470,0.146951,0.147001,1,0,0.00219228172461773
1471,0.147051,0.147101,1,0,0.00219228172461773
1472,0.147151,0.147201,1,0,0.00219228172461773
1473,0.147251,0.147301,1,0,0.00219228172461773
1474,0.147351,0.147401,1,0,0.00219228172461773
1475,0.147451,0.147501,1,0,0.00219228172461773
1476,0.147551,0.147601,1,0,0.00219228172461773
1477,0.147651,0.147701,1,0,0.00219228172461773
1478,0.147751,0.147801,1,0,0.00219228172461773
1479,0.147851,0.147901,1,0,0.00219228172461773
1480,0.147951,0.148001,1,0,0.00162371126708853
1481,0.148051,0.148101,1,0,0.00162371126708853
1482,0.148151,0.148201,1,0,0.00162371126708853
1483,0.148251,0.148301,1,0,0.00162371126708853
1484,0.148351,0.148401,1,0,0.00162371126708853
1485,0.148451,0.148501,1,0,0.00162371126708853
1486,0.148551,0.148601,1,0,0.00162371126708853
1487,0.148651,0.148701,1,0,0.00162371126708853
1488,0.148751,0.148801,1,0,0.00162371126708853
1489,0.148851,0.148901,1,0,0.00162371126708853
1490,0.148951,0.149001,1,0,0.000919177991405086
1491,0.149051,0.149101,1,0,0.000919177991405086
1492,0.149151,0.149201,1,0,0.000919177991405086
1493,0.149251,0.149301,1,0,0.000919177991405086
1494,0.149351,0.149401,1,0,0.000919177991405086
1495,0.149451,0.149501,1,0,0.000919177991405086
1496,0.149551,0.149601,1,0,0.000919177991405086
1497,0.149651,0.149701,1,0,0.000919177991405086
1498,0.149751,0.149801,1,0,0.000919177991405086
1499,0.149851,0.149901,1,0,0.000919177991405086
1500,0.149951,0.150001,1,0,0.00050166618353743
1501,0.150051,0.150101,1,0,0.00050166618353743
1502,0.150151,0.150201,1,0,0.00050166618353743
1503,0.150251,0.150301,1,0,0.00050166618353743
1504,0.150351,0.150401,1,0,0.00050166618353743
1505,0.150451,0.150501,1,0,0.00050166618353743
1506,0.150551,0.150601,1,0,0.00050166618353743
1507,0.150651,0.150701,1,0,0.00050166618353743
1508,0.150751,0.150801,1,0,0.00050166618353743
1509,0.150851,0.150901,1,0,0.00050166618353743
1510,0.150951,0.151001,1,0,0.00116507030722548
1511,0.151051,0.151101,1,0,0.00116507030722548
1512,0.151151,0.151201,1,0,0.00116507030722548
1513,0.151251,0.151301,1,0,0.00116507030722548
1514,0.151351,0.151401,1,0,0.00116507030722548
1515,0.151451,0.151501,1,0,0.00116507030722548
1516,0.151551,0.151601,1,0,0.00116507030722548
1517,0.151651,0.151701,1,0,0.00116507030722548
1518,0.151751,0.151801,1,0,0.00116507030722548
1519,0.151851,0.151901,1,0,0.00116507030722548
1520,0.151951,0.152001,1,0,0.00151485238966648
1521,0.152051,0.152101,1,0,0.00151485238966648
1522,0.152151,0.152201,1,0,0.00151485238966648
1523,0.152251,0.152301,1,0,0.00151485238966648
1524,0.152351,0.152401,1,0,0.00151485238966648
1525,0.152451,0.152501,1,0,0.00151485238966648
1526,0.152551,0.152601,1,0,0.00151485238966648
1527,0.152651,0.152701,1,0,0.00151485238966648
1528,0.152751,0.152801,1,0,0.00151485238966648
1529,0.152851,0.152901,1,0,0.00151485238966648
1530,0.152951,0.153001,1,0,0.00176711939647463
1531,0.153051,0.153101,1,0,0.00176711939647463
1532,0.153151,0.153201,1,0,0.00176711939647463
1533,0.153251,0.153301,1,0,0.00176711939647463
1534,0.153351,0.153401,1,0,0.00176711939647463
1535,0.153451,0.153501,1,0,0.00176711939647463
1536,0.153551,0.153601,1,0,0.00176711939647463
1537,0.153651,0.153701,1,0,0.00176711939647463
1538,0.153751,0.153801,1,0,0.00176711939647463
1539,0.153851,0.153901,1,0,0.00176711939647463
1540,0.153951,0.154001,1,0,0.00196271444003125
1541,0.154051,0.154101,1,0,0.00196271444003125
1542,0.154151,0.154201,1,0,0.00196271444003125
1543,0.154251,0.154301,1,0,0.00196271444003125
1544,0.154351,0.154401,1,0,0.00196271444003125
1545,0.154451,0.154501,1,0,0.00196271444003125
1546,0.154551,0.154601,1,0,0.00196271444003125
1547,0.154651,0.154701,1,0,0.00196271444003125
1548,0.154751,0.154801,1,0,0.00196271444003125
1549,0.154851,0.154901,1,0,0.00196271444003125
1550,0.154951,0.155001,1,0,0.00201349536066583
1551,0.155051,0.155101,1,0,0.00201349536066583
1552,0.155151,0.155201,1,0,0.00201349536066583
1553,0.155251,0.155301,1,0,0.00201349536066583
1554,0.155351,0.155401,1,0,0.00201349536066583
1555,0.155451,0.155501,1,0,0.00201349536066583
1556,0.155551,0.155601,1,0,0.00201349536066583
1557,0.155651,0.155701,1,0,0.00201349536066583
1558,0.155751,0.155801,1,0,0.00201349536066583
1559,0.155851,0.155901,1,0,0.00201349536066583
1560,0.155951,0.156001,1,0,0.00212585614874178
1561,0.156051,0.156101,1,0,0.00212585614874178
1562,0.156151,0.156201,1,0,0.00212585614874178
1563,0.156251,0.156301,1,0,0.00212585614874178
1564,0.156351,0.156401,1,0,0.00212585614874178
1565,0.156451,0.156501,1,0,0.00212585614874178
1566,0.156551,0.156601,1,0,0.00212585614874178
1567,0.156651,0.156701,1,0,0.00212585614874178
1568,0.156751,0.156801,1,0,0.00212585614874178
1569,0.156851,0.156901,1,0,0.00212585614874178
1570,0.156951,0.157001,1,0,0.00212707167491294
1571,0.157051,0.157101,1,0,0.00212707167491294
1572,0.157151,0.157201,1,0,0.00212707167491294
1573,0.157251,0.157301,1,0,0.00212707167491294
1574,0.157351,0.157401,1,0,0.00212707167491294
1575,0.157451,0.157501,1,0,0.00212707167491294
1576,0.157551,0.157601,1,0,0.00212707167491294
1577,0.157651,0.157701,1,0,0.00212707167491294
1578,0.157751,0.157801,1,0,0.00212707167491294
1579,0.157851,0.157901,1,0,0.00212707167491294
1580,0.157951,0.158001,1,0,0.0022003924123883
1581,0.158051,0.158101,1,0,0.0022003924123883
1582,0.158151,0.158201,1,0,0.0022003924123883
1583,0.158251,0.158301,1,0,0.0022003924123883
1584,0.158351,0.158401,1,0,0.0022003924123883
1585,0.158451,0.158501,1,0,0.0022003924123883
1586,0.158551,0.158601,1,0,0.0022003924123883
1587,0.158651,0.158701,1,0,0.0022003924123883
1588,0.158751,0.158801,1,0,0.0022003924123883
1589,0.158851,0.158901,1,0,0.0022003924123883
1590,0.158951,0.159001,1,0,0.00154536968001626
1591,0.159051,0.159101,1,0,0.00154536968001626
1592,0.159151,0.159201,1,0,0.00154536968001626
1593,0.159251,0.159301,1,0,0.00154536968001626
1594,0.159351,0.159401,1,0,0.00154536968001626
1595,0.159451,0.159501,1,0,0.00154536968001626
1596,0.159551,0.159601,1,0,0.00154536968001626
1597,0.159651,0.159701,1,0,0.00154536968001626
1598,0.159751,0.159801,1,0,0.00154536968001626
1599,0.159851,0.159901,1,0,0.00154536968001626
1600,0.159951,0.160001,1,0,0.000984641135709072
1601,0.160051,0.160101,1,0,0.000984641135709072
1602,0.160151,0.160201,1,0,0.000984641135709072
1603,0.160251,0.160301,1,0,0.000984641135709072
1604,0.160351,0.160401,1,0,0.000984641135709072
1605,0.160451,0.160501,1,0,0.000984641135709072
1606,0.160551,0.160601,1,0,0.000984641135709072
1607,0.160651,0.160701,1,0,0.000984641135709072
1608,0.160751,0.160801,1,0,0.000984641135709072
1609,0.160851,0.160901,1,0,0.000984641135709072
1610,0.160951,0.161001,1,0,0.00129233849310404
1611,0.161051,0.161101,1,0,0.00129233849310404
1612,0.161151,0.161201,1,0,0.00129233849310404
1613,0.161251,0.161301,1,0,0.00129233849310404
1614,0.161351,0.161401,1,0,0.00129233849310404
1615,0.161451,0.161501,1,0,0.00129233849310404
1616,0.161551,0.161601,1,0,0.00129233849310404
1617,0.161651,0.161701,1,0,0.00129233849310404
1618,0.161751,0.161801,1,0,0.00129233849310404
1619,0.161851,0.161901,1,0,0.00129233849310404
1620,0.161951,0.162001,1,0,0.00171526821067337
1621,0.162051,0.162101,1,0,0.00171526821067337
1622,0.162151,0.162201,1,0,0.00171526821067337
1623,0.162251,0.162301,1,0,0.00171526821067337
1624,0.162351,0.162401,1,0,0.00171526821067337
1625,0.162451,0.162501,1,0,0.00171526821067337
1626,0.162551,0.162601,1,0,0.00171526821067337
1627,0.162651,0.162701,1,0,0.00171526821067337
1628,0.162751,0.162801,1,0,0.00171526821067337
1629,0.162851,0.162901,1,0,0.00171526821067337
1630,0.162951,0.163001,1,0,0.00197213463065276
1631,0.163051,0.163101,1,0,0.00197213463065276
1632,0.163151,0.163201,1,0,0.00197213463065276
1633,0.163251,0.163301,1,0,0.00197213463065276
1634,0.163351,0.163401,1,0,0.00197213463065276
1635,0.163451,0.163501,1,0,0.00197213463065276
1636,0.163551,0.163601,1,0,0.00197213463065276
1637,0.163651,0.163701,1,0,0.00197213463065276
1638,0.163751,0.163801,1,0,0.00197213463065276
1639,0.163851,0.163901,1,0,0.00197213463065276
1640,0.163951,0.164001,1,0,0.00204490136301757
1641,0.164051,0.164101,1,0,0.00204490136301757
1642,0.164151,0.164201,1,0,0.00204490136301757
1643,0.164251,0.164301,1,0,0.00204490136301757
1644,0.164351,0.164401,1,0,0.00204490136301757
1645,0.164451,0.164501,1,0,0.00204490136301757
1646,0.164551,0.164601,1,0,0.00204490136301757
1647,0.164651,0.164701,1,0,0.00204490136301757
1648,0.164751,0.164801,1,0,0.00204490136301757
1649,0.164851,0.164901,1,0,0.00204490136301757
1650,0.164951,0.165001,1,0,0.0020783870446825
1651,0.165051,0.165101,1,0,0.0020783870446825
1652,0.165151,0.165201,1,0,0.0020783870446825
1653,0.165251,0.165301,1,0,0.0020783870446825
1654,0.165351,0.165401,1,0,0.0020783870446825
1655,0.165451,0.165501,1,0,0.0020783870446825
1656,0.165551,0.165601,1,0,0.0020783870446825
1657,0.165651,0.165701,1,0,0.0020783870446825
1658,0.165751,0.165801,1,0,0.0020783870446825
1659,0.165851,0.165901,1,0,0.0020783870446825
1660,0.165951,0.166001,1,0,0.002068010358685
1661,0.166051,0.166101,1,0,0.002068010358685
1662,0.166151,0.166201,1,0,0.002068010358685
1663,0.166251,0.166301,1,0,0.002068010358685
1664,0.166351,0.166401,1,0,0.002068010358685
1665,0.166451,0.166501,1,0,0.002068010358685
1666,0.166551,0.166601,1,0,0.002068010358685
1667,0.166651,0.166701,1,0,0.002068010358685
1668,0.166751,0.166801,1,0,0.002068010358685
1669,0.166851,0.166901,1,0,0.002068010358685
1670,0.166951,0.167001,1,0,0.00210715464800184
1671,0.167051,0.167101,1,0,0.00210715464800184
1672,0.167151,0.167201,1,0,0.00210715464800184
1673,0.167251,0.167301,1,0,0.00210715464800184
1674,0.167351,0.167401,1,0,0.00210715464800184
1675,0.167451,0.167501,1,0,0.00210715464800184
1676,0.167551,0.167601,1,0,0.00210715464800184
1677,0.167651,0.167701,1,0,0.00210715464800184
1678,0.167751,0.167801,1,0,0.00210715464800184
1679,0.167851,0.167901,1,0,0.00210715464800184
1680,0.167951,0.168001,1,0,0.00202747520313046
1681,0.168051,0.168101,1,0,0.00202747520313046
1682,0.168151,0.168201,1,0,0.00202747520313046
1683,0.168251,0.168301,1,0,0.00202747520313046
1684,0.168351,0.168401,1,0,0.00202747520313046
1685,0.168451,0.168501,1,0,0.00202747520313046
1686,0.168551,0.168601,1,0,0.00202747520313046
1687,0.168651,0.168701,1,0,0.00202747520313046
1688,0.168751,0.168801,1,0,0.00202747520313046
1689,0.168851,0.168901,1,0,0.00202747520313046
1690,0.168951,0.169001,1,0,0.00159975824484581
1691,0.169051,0.169101,1,0,0.00159975824484581
1692,0.169151,0.169201,1,0,0.00159975824484581
1693,0.169251,0.169301,1,0,0.00159975824484581
1694,0.169351,0.169401,1,0,0.00159975824484581
1695,0.169451,0.169501,1,0,0.00159975824484581
1696,0.169551,0.169601,1,0,0.00159975824484581
1697,0.169651,0.169701,1,0,0.00159975824484581
1698,0.169751,0.169801,1,0,0.00159975824484581
1699,0.169851,0.169901,1,0,0.00159975824484581
1700,0.169951,0.170001,1,0,0.00096094728001744
1701,0.170051,0.170101,1,0,0.00096094728001744
1702,0.170151,0.170201,1,0,0.00096094728001744
1703,0.170251,0.170301,1,0,0.00096094728001744
1704,0.170351,0.170401,1,0,0.00096094728001744
1705,0.170451,0.170501,1,0,0.00096094728001744
1706,0.170551,0.170601,1,0,0.00096094728001744
1707,0.170651,0.170701,1,0,0.00096094728001744
1708,0.170751,0.170801,1,0,0.00096094728001744
1709,0.170851,0.170901,1,0,0.00096094728001744
1710,0.170951,0.171001,1,0,0.00135963819240569
1711,0.171051,0.171101,1,0,0.00135963819240569
1712,0.171151,0.171201,1,0,0.00135963819240569
1713,0.171251,0.171301,1,0,0.00135963819240569
1714,0.171351,0.171401,1,0,0.00135963819240569
1715,0.171451,0.171501,1,0,0.00135963819240569
1716,0.171551,0.171601,1,0,0.00135963819240569
1717,0.171651,0.171701,1,0,0.00135963819240569
1718,0.171751,0.171801,1,0,0.00135963819240569
1719,0.171851,0.171901,1,0,0.00135963819240569
1720,0.171951,0.172001,1,0,0.00162029443286839
1721,0.172051,0.172101,1,0,0.00162029443286839
1722,0.172151,0.172201,1,0,0.00162029443286839
1723,0.172251,0.172301,1,0,0.00162029443286839
1724,0.172351,0.172401,1,0,0.00162029443286839
1725,0.172451,0.172501,1,0,0.00162029443286839
1726,0.172551,0.172601,1,0,0.00162029443286839
1727,0.172651,0.172701,1,0,0.00162029443286839
1728,0.172751,0.172801,1,0,0.00162029443286839
1729,0.172851,0.172901,1,0,0.00162029443286839
1730,0.172951,0.173001,1,0,0.00181042749813366
1731,0.173051,0.173101,1,0,0.00181042749813366
1732,0.173151,0.173201,1,0,0.00181042749813366
1733,0.173251,0.173301,1,0,0.00181042749813366
1734,0.173351,0.173401,1,0,0.00181042749813366
1735,0.173451,0.173501,1,0,0.00181042749813366
1736,0.173551,0.173601,1,0,0.00181042749813366
1737,0.173651,0.173701,1,0,0.00181042749813366
1738,0.173751,0.173801,1,0,0.00181042749813366
1739,0.173851,0.173901,1,0,0.00181042749813366
1740,0.173951,0.174001,1,0,0.00197799048235649
1741,0.174051,0.174101,1,0,0.00197799048235649
1742,0.174151,0.174201,1,0,0.00197799048235649
1743,0.174251,0.174301,1,0,0.00197799048235649
1744,0.174351,0.174401,1,0,0.00197799048235649
1745,0.174451,0.174501,1,0,0.00197799048235649
1746,0.174551,0.174601,1,0,0.00197799048235649
1747,0.174651,0.174701,1,0,0.00197799048235649
1748,0.174751,0.174801,1,0,0.00197799048235649
1749,0.174851,0.174901,1,0,0.00197799048235649
1750,0.174951,0.175001,1,0,0.00199283972111584
1751,0.175051,0.175101,1,0,0.00199283972111584
1752,0.175151,0.175201,1,0,0.00199283972111584
1753,0.175251,0.175301,1,0,0.00199283972111584
1754,0.175351,0.175401,1,0,0.00199283972111584
1755,0.175451,0.175501,1,0,0.00199283972111584
1756,0.175551,0.175601,1,0,0.00199283972111584
1757,0.175651,0.175701,1,0,0.00199283972111584
1758,0.175751,0.175801,1,0,0.00199283972111584
1759,0.175851,0.175901,1,0,0.00199283972111584
1760,0.175951,0.176001,1,0,0.00209733560676304
1761,0.176051,0.176101,1,0,0.00209733560676304
1762,0.176151,0.176201,1,0,0.00209733560676304
1763,0.176251,0.176301,1,0,0.00209733560676304
1764,0.176351,0.176401,1,0,0.00209733560676304
1765,0.176451,0.176501,1,0,0.00209733560676304
1766,0.176551,0.176601,1,0,0.00209733560676304
1767,0.176651,0.176701,1,0,0.00209733560676304
1768,0.176751,0.176801,1,0,0.00209733560676304
1769,0.176851,0.176901,1,0,0.00209733560676304
1770,0.176951,0.177001,1,0,0.00203229084949239
1771,0.177051,0.177101,1,0,0.00203229084949239
1772,0.177151,0.177201,1,0,0.00203229084949239
1773,0.177251,0.177301,1,0,0.00203229084949239
1774,0.177351,0.177401,1,0,0.00203229084949239
1775,0.177451,0.177501,1,0,0.00203229084949239
1776,0.177551,0.177601,1,0,0.00203229084949239
1777,0.177651,0.177701,1,0,0.00203229084949239
1778,0.177751,0.177801,1,0,0.00203229084949239
1779,0.177851,0.177901,1,0,0.00203229084949239
1780,0.177951,0.178001,1,0,0.00202157404458035
1781,0.178051,0.178101,1,0,0.00202157404458035
1782,0.178151,0.178201,1,0,0.00202157404458035
1783,0.178251,0.178301,1,0,0.00202157404458035
1784,0.178351,0.178401,1,0,0.00202157404458035
1785,0.178451,0.178501,1,0,0.00202157404458035
1786,0.178551,0.178601,1,0,0.00202157404458035
1787,0.178651,0.178701,1,0,0.00202157404458035
1788,0.178751,0.178801,1,0,0.00202157404458035
1789,0.178851,0.178901,1,0,0.00202157404458035
1790,0.178951,0.179001,1,0,0.00184340120223299
1791,0.179051,0.179101,1,0,0.00184340120223299
1792,0.179151,0.179201,1,0,0.00184340120223299
1793,0.179251,0.179301,1,0,0.00184340120223299
1794,0.179351,0.179401,1,0,0.00184340120223299
1795,0.179451,0.179501,1,0,0.00184340120223299
1796,0.179551,0.179601,1,0,0.00184340120223299
1797,0.179651,0.179701,1,0,0.00184340120223299
1798,0.179751,0.179801,1,0,0.00184340120223299
1799,0.179851,0.179901,1,0,0.00184340120223299
1800,0.179951,0.180001,1,0,0.0010918577193963
1801,0.180051,0.180101,1,0,0.0010918577193963
1802,0.180151,0.180201,1,0,0.0010918577193963
1803,0.180251,0.180301,1,0,0.0010918577193963
1804,0.180351,0.180401,1,0,0.0010918577193963
1805,0.180451,0.180501,1,0,0.0010918577193963
1806,0.180551,0.180601,1,0,0.0010918577193963
1807,0.180651,0.180701,1,0,0.0010918577193963
1808,0.180751,0.180801,1,0,0.0010918577193963
1809,0.180851,0.180901,1,0,0.0010918577193963
1810,0.180951,0.181001,1,0,0.00147655188607449
1811,0.181051,0.181101,1,0,0.00147655188607449
1812,0.181151,0.181201,1,0,0.00147655188607449
1813,0.181251,0.181301,1,0,0.00147655188607449
1814,0.181351,0.181401,1,0,0.00147655188607449
1815,0.181451,0.181501,1,0,0.00147655188607449
1816,0.181551,0.181601,1,0,0.00147655188607449
1817,0.181651,0.181701,1,0,0.00147655188607449
1818,0.181751,0.181801,1,0,0.00147655188607449
1819,0.181851,0.181901,1,0,0.00147655188607449
1820,0.181951,0.182001,1,0,0.00168224999483036
1821,0.182051,0.182101,1,0,0.00168224999483036
1822,0.182151,0.182201,1,0,0.00168224999483036
1823,0.182251,0.182301,1,0,0.00168224999483036
1824,0.182351,0.182401,1,0,0.00168224999483036
1825,0.182451,0.182501,1,0,0.00168224999483036
1826,0.182551,0.182601,1,0,0.00168224999483036
1827,0.182651,0.182701,1,0,0.00168224999483036
1828,0.182751,0.182801,1,0,0.00168224999483036
1829,0.182851,0.182901,1,0,0.00168224999483036
1830,0.182951,0.183001,1,0,0.00181794284379152
1831,0.183051,0.183101,1,0,0.00181794284379152
1832,0.183151,0.183201,1,0,0.00181794284379152
1833,0.183251,0.183301,1,0,0.00181794284379152
1834,0.183351,0.183401,1,0,0.00181794284379152
1835,0.183451,0.183501,1,0,0.00181794284379152
1836,0.183551,0.183601,1,0,0.00181794284379152
1837,0.183651,0.183701,1,0,0.00181794284379152
1838,0.183751,0.183801,1,0,0.00181794284379152
1839,0.183851,0.183901,1,0,0.00181794284379152
1840,0.183951,0.184001,1,0,0.00188257608101455
1841,0.184051,0.184101,1,0,0.00188257608101455
1842,0.184151,0.184201,1,0,0.00188257608101455
1843,0.184251,0.184301,1,0,0.00188257608101455
1844,0.184351,0.184401,1,0,0.00188257608101455
1845,0.184451,0.184501,1,0,0.00188257608101455
1846,0.184551,0.184601,1,0,0.00188257608101455
1847,0.184651,0.184701,1,0,0.00188257608101455
1848,0.184751,0.184801,1,0,0.00188257608101455
1849,0.184851,0.184901,1,0,0.00188257608101455
1850,0.184951,0.185001,1,0,0.00198114946531917
1851,0.185051,0.185101,1,0,0.00198114946531917
1852,0.185151,0.185201,1,0,0.00198114946531917
1853,0.185251,0.185301,1,0,0.00198114946531917
1854,0.185351,0.185401,1,0,0.00198114946531917
1855,0.185451,0.185501,1,0,0.00198114946531917
1856,0.185551,0.185601,1,0,0.00198114946531917
1857,0.185651,0.185701,1,0,0.00198114946531917
1858,0.185751,0.185801,1,0,0.00198114946531917
1859,0.185851,0.185901,1,0,0.00198114946531917
1860,0.185951,0.186001,1,0,0.00201210455808133
1861,0.186051,0.186101,1,0,0.00201210455808133
1862,0.186151,0.186201,1,0,0.00201210455808133
1863,0.186251,0.186301,1,0,0.00201210455808133
1864,0.186351,0.186401,1,0,0.00201210455808133
1865,0.186451,0.186501,1,0,0.00201210455808133
1866,0.186551,0.186601,1,0,0.00201210455808133
1867,0.186651,0.186701,1,0,0.00201210455808133
1868,0.186751,0.186801,1,0,0.00201210455808133
1869,0.186851,0.186901,1,0,0.00201210455808133
1870,0.186951,0.187001,1,0,0.00206160904850344
1871,0.187051,0.187101,1,0,0.00206160904850344
1872,0.187151,0.187201,1,0,0.00206160904850344
1873,0.187251,0.187301,1,0,0.00206160904850344
1874,0.187351,0.187401,1,0,0.00206160904850344
1875,0.187451,0.187501,1,0,0.00206160904850344
1876,0.187551,0.187601,1,0,0.00206160904850344
1877,0.187651,0.187701,1,0,0.00206160904850344
1878,0.187751,0.187801,1,0,0.00206160904850344
1879,0.187851,0.187901,1,0,0.00206160904850344
1880,0.187951,0.188001,1,0,0.00205972524730542
1881,0.188051,0.188101,1,0,0.00205972524730542
1882,0.188151,0.188201,1,0,0.00205972524730542
1883,0.188251,0.188301,1,0,0.00205972524730542
1884,0.188351,0.188401,1,0,0.00205972524730542
1885,0.188451,0.188501,1,0,0.00205972524730542
1886,0.188551,0.188601,1,0,0.00205972524730542
1887,0.188651,0.188701,1,0,0.00205972524730542
1888,0.188751,0.188801,1,0,0.00205972524730542
1889,0.188851,0.188901,1,0,0.00205972524730542
1890,0.188951,0.189001,1,0,0.00178394296277894
1891,0.189051,0.189101,1,0,0.00178394296277894
1892,0.189151,0.189201,1,0,0.00178394296277894
1893,0.189251,0.189301,1,0,0.00178394296277894
1894,0.189351,0.189401,1,0,0.00178394296277894
1895,0.189451,0.189501,1,0,0.00178394296277894
1896,0.189551,0.189601,1,0,0.00178394296277894
1897,0.189651,0.189701,1,0,0.00178394296277894
1898,0.189751,0.189801,1,0,0.00178394296277894
1899,0.189851,0.189901,1,0,0.00178394296277894
1900,0.189951,0.190001,1,0,0.00102805262538251
1901,0.190051,0.190101,1,0,0.00102805262538251
1902,0.190151,0.190201,1,0,0.00102805262538251
1903,0.190251,0.190301,1,0,0.00102805262538251
1904,0.190351,0.190401,1,0,0.00102805262538251
1905,0.190451,0.190501,1,0,0.00102805262538251
1906,0.190551,0.190601,1,0,0.00102805262538251
1907,0.190651,0.190701,1,0,0.00102805262538251
1908,0.190751,0.190801,1,0,0.00102805262538251
1909,0.190851,0.190901,1,0,0.00102805262538251
1910,0.190951,0.191001,1,0,0.0013720910276805
1911,0.191051,0.191101,1,0,0.0013720910276805
1912,0.191151,0.191201,1,0,0.0013720910276805
1913,0.191251,0.191301,1,0,0.0013720910276805
1914,0.191351,0.191401,1,0,0.0013720910276805
1915,0.191451,0.191501,1,0,0.0013720910276805
1916,0.191551,0.191601,1,0,0.0013720910276805
1917,0.191651,0.191701,1,0,0.0013720910276805
1918,0.191751,0.191801,1,0,0.0013720910276805
1919,0.191851,0.191901,1,0,0.0013720910276805
1920,0.191951,0.192001,1,0,0.00168175849397128
1921,0.192051,0.192101,1,0,0.00168175849397128
1922,0.192151,0.192201,1,0,0.00168175849397128
1923,0.192251,0.192301,1,0,0.00168175849397128
1924,0.192351,0.192401,1,0,0.00168175849397128
1925,0.192451,0.192501,1,0,0.00168175849397128
1926,0.192551,0.192601,1,0,0.00168175849397128
1927,0.192651,0.192701,1,0,0.00168175849397128
1928,0.192751,0.192801,1,0,0.00168175849397128
1929,0.192851,0.192901,1,0,0.00168175849397128
1930,0.192951,0.193001,1,0,0.00192941440933932
1931,0.193051,0.193101,1,0,0.00192941440933932
1932,0.193151,0.193201,1,0,0.00192941440933932
1933,0.193251,0.193301,1,0,0.00192941440933932
1934,0.193351,0.193401,1,0,0.00192941440933932
1935,0.193451,0.193501,1,0,0.00192941440933932
1936,0.193551,0.193601,1,0,0.00192941440933932
1937,0.193651,0.193701,1,0,0.00192941440933932
1938,0.193751,0.193801,1,0,0.00192941440933932
1939,0.193851,0.193901,1,0,0.00192941440933932
1940,0.193951,0.194001,1,0,0.00212876260823993
1941,0.194051,0.194101,1,0,0.00212876260823993
1942,0.194151,0.194201,1,0,0.00212876260823993
1943,0.194251,0.194301,1,0,0.00212876260823993
1944,0.194351,0.194401,1,0,0.00212876260823993
1945,0.194451,0.194501,1,0,0.00212876260823993
1946,0.194551,0.194601,1,0,0.00212876260823993
1947,0.194651,0.194701,1,0,0.00212876260823993
1948,0.194751,0.194801,1,0,0.00212876260823993
1949,0.194851,0.194901,1,0,0.00212876260823993
1950,0.194951,0.195001,1,0,0.00228880404298939
1951,0.195051,0.195101,1,0,0.00228880404298939
1952,0.195151,0.195201,1,0,0.00228880404298939
1953,0.195251,0.195301,1,0,0.00228880404298939
1954,0.195351,0.195401,1,0,0.00228880404298939
1955,0.195451,0.195501,1,0,0.00228880404298939
1956,0.195551,0.195601,1,0,0.00228880404298939
1957,0.195651,0.195701,1,0,0.00228880404298939
1958,0.195751,0.195801,1,0,0.00228880404298939
1959,0.195851,0.195901,1,0,0.00228880404298939
1960,0.195951,0.196001,1,0,0.00227708222585633
1961,0.196051,0.196101,1,0,0.00227708222585633
1962,0.196151,0.196201,1,0,0.00227708222585633
1963,0.196251,0.196301,1,0,0.00227708222585633
1964,0.196351,0.196401,1,0,0.00227708222585633
1965,0.196451,0.196501,1,0,0.00227708222585633
1966,0.196551,0.196601,1,0,0.00227708222585633
1967,0.196651,0.196701,1,0,0.00227708222585633
1968,0.196751,0.196801,1,0,0.00227708222585633
1969,0.196851,0.196901,1,0,0.00227708222585633
1970,0.196951,0.197001,1,0,0.00218171440308551
1971,0.197051,0.197101,1,0,0.00218171440308551
1972,0.197151,0.197201,1,0,0.00218171440308551
1973,0.197251,0.197301,1,0,0.00218171440308551
1974,0.197351,0.197401,1,0,0.00218171440308551
1975,0.197451,0.197501,1,0,0.00218171440308551
1976,0.197551,0.197601,1,0,0.00218171440308551
1977,0.197651,0.197701,1,0,0.00218171440308551
1978,0.197751,0.197801,1,0,0.00218171440308551
1979,0.197851,0.197901,1,0,0.00218171440308551
1980,0.197951,0.198001,1,0,0.00215938784584923
1981,0.198051,0.198101,1,0,0.00215938784584923
1982,0.198151,0.198201,1,0,0.00215938784584923
1983,0.198251,0.198301,1,0,0.00215938784584923
1984,0.198351,0.198401,1,0,0.00215938784584923
1985,0.198451,0.198501,1,0,0.00215938784584923
1986,0.198551,0.198601,1,0,0.00215938784584923
1987,0.198651,0.198701,1,0,0.00215938784584923
1988,0.198751,0.198801,1,0,0.00215938784584923
1989,0.198851,0.198901,1,0,0.00215938784584923
1990,0.198951,0.199001,1,0,0.00150834208630121
1991,0.199051,0.199101,1,0,0.00150834208630121
1992,0.199151,0.199201,1,0,0.00150834208630121
1993,0.199251,0.199301,1,0,0.00150834208630121
1994,0.199351,0.199401,1,0,0.00150834208630121
1995,0.199451,0.199501,1,0,0.00150834208630121
1996,0.199551,0.199601,1,0,0.00150834208630121
1997,0.199651,0.199701,1,0,0.00150834208630121
1998,0.199751,0.199801,1,0,0.00150834208630121
1999,0.199851,0.199901,1,0,0.00150834208630121
2000,0.199951,0,0,0,0.000881680299915791
