event_id,source_time_s,physical_capture_time_s,physical_result_time_s,observed_capture_time_s,observed_result_time_s,input_capture_cycle,result_cycle,v_ref_raw,v_meas_raw,enable,pi_reset,sample_tick,angle_init,test_mode,golden_iq_ref_A,golden_iq_unlimited_A,golden_integrator_A,golden_saturation_active,golden_integrator_next_A,golden_previous_excess_A,golden_excess_next_A,golden_hard_reset,golden_int_reset,golden_iq_limited_A,golden_error_mmps,golden_P_A,golden_KiTs_A,golden_AW_A,observed_iq_ref_A,observed_iq_unlimited_A,observed_integrator_A,observed_saturation_active,observed_integrator_next_A,observed_previous_excess_A,observed_excess_next_A,observed_hard_reset,observed_int_reset,observed_iq_limited_A,observed_error_mmps,observed_P_A,observed_KiTs_A,observed_AW_A
1,0.0009,0.00090001,0.00090003,0.000901,0.000901,45001,45002,0,0,1,0,1,0,0,0,0,0,0,0,0,0,0,0,0,0,0,0,0,0,0,0,0,0,0,0,0,0,0,0,0,0,0
2,0.0019,0.00190001,0.00190003,0.001901,0.001901,95001,95002,0,0,1,0,1,0,0,0,0,0,0,0,0,0,0,0,0,0,0,0,0,0,0,0,0,0,0,0,0,0,0,0,0,0,0
3,0.0029,0.00290001,0.00290003,0.002901,0.002901,145001,145002,0,0,1,0,1,0,0,0,0,0,0,0,0,0,0,0,0,0,0,0,0,0,0,0,0,0,0,0,0,0,0,0,0,0,0
4,0.0039,0.00390001,0.00390003,0.003901,0.003901,195001,195002,0,0,1,0,1,0,0,0,0,0,0,0,0,0,0,0,0,0,0,0,0,0,0,0,0,0,0,0,0,0,0,0,0,0,0
5,0.0049,0.00490001,0.00490003,0.004901,0.004901,245001,245002,0,0,1,0,1,0,0,0,0,0,0,0,0,0,0,0,0,0,0,0,0,0,0,0,0,0,0,0,0,0,0,0,0,0,0
6,0.0059,0.00590001,0.00590003,0.005901,0.005901,295001,295002,0,0,1,0,1,0,0,0,0,0,0,0,0,0,0,0,0,0,0,0,0,0,0,0,0,0,0,0,0,0,0,0,0,0,0
7,0.0069,0.00690001,0.00690003,0.006901,0.006901,345001,345002,0,0,1,0,1,0,0,0,0,0,0,0,0,0,0,0,0,0,0,0,0,0,0,0,0,0,0,0,0,0,0,0,0,0,0
8,0.0079,0.00790001,0.00790003,0.007901,0.007901,395001,395002,0,0,1,0,1,0,0,0,0,0,0,0,0,0,0,0,0,0,0,0,0,0,0,0,0,0,0,0,0,0,0,0,0,0,0
9,0.0089,0.00890001,0.00890003,0.008901,0.008901,445001,445002,0,0,1,0,1,0,0,0,0,0,0,0,0,0,0,0,0,0,0,0,0,0,0,0,0,0,0,0,0,0,0,0,0,0,0
10,0.0099,0.00990001,0.00990003,0.009901,0.009901,495001,495002,0,0,1,0,1,0,0,0,0,0,0,0,0,0,0,0,0,0,0,0,0,0,0,0,0,0,0,0,0,0,0,0,0,0,0
11,0.0109,0.01090001,0.01090003,0.010901,0.010901,545001,545002,0,0,1,0,1,0,0,0,0,0,0,0,0,0,0,0,0,0,0,0,0,0,0,0,0,0,0,0,0,0,0,0,0,0,0
12,0.0119,0.01190001,0.01190003,0.011901,0.011901,595001,595002,0,0,1,0,1,0,0,0,0,0,0,0,0,0,0,0,0,0,0,0,0,0,0,0,0,0,0,0,0,0,0,0,0,0,0
13,0.0129,0.01290001,0.01290003,0.012901,0.012901,645001,645002,0,0,1,0,1,0,0,0,0,0,0,0,0,0,0,0,0,0,0,0,0,0,0,0,0,0,0,0,0,0,0,0,0,0,0
14,0.0139,0.01390001,0.01390003,0.013901,0.013901,695001,695002,0,0,1,0,1,0,0,0,0,0,0,0,0,0,0,0,0,0,0,0,0,0,0,0,0,0,0,0,0,0,0,0,0,0,0
15,0.0149,0.01490001,0.01490003,0.014901,0.014901,745001,745002,0,0,1,0,1,0,0,0,0,0,0,0,0,0,0,0,0,0,0,0,0,0,0,0,0,0,0,0,0,0,0,0,0,0,0
16,0.0159,0.01590001,0.01590003,0.015901,0.015901,795001,795002,0,0,1,0,1,0,0,0,0,0,0,0,0,0,0,0,0,0,0,0,0,0,0,0,0,0,0,0,0,0,0,0,0,0,0
17,0.0169,0.01690001,0.01690003,0.016901,0.016901,845001,845002,0,0,1,0,1,0,0,0,0,0,0,0,0,0,0,0,0,0,0,0,0,0,0,0,0,0,0,0,0,0,0,0,0,0,0
18,0.0179,0.01790001,0.01790003,0.017901,0.017901,895001,895002,0,0,1,0,1,0,0,0,0,0,0,0,0,0,0,0,0,0,0,0,0,0,0,0,0,0,0,0,0,0,0,0,0,0,0
19,0.0189,0.01890001,0.01890003,0.018901,0.018901,945001,945002,0,0,1,0,1,0,0,0,0,0,0,0,0,0,0,0,0,0,0,0,0,0,0,0,0,0,0,0,0,0,0,0,0,0,0
20,0.0199,0.01990001,0.01990003,0.019901,0.019901,995001,995002,0,0,1,0,1,0,0,0,0,0,0,0,0,0,0,0,0,0,0,0,0,0,0,0,0,0,0,0,0,0,0,0,0,0,0
21,0.0209,0.02090001,0.02090003,0.020901,0.020901,1045001,1045002,0,0,1,0,1,0,0,0,0,0,0,0,0,0,0,0,0,0,0,0,0,0,0,0,0,0,0,0,0,0,0,0,0,0,0
22,0.0219,0.02190001,0.02190003,0.021901,0.021901,1095001,1095002,0,0,1,0,1,0,0,0,0,0,0,0,0,0,0,0,0,0,0,0,0,0,0,0,0,0,0,0,0,0,0,0,0,0,0
23,0.0229,0.02290001,0.02290003,0.022901,0.022901,1145001,1145002,0,0,1,0,1,0,0,0,0,0,0,0,0,0,0,0,0,0,0,0,0,0,0,0,0,0,0,0,0,0,0,0,0,0,0
24,0.0239,0.02390001,0.02390003,0.023901,0.023901,1195001,1195002,0,0,1,0,1,0,0,0,0,0,0,0,0,0,0,0,0,0,0,0,0,0,0,0,0,0,0,0,0,0,0,0,0,0,0
25,0.0249,0.02490001,0.02490003,0.024901,0.024901,1245001,1245002,0,0,1,0,1,0,0,0,0,0,0,0,0,0,0,0,0,0,0,0,0,0,0,0,0,0,0,0,0,0,0,0,0,0,0
26,0.0259,0.02590001,0.02590003,0.025901,0.025901,1295001,1295002,0,0,1,0,1,0,0,0,0,0,0,0,0,0,0,0,0,0,0,0,0,0,0,0,0,0,0,0,0,0,0,0,0,0,0
27,0.0269,0.02690001,0.02690003,0.026901,0.026901,1345001,1345002,0,0,1,0,1,0,0,0,0,0,0,0,0,0,0,0,0,0,0,0,0,0,0,0,0,0,0,0,0,0,0,0,0,0,0
28,0.0279,0.02790001,0.02790003,0.027901,0.027901,1395001,1395002,0,0,1,0,1,0,0,0,0,0,0,0,0,0,0,0,0,0,0,0,0,0,0,0,0,0,0,0,0,0,0,0,0,0,0
29,0.0289,0.02890001,0.02890003,0.028901,0.028901,1445001,1445002,0,0,1,0,1,0,0,0,0,0,0,0,0,0,0,0,0,0,0,0,0,0,0,0,0,0,0,0,0,0,0,0,0,0,0
30,0.0299,0.02990001,0.02990003,0.029901,0.029901,1495001,1495002,0,0,1,0,1,0,0,0,0,0,0,0,0,0,0,0,0,0,0,0,0,0,0,0,0,0,0,0,0,0,0,0,0,0,0
31,0.0309,0.03090001,0.03090003,0.030901,0.030901,1545001,1545002,0,0,1,0,1,0,0,0,0,0,0,0,0,0,0,0,0,0,0,0,0,0,0,0,0,0,0,0,0,0,0,0,0,0,0
32,0.0319,0.03190001,0.03190003,0.031901,0.031901,1595001,1595002,0,0,1,0,1,0,0,0,0,0,0,0,0,0,0,0,0,0,0,0,0,0,0,0,0,0,0,0,0,0,0,0,0,0,0
33,0.0329,0.03290001,0.03290003,0.032901,0.032901,1645001,1645002,0,0,1,0,1,0,0,0,0,0,0,0,0,0,0,0,0,0,0,0,0,0,0,0,0,0,0,0,0,0,0,0,0,0,0
34,0.0339,0.03390001,0.03390003,0.033901,0.033901,1695001,1695002,0,0,1,0,1,0,0,0,0,0,0,0,0,0,0,0,0,0,0,0,0,0,0,0,0,0,0,0,0,0,0,0,0,0,0
35,0.0349,0.03490001,0.03490003,0.034901,0.034901,1745001,1745002,0,0,1,0,1,0,0,0,0,0,0,0,0,0,0,0,0,0,0,0,0,0,0,0,0,0,0,0,0,0,0,0,0,0,0
36,0.0359,0.03590001,0.03590003,0.035901,0.035901,1795001,1795002,0,0,1,0,1,0,0,0,0,0,0,0,0,0,0,0,0,0,0,0,0,0,0,0,0,0,0,0,0,0,0,0,0,0,0
37,0.0369,0.03690001,0.03690003,0.036901,0.036901,1845001,1845002,0,0,1,0,1,0,0,0,0,0,0,0,0,0,0,0,0,0,0,0,0,0,0,0,0,0,0,0,0,0,0,0,0,0,0
38,0.0379,0.03790001,0.03790003,0.037901,0.037901,1895001,1895002,0,0,1,0,1,0,0,0,0,0,0,0,0,0,0,0,0,0,0,0,0,0,0,0,0,0,0,0,0,0,0,0,0,0,0
39,0.0389,0.03890001,0.03890003,0.038901,0.038901,1945001,1945002,0,0,1,0,1,0,0,0,0,0,0,0,0,0,0,0,0,0,0,0,0,0,0,0,0,0,0,0,0,0,0,0,0,0,0
40,0.0399,0.03990001,0.03990003,0.039901,0.039901,1995001,1995002,0,0,1,0,1,0,0,0,0,0,0,0,0,0,0,0,0,0,0,0,0,0,0,0,0,0,0,0,0,0,0,0,0,0,0
41,0.0409,0.04090001,0.04090003,0.040901,0.040901,2045001,2045002,0,0,1,0,1,0,0,0,0,0,0,0,0,0,0,0,0,0,0,0,0,0,0,0,0,0,0,0,0,0,0,0,0,0,0
42,0.0419,0.04190001,0.04190003,0.041901,0.041901,2095001,2095002,0,0,1,0,1,0,0,0,0,0,0,0,0,0,0,0,0,0,0,0,0,0,0,0,0,0,0,0,0,0,0,0,0,0,0
43,0.0429,0.04290001,0.04290003,0.042901,0.042901,2145001,2145002,0,0,1,0,1,0,0,0,0,0,0,0,0,0,0,0,0,0,0,0,0,0,0,0,0,0,0,0,0,0,0,0,0,0,0
44,0.0439,0.04390001,0.04390003,0.043901,0.043901,2195001,2195002,0,0,1,0,1,0,0,0,0,0,0,0,0,0,0,0,0,0,0,0,0,0,0,0,0,0,0,0,0,0,0,0,0,0,0
45,0.0449,0.04490001,0.04490003,0.044901,0.044901,2245001,2245002,0,0,1,0,1,0,0,0,0,0,0,0,0,0,0,0,0,0,0,0,0,0,0,0,0,0,0,0,0,0,0,0,0,0,0
46,0.0459,0.04590001,0.04590003,0.045901,0.045901,2295001,2295002,0,0,1,0,1,0,0,0,0,0,0,0,0,0,0,0,0,0,0,0,0,0,0,0,0,0,0,0,0,0,0,0,0,0,0
47,0.0469,0.04690001,0.04690003,0.046901,0.046901,2345001,2345002,0,0,1,0,1,0,0,0,0,0,0,0,0,0,0,0,0,0,0,0,0,0,0,0,0,0,0,0,0,0,0,0,0,0,0
48,0.0479,0.04790001,0.04790003,0.047901,0.047901,2395001,2395002,0,0,1,0,1,0,0,0,0,0,0,0,0,0,0,0,0,0,0,0,0,0,0,0,0,0,0,0,0,0,0,0,0,0,0
49,0.0489,0.04890001,0.04890003,0.048901,0.048901,2445001,2445002,0,0,1,0,1,0,0,0,0,0,0,0,0,0,0,0,0,0,0,0,0,0,0,0,0,0,0,0,0,0,0,0,0,0,0
50,0.0499,0.04990001,0.04990003,0.049901,0.049901,2495001,2495002,0,0,1,0,1,0,0,0,0,0,0,0,0,0,0,0,0,0,0,0,0,0,0,0,0,0,0,0,0,0,0,0,0,0,0
51,0.0509,0.05090001,0.05090003,0.050901,0.050901,2545001,2545002,0,0,1,0,1,0,0,0,0,0,0,0,0,0,0,0,0,0,0,0,0,0,0,0,0,0,0,0,0,0,0,0,0,0,0
52,0.0519,0.05190001,0.05190003,0.051901,0.051901,2595001,2595002,0,0,1,0,1,0,0,0,0,0,0,0,0,0,0,0,0,0,0,0,0,0,0,0,0,0,0,0,0,0,0,0,0,0,0
53,0.0529,0.05290001,0.05290003,0.052901,0.052901,2645001,2645002,0,0,1,0,1,0,0,0,0,0,0,0,0,0,0,0,0,0,0,0,0,0,0,0,0,0,0,0,0,0,0,0,0,0,0
54,0.0539,0.05390001,0.05390003,0.053901,0.053901,2695001,2695002,0,0,1,0,1,0,0,0,0,0,0,0,0,0,0,0,0,0,0,0,0,0,0,0,0,0,0,0,0,0,0,0,0,0,0
55,0.0549,0.05490001,0.05490003,0.054901,0.054901,2745001,2745002,0,0,1,0,1,0,0,0,0,0,0,0,0,0,0,0,0,0,0,0,0,0,0,0,0,0,0,0,0,0,0,0,0,0,0
56,0.0559,0.05590001,0.05590003,0.055901,0.055901,2795001,2795002,0,0,1,0,1,0,0,0,0,0,0,0,0,0,0,0,0,0,0,0,0,0,0,0,0,0,0,0,0,0,0,0,0,0,0
57,0.0569,0.05690001,0.05690003,0.056901,0.056901,2845001,2845002,0,0,1,0,1,0,0,0,0,0,0,0,0,0,0,0,0,0,0,0,0,0,0,0,0,0,0,0,0,0,0,0,0,0,0
58,0.0579,0.05790001,0.05790003,0.057901,0.057901,2895001,2895002,0,0,1,0,1,0,0,0,0,0,0,0,0,0,0,0,0,0,0,0,0,0,0,0,0,0,0,0,0,0,0,0,0,0,0
59,0.0589,0.05890001,0.05890003,0.058901,0.058901,2945001,2945002,0,0,1,0,1,0,0,0,0,0,0,0,0,0,0,0,0,0,0,0,0,0,0,0,0,0,0,0,0,0,0,0,0,0,0
60,0.0599,0.05990001,0.05990003,0.059901,0.059901,2995001,2995002,0,0,1,0,1,0,0,0,0,0,0,0,0,0,0,0,0,0,0,0,0,0,0,0,0,0,0,0,0,0,0,0,0,0,0
61,0.0609,0.06090001,0.06090003,0.060901,0.060901,3045001,3045002,0,0,1,0,1,0,0,0,0,0,0,0,0,0,0,0,0,0,0,0,0,0,0,0,0,0,0,0,0,0,0,0,0,0,0
62,0.0619,0.06190001,0.06190003,0.061901,0.061901,3095001,3095002,0,0,1,0,1,0,0,0,0,0,0,0,0,0,0,0,0,0,0,0,0,0,0,0,0,0,0,0,0,0,0,0,0,0,0
63,0.0629,0.06290001,0.06290003,0.062901,0.062901,3145001,3145002,0,0,1,0,1,0,0,0,0,0,0,0,0,0,0,0,0,0,0,0,0,0,0,0,0,0,0,0,0,0,0,0,0,0,0
64,0.0639,0.06390001,0.06390003,0.063901,0.063901,3195001,3195002,0,0,1,0,1,0,0,0,0,0,0,0,0,0,0,0,0,0,0,0,0,0,0,0,0,0,0,0,0,0,0,0,0,0,0
65,0.0649,0.06490001,0.06490003,0.064901,0.064901,3245001,3245002,0,0,1,0,1,0,0,0,0,0,0,0,0,0,0,0,0,0,0,0,0,0,0,0,0,0,0,0,0,0,0,0,0,0,0
66,0.0659,0.06590001,0.06590003,0.065901,0.065901,3295001,3295002,0,0,1,0,1,0,0,0,0,0,0,0,0,0,0,0,0,0,0,0,0,0,0,0,0,0,0,0,0,0,0,0,0,0,0
67,0.0669,0.06690001,0.06690003,0.066901,0.066901,3345001,3345002,0,0,1,0,1,0,0,0,0,0,0,0,0,0,0,0,0,0,0,0,0,0,0,0,0,0,0,0,0,0,0,0,0,0,0
68,0.0679,0.06790001,0.06790003,0.067901,0.067901,3395001,3395002,0,0,1,0,1,0,0,0,0,0,0,0,0,0,0,0,0,0,0,0,0,0,0,0,0,0,0,0,0,0,0,0,0,0,0
69,0.0689,0.06890001,0.06890003,0.068901,0.068901,3445001,3445002,0,0,1,0,1,0,0,0,0,0,0,0,0,0,0,0,0,0,0,0,0,0,0,0,0,0,0,0,0,0,0,0,0,0,0
70,0.0699,0.06990001,0.06990003,0.069901,0.069901,3495001,3495002,0,0,1,0,1,0,0,0,0,0,0,0,0,0,0,0,0,0,0,0,0,0,0,0,0,0,0,0,0,0,0,0,0,0,0
71,0.0709,0.07090001,0.07090003,0.070901,0.070901,3545001,3545002,0,0,1,0,1,0,0,0,0,0,0,0,0,0,0,0,0,0,0,0,0,0,0,0,0,0,0,0,0,0,0,0,0,0,0
72,0.0719,0.07190001,0.07190003,0.071901,0.071901,3595001,3595002,0,0,1,0,1,0,0,0,0,0,0,0,0,0,0,0,0,0,0,0,0,0,0,0,0,0,0,0,0,0,0,0,0,0,0
73,0.0729,0.07290001,0.07290003,0.072901,0.072901,3645001,3645002,0,0,1,0,1,0,0,0,0,0,0,0,0,0,0,0,0,0,0,0,0,0,0,0,0,0,0,0,0,0,0,0,0,0,0
74,0.0739,0.07390001,0.07390003,0.073901,0.073901,3695001,3695002,0,0,1,0,1,0,0,0,0,0,0,0,0,0,0,0,0,0,0,0,0,0,0,0,0,0,0,0,0,0,0,0,0,0,0
75,0.0749,0.07490001,0.07490003,0.074901,0.074901,3745001,3745002,0,0,1,0,1,0,0,0,0,0,0,0,0,0,0,0,0,0,0,0,0,0,0,0,0,0,0,0,0,0,0,0,0,0,0
76,0.0759,0.07590001,0.07590003,0.075901,0.075901,3795001,3795002,0,0,1,0,1,0,0,0,0,0,0,0,0,0,0,0,0,0,0,0,0,0,0,0,0,0,0,0,0,0,0,0,0,0,0
77,0.0769,0.07690001,0.07690003,0.076901,0.076901,3845001,3845002,0,0,1,0,1,0,0,0,0,0,0,0,0,0,0,0,0,0,0,0,0,0,0,0,0,0,0,0,0,0,0,0,0,0,0
78,0.0779,0.07790001,0.07790003,0.077901,0.077901,3895001,3895002,0,0,1,0,1,0,0,0,0,0,0,0,0,0,0,0,0,0,0,0,0,0,0,0,0,0,0,0,0,0,0,0,0,0,0
79,0.0789,0.07890001,0.07890003,0.078901,0.078901,3945001,3945002,0,0,1,0,1,0,0,0,0,0,0,0,0,0,0,0,0,0,0,0,0,0,0,0,0,0,0,0,0,0,0,0,0,0,0
80,0.0799,0.07990001,0.07990003,0.079901,0.079901,3995001,3995002,0,0,1,0,1,0,0,0,0,0,0,0,0,0,0,0,0,0,0,0,0,0,0,0,0,0,0,0,0,0,0,0,0,0,0
81,0.0809,0.08090001,0.08090003,0.080901,0.080901,4045001,4045002,0,0,1,0,1,0,0,0,0,0,0,0,0,0,0,0,0,0,0,0,0,0,0,0,0,0,0,0,0,0,0,0,0,0,0
82,0.0819,0.08190001,0.08190003,0.081901,0.081901,4095001,4095002,0,0,1,0,1,0,0,0,0,0,0,0,0,0,0,0,0,0,0,0,0,0,0,0,0,0,0,0,0,0,0,0,0,0,0
83,0.0829,0.08290001,0.08290003,0.082901,0.082901,4145001,4145002,0,0,1,0,1,0,0,0,0,0,0,0,0,0,0,0,0,0,0,0,0,0,0,0,0,0,0,0,0,0,0,0,0,0,0
84,0.0839,0.08390001,0.08390003,0.083901,0.083901,4195001,4195002,0,0,1,0,1,0,0,0,0,0,0,0,0,0,0,0,0,0,0,0,0,0,0,0,0,0,0,0,0,0,0,0,0,0,0
85,0.0849,0.08490001,0.08490003,0.084901,0.084901,4245001,4245002,0,0,1,0,1,0,0,0,0,0,0,0,0,0,0,0,0,0,0,0,0,0,0,0,0,0,0,0,0,0,0,0,0,0,0
86,0.0859,0.08590001,0.08590003,0.085901,0.085901,4295001,4295002,0,0,1,0,1,0,0,0,0,0,0,0,0,0,0,0,0,0,0,0,0,0,0,0,0,0,0,0,0,0,0,0,0,0,0
87,0.0869,0.08690001,0.08690003,0.086901,0.086901,4345001,4345002,0,0,1,0,1,0,0,0,0,0,0,0,0,0,0,0,0,0,0,0,0,0,0,0,0,0,0,0,0,0,0,0,0,0,0
88,0.0879,0.08790001,0.08790003,0.087901,0.087901,4395001,4395002,0,0,1,0,1,0,0,0,0,0,0,0,0,0,0,0,0,0,0,0,0,0,0,0,0,0,0,0,0,0,0,0,0,0,0
89,0.0889,0.08890001,0.08890003,0.088901,0.088901,4445001,4445002,0,0,1,0,1,0,0,0,0,0,0,0,0,0,0,0,0,0,0,0,0,0,0,0,0,0,0,0,0,0,0,0,0,0,0
90,0.0899,0.08990001,0.08990003,0.089901,0.089901,4495001,4495002,0,0,1,0,1,0,0,0,0,0,0,0,0,0,0,0,0,0,0,0,0,0,0,0,0,0,0,0,0,0,0,0,0,0,0
91,0.0909,0.09090001,0.09090003,0.090901,0.090901,4545001,4545002,0,0,1,0,1,0,0,0,0,0,0,0,0,0,0,0,0,0,0,0,0,0,0,0,0,0,0,0,0,0,0,0,0,0,0
92,0.0919,0.09190001,0.09190003,0.091901,0.091901,4595001,4595002,0,0,1,0,1,0,0,0,0,0,0,0,0,0,0,0,0,0,0,0,0,0,0,0,0,0,0,0,0,0,0,0,0,0,0
93,0.0929,0.09290001,0.09290003,0.092901,0.092901,4645001,4645002,0,0,1,0,1,0,0,0,0,0,0,0,0,0,0,0,0,0,0,0,0,0,0,0,0,0,0,0,0,0,0,0,0,0,0
94,0.0939,0.09390001,0.09390003,0.093901,0.093901,4695001,4695002,0,0,1,0,1,0,0,0,0,0,0,0,0,0,0,0,0,0,0,0,0,0,0,0,0,0,0,0,0,0,0,0,0,0,0
95,0.0949,0.09490001,0.09490003,0.094901,0.094901,4745001,4745002,0,0,1,0,1,0,0,0,0,0,0,0,0,0,0,0,0,0,0,0,0,0,0,0,0,0,0,0,0,0,0,0,0,0,0
96,0.0959,0.09590001,0.09590003,0.095901,0.095901,4795001,4795002,0,0,1,0,1,0,0,0,0,0,0,0,0,0,0,0,0,0,0,0,0,0,0,0,0,0,0,0,0,0,0,0,0,0,0
97,0.0969,0.09690001,0.09690003,0.096901,0.096901,4845001,4845002,0,0,1,0,1,0,0,0,0,0,0,0,0,0,0,0,0,0,0,0,0,0,0,0,0,0,0,0,0,0,0,0,0,0,0
98,0.0979,0.09790001,0.09790003,0.097901,0.097901,4895001,4895002,0,0,1,0,1,0,0,0,0,0,0,0,0,0,0,0,0,0,0,0,0,0,0,0,0,0,0,0,0,0,0,0,0,0,0
99,0.0989,0.09890001,0.09890003,0.098901,0.098901,4945001,4945002,0,0,1,0,1,0,0,0,0,0,0,0,0,0,0,0,0,0,0,0,0,0,0,0,0,0,0,0,0,0,0,0,0,0,0
100,0.0999,0.09990001,0.09990003,0.099901,0.099901,4995001,4995002,0,0,1,0,1,0,0,0,0,0,0,0,0,0,0,0,0,0,0,0,0,0,0,0,0,0,0,0,0,0,0,0,0,0,0
101,0.1009,0.10090001,0.10090003,0.100901,0.100901,5045001,5045002,0,0,1,0,1,0,0,0,0,0,0,0,0,0,0,0,0,0,0,0,0,0,0,0,0,0,0,0,0,0,0,0,0,0,0
102,0.1019,0.10190001,0.10190003,0.101901,0.101901,5095001,5095002,0,0,1,0,1,0,0,0,0,0,0,0,0,0,0,0,0,0,0,0,0,0,0,0,0,0,0,0,0,0,0,0,0,0,0
103,0.1029,0.10290001,0.10290003,0.102901,0.102901,5145001,5145002,0,0,1,0,1,0,0,0,0,0,0,0,0,0,0,0,0,0,0,0,0,0,0,0,0,0,0,0,0,0,0,0,0,0,0
104,0.1039,0.10390001,0.10390003,0.103901,0.103901,5195001,5195002,0,0,1,0,1,0,0,0,0,0,0,0,0,0,0,0,0,0,0,0,0,0,0,0,0,0,0,0,0,0,0,0,0,0,0
105,0.1049,0.10490001,0.10490003,0.104901,0.104901,5245001,5245002,0,0,1,0,1,0,0,0,0,0,0,0,0,0,0,0,0,0,0,0,0,0,0,0,0,0,0,0,0,0,0,0,0,0,0
106,0.1059,0.10590001,0.10590003,0.105901,0.105901,5295001,5295002,0,0,1,0,1,0,0,0,0,0,0,0,0,0,0,0,0,0,0,0,0,0,0,0,0,0,0,0,0,0,0,0,0,0,0
107,0.1069,0.10690001,0.10690003,0.106901,0.106901,5345001,5345002,0,0,1,0,1,0,0,0,0,0,0,0,0,0,0,0,0,0,0,0,0,0,0,0,0,0,0,0,0,0,0,0,0,0,0
108,0.1079,0.10790001,0.10790003,0.107901,0.107901,5395001,5395002,0,0,1,0,1,0,0,0,0,0,0,0,0,0,0,0,0,0,0,0,0,0,0,0,0,0,0,0,0,0,0,0,0,0,0
109,0.1089,0.10890001,0.10890003,0.108901,0.108901,5445001,5445002,0,0,1,0,1,0,0,0,0,0,0,0,0,0,0,0,0,0,0,0,0,0,0,0,0,0,0,0,0,0,0,0,0,0,0
110,0.1099,0.10990001,0.10990003,0.109901,0.109901,5495001,5495002,0,0,1,0,1,0,0,0,0,0,0,0,0,0,0,0,0,0,0,0,0,0,0,0,0,0,0,0,0,0,0,0,0,0,0
111,0.1109,0.11090001,0.11090003,0.110901,0.110901,5545001,5545002,0,0,1,0,1,0,0,0,0,0,0,0,0,0,0,0,0,0,0,0,0,0,0,0,0,0,0,0,0,0,0,0,0,0,0
112,0.1119,0.11190001,0.11190003,0.111901,0.111901,5595001,5595002,0,0,1,0,1,0,0,0,0,0,0,0,0,0,0,0,0,0,0,0,0,0,0,0,0,0,0,0,0,0,0,0,0,0,0
113,0.1129,0.11290001,0.11290003,0.112901,0.112901,5645001,5645002,0,0,1,0,1,0,0,0,0,0,0,0,0,0,0,0,0,0,0,0,0,0,0,0,0,0,0,0,0,0,0,0,0,0,0
114,0.1139,0.11390001,0.11390003,0.113901,0.113901,5695001,5695002,0,0,1,0,1,0,0,0,0,0,0,0,0,0,0,0,0,0,0,0,0,0,0,0,0,0,0,0,0,0,0,0,0,0,0
115,0.1149,0.11490001,0.11490003,0.114901,0.114901,5745001,5745002,0,0,1,0,1,0,0,0,0,0,0,0,0,0,0,0,0,0,0,0,0,0,0,0,0,0,0,0,0,0,0,0,0,0,0
116,0.1159,0.11590001,0.11590003,0.115901,0.115901,5795001,5795002,0,0,1,0,1,0,0,0,0,0,0,0,0,0,0,0,0,0,0,0,0,0,0,0,0,0,0,0,0,0,0,0,0,0,0
117,0.1169,0.11690001,0.11690003,0.116901,0.116901,5845001,5845002,0,0,1,0,1,0,0,0,0,0,0,0,0,0,0,0,0,0,0,0,0,0,0,0,0,0,0,0,0,0,0,0,0,0,0
118,0.1179,0.11790001,0.11790003,0.117901,0.117901,5895001,5895002,0,0,1,0,1,0,0,0,0,0,0,0,0,0,0,0,0,0,0,0,0,0,0,0,0,0,0,0,0,0,0,0,0,0,0
119,0.1189,0.11890001,0.11890003,0.118901,0.118901,5945001,5945002,0,0,1,0,1,0,0,0,0,0,0,0,0,0,0,0,0,0,0,0,0,0,0,0,0,0,0,0,0,0,0,0,0,0,0
120,0.1199,0.11990001,0.11990003,0.119901,0.119901,5995001,5995002,5243,0,1,0,1,0,0,3,96819,0,0,7745,0,0,0,0,96819,5243,96819,7745,0,3,96819,0,0,7745,0,0,0,0,96819,5243,96819,7745,0
121,0.1209,0.12090001,0.12090003,0.120901,0.120901,6045001,6045002,57672,0,1,0,1,0,0,33,1072732,7745,0,92944,0,0,0,0,1072732,57672,1064987,85199,0,33,1072732,7745,0,92944,0,0,0,0,1072732,57672,1064987,85199,0
122,0.1219,0.12190001,0.12190003,0.121901,0.121901,6095001,6095002,110100,12439,1,0,1,0,0,58,1896379,92944,0,237219,0,0,0,0,1896379,97661,1803435,144275,0,58,1896379,92944,0,237219,0,0,0,0,1896379,97661,1803435,144275,0
123,0.1229,0.12290001,0.12290003,0.122901,0.122901,6145001,6145002,162529,49741,1,0,1,0,0,71,2319994,237219,0,403841,0,0,0,0,2319994,112788,2082775,166622,0,71,2319994,237219,0,403841,0,0,0,0,2319994,112788,2082775,166622,0
124,0.1239,0.12390001,0.12390003,0.123901,0.123901,6195001,6195002,173821,103181,1,0,1,0,0,52,1708299,403841,0,508198,0,0,0,0,1708299,70640,1304458,104357,0,52,1708299,403841,0,508198,0,0,0,0,1708299,70640,1304458,104357,0
125,0.1249,0.12490001,0.12490003,0.124901,0.124901,6245001,6245002,173821,151714,1,0,1,0,0,28,916432,508198,0,540857,0,0,0,0,916432,22107,408234,32659,0,28,916432,508198,0,540857,0,0,0,0,916432,22107,408234,32659,0
126,0.1259,0.12590001,0.12590003,0.125901,0.125901,6295001,6295002,173821,178369,1,0,1,0,0,14,456872,540857,0,534138,0,0,0,0,456872,-4548,-83985,-6719,0,14,456872,540857,0,534138,0,0,0,0,456872,-4548,-83985,-6719,0
127,0.1269,0.12690001,0.12690003,0.126901,0.126901,6345001,6345002,173821,189430,1,0,1,0,0,8,245898,534138,0,511079,0,0,0,0,245898,-15609,-288240,-23059,0,8,245898,534138,0,511079,0,0,0,0,245898,-15609,-288240,-23059,0
128,0.1279,0.12790001,0.12790003,0.127901,0.127901,6395001,6395002,173821,194396,1,0,1,0,0,4,131135,511079,0,480684,0,0,0,0,131135,-20575,-379944,-30395,0,4,131135,511079,0,480684,0,0,0,0,131135,-20575,-379944,-30395,0
129,0.1289,0.12890001,0.12890003,0.128901,0.128901,6445001,6445002,173821,200429,1,0,1,0,0,0,-10667,480684,0,441376,0,0,0,0,-10667,-26608,-491351,-39308,0,0,-10667,480684,0,441376,0,0,0,0,-10667,-26608,-491351,-39308,0
130,0.1299,0.12990001,0.12990003,0.129901,0.129901,6495001,6495002,179064,202243,1,0,1,0,0,0,13346,441376,0,407134,0,0,0,0,13346,-23179,-428030,-34242,0,0,13346,441376,0,407134,0,0,0,0,13346,-23179,-428030,-34242,0
131,0.1309,0.13090001,0.13090003,0.130901,0.130901,6545001,6545002,231493,201322,1,0,1,0,0,29,964280,407134,0,451706,0,0,0,0,964280,30171,557146,44572,0,29,964280,407134,0,451706,0,0,0,0,964280,30171,557146,44572,0
132,0.1319,0.13190001,0.13190003,0.131901,0.131901,6595001,6595002,283922,217053,1,0,1,0,0,51,1686528,451706,0,550492,0,0,0,0,1686528,66869,1234822,98786,0,51,1686528,451706,0,550492,0,0,0,0,1686528,66869,1234822,98786,0
133,0.1329,0.13290001,0.13290003,0.132901,0.132901,6645001,6645002,336350,256329,1,0,1,0,0,62,2028182,550492,0,668707,0,0,0,0,2028182,80021,1477690,118215,0,62,2028182,550492,0,668707,0,0,0,0,2028182,80021,1477690,118215,0
134,0.1339,0.13390001,0.13390003,0.133901,0.133901,6695001,6695002,388779,308023,1,0,1,0,0,66,2159970,668707,0,788008,0,0,0,0,2159970,80756,1491263,119301,0,66,2159970,668707,0,788008,0,0,0,0,2159970,80756,1491263,119301,0
135,0.1349,0.13490001,0.13490003,0.134901,0.134901,6745001,6745002,441208,357164,1,0,1,0,0,71,2339988,788008,0,912166,0,0,0,0,2339988,84044,1551980,124158,0,71,2339988,788008,0,912166,0,0,0,0,2339988,84044,1551980,124158,0
136,0.1359,0.13590001,0.13590003,0.135901,0.135901,6795001,6795002,493637,412498,1,0,1,0,0,74,2410501,912166,0,1032033,0,0,0,0,2410501,81139,1498335,119867,0,74,2410501,912166,0,1032033,0,0,0,0,2410501,81139,1498335,119867,0
137,0.1369,0.13690001,0.13690003,0.136901,0.136901,6845001,6845002,513220,470288,1,0,1,0,0,56,1824827,1032033,0,1095457,0,0,0,0,1824827,42932,792794,63424,0,56,1824827,1032033,0,1095457,0,0,0,0,1824827,42932,792794,63424,0
138,0.1379,0.13790001,0.13790003,0.137901,0.137901,6895001,6895002,513220,518402,1,0,1,0,0,31,999765,1095457,0,1087802,0,0,0,0,999765,-5182,-95692,-7655,0,31,999765,1095457,0,1087802,0,0,0,0,999765,-5182,-95692,-7655,0
139,0.1389,0.13890001,0.13890003,0.138901,0.138901,6945001,6945002,513220,546461,1,0,1,0,0,14,473964,1087802,0,1038695,0,0,0,0,473964,-33241,-613838,-49107,0,14,473964,1087802,0,1038695,0,0,0,0,473964,-33241,-613838,-49107,0
140,0.1399,0.13990001,0.13990003,0.139901,0.139901,6995001,6995002,518463,561274,1,0,1,0,0,8,248135,1038695,0,975450,0,0,0,0,248135,-42811,-790560,-63245,0,8,248135,1038695,0,975450,0,0,0,0,248135,-42811,-790560,-63245,0
141,0.1409,0.14090001,0.14090003,0.140901,0.140901,7045001,7045002,570892,568118,1,0,1,0,0,31,1026675,975450,0,979548,0,0,0,0,1026675,2774,51225,4098,0,31,1026675,975450,0,979548,0,0,0,0,1026675,2774,51225,4098,0
142,0.1419,0.14190001,0.14190003,0.141901,0.141901,7095001,7095002,623321,588917,1,0,1,0,0,49,1614862,979548,0,1030373,0,0,0,0,1614862,34404,635314,50825,0,49,1614862,979548,0,1030373,0,0,0,0,1614862,34404,635314,50825,0
143,0.1429,0.14290001,0.14290003,0.142901,0.142901,7145001,7145002,675749,623580,1,0,1,0,0,61,1993740,1030373,0,1107442,0,0,0,0,1993740,52169,963367,77069,0,61,1993740,1030373,0,1107442,0,0,0,0,1993740,52169,963367,77069,0
144,0.1439,0.14390001,0.14390003,0.143901,0.143901,7195001,7195002,728178,670548,1,0,1,0,0,66,2171654,1107442,0,1192579,0,0,0,0,2171654,57630,1064212,85137,0,66,2171654,1107442,0,1192579,0,0,0,0,2171654,57630,1064212,85137,0
145,0.1449,0.14490001,0.14490003,0.144901,0.144901,7245001,7245002,780607,723966,1,0,1,0,0,68,2238527,1192579,0,1276255,0,0,0,0,2238527,56641,1045948,83676,0,68,2238527,1192579,0,1276255,0,0,0,0,2238527,56641,1045948,83676,0
146,0.1459,0.14590001,0.14590003,0.145901,0.145901,7295001,7295002,833036,775777,1,0,1,0,0,71,2333616,1276255,0,1360844,0,0,0,0,2333616,57259,1057361,84589,0,71,2333616,1276255,0,1360844,0,0,0,0,2333616,57259,1057361,84589,0
147,0.1469,0.14690001,0.14690003,0.146901,0.146901,7345001,7345002,885465,832448,1,0,1,0,0,71,2339871,1360844,0,1439166,0,0,0,0,2339871,53017,979027,78322,0,71,2339871,1360844,0,1439166,0,0,0,0,2339871,53017,979027,78322,0
148,0.1479,0.14790001,0.14790003,0.147901,0.147901,7395001,7395002,907995,889992,1,0,1,0,0,54,1771614,1439166,0,1465762,0,0,0,0,1771614,18003,332448,26596,0,54,1771614,1439166,0,1465762,0,0,0,0,1771614,18003,332448,26596,0
149,0.1489,0.14890001,0.14890003,0.148901,0.148901,7445001,7445002,907995,935444,1,0,1,0,0,29,958881,1465762,0,1425212,0,0,0,0,958881,-27449,-506881,-40550,0,29,958881,1465762,0,1425212,0,0,0,0,958881,-27449,-506881,-40550,0
150,0.1499,0.14990001,0.14990003,0.149901,0.149901,7495001,7495002,913238,961108,1,0,1,0,0,17,541231,1425212,0,1354494,0,0,0,0,541231,-47870,-883981,-70718,0,17,541231,1425212,0,1354494,0,0,0,0,541231,-47870,-883981,-70718,0
151,0.1509,0.15090001,0.15090003,0.150901,0.150901,7545001,7545002,965667,978412,1,0,1,0,0,34,1119141,1354494,0,1335666,0,0,0,0,1119141,-12745,-235353,-18828,0,34,1119141,1354494,0,1335666,0,0,0,0,1119141,-12745,-235353,-18828,0
152,0.1519,0.15190001,0.15190003,0.151901,0.151901,7595001,7595002,1018096,1000332,1,0,1,0,0,51,1663701,1335666,0,1361909,0,0,0,0,1663701,17764,328035,26243,0,51,1663701,1335666,0,1361909,0,0,0,0,1663701,17764,328035,26243,0
153,0.1529,0.15290001,0.15290003,0.152901,0.152901,7645001,7645002,1070524,1038226,1,0,1,0,0,60,1958333,1361909,0,1409623,0,0,0,0,1958333,32298,596424,47714,0,60,1958333,1361909,0,1409623,0,0,0,0,1958333,32298,596424,47714,0
154,0.1539,0.15390001,0.15390003,0.153901,0.153901,7695001,7695002,1122953,1084041,1,0,1,0,0,65,2128183,1409623,0,1467108,0,0,0,0,2128183,38912,718560,57485,0,65,2128183,1409623,0,1467108,0,0,0,0,2128183,38912,718560,57485,0
155,0.1549,0.15490001,0.15490003,0.154901,0.154901,7745001,7745002,1175382,1137296,1,0,1,0,0,66,2170415,1467108,0,1523373,0,0,0,0,2170415,38086,703307,56265,0,66,2170415,1467108,0,1523373,0,0,0,0,2170415,38086,703307,56265,0
156,0.1559,0.15590001,0.15590003,0.155901,0.155901,7795001,7795002,1227811,1186442,1,0,1,0,0,70,2287304,1523373,0,1584488,0,0,0,0,2287304,41369,763931,61115,0,70,2287304,1523373,0,1584488,0,0,0,0,2287304,41369,763931,61115,0
157,0.1569,0.15690001,0.15690003,0.156901,0.156901,7845001,7845002,1280240,1242172,1,0,1,0,0,70,2287462,1584488,0,1640726,0,0,0,0,2287462,38068,702974,56238,0,70,2287462,1584488,0,1640726,0,0,0,0,2287462,38068,702974,56238,0
158,0.1579,0.15790001,0.15790003,0.157901,0.157901,7895001,7895002,1332668,1293403,1,0,1,0,0,72,2365804,1640726,0,1698732,0,0,0,0,2365804,39265,725078,58006,0,72,2365804,1640726,0,1698732,0,0,0,0,2365804,39265,725078,58006,0
159,0.1589,0.15890001,0.15890003,0.158901,0.158901,7945001,7945002,1335718,1337787,1,0,1,0,0,51,1660525,1698732,0,1695675,0,0,0,0,1660525,-2069,-38207,-3057,0,51,1660525,1698732,0,1695675,0,0,0,0,1660525,-2069,-38207,-3057,0
160,0.1599,0.15990001,0.15990003,0.159901,0.159901,7995001,7995002,1340961,1375480,1,0,1,0,0,32,1058238,1695675,0,1644680,0,0,0,0,1058238,-34519,-637437,-50995,0,32,1058238,1695675,0,1644680,0,0,0,0,1058238,-34519,-637437,-50995,0
161,0.1609,0.16090001,0.16090003,0.160901,0.160901,8045001,8045002,1393390,1407266,1,0,1,0,0,42,1388442,1644680,0,1624181,0,0,0,0,1388442,-13876,-256238,-20499,0,42,1388442,1644680,0,1624181,0,0,0,0,1388442,-13876,-256238,-20499,0
162,0.1619,0.16190001,0.16190003,0.161901,0.161901,8095001,8095002,1445818,1434004,1,0,1,0,0,56,1842342,1624181,0,1641634,0,0,0,0,1842342,11814,218161,17453,0,56,1842342,1624181,0,1641634,0,0,0,0,1842342,11814,218161,17453,0
163,0.1629,0.16290001,0.16290003,0.162901,0.162901,8145001,8145002,1498247,1471458,1,0,1,0,0,65,2136327,1641634,0,1681209,0,0,0,0,2136327,26789,494693,39575,0,65,2136327,1641634,0,1681209,0,0,0,0,2136327,26789,494693,39575,0
164,0.1639,0.16390001,0.16390003,0.163901,0.163901,8195001,8195002,1550676,1522682,1,0,1,0,0,67,2198154,1681209,0,1722565,0,0,0,0,2198154,27994,516945,41356,0,67,2198154,1681209,0,1722565,0,0,0,0,2198154,27994,516945,41356,0
165,0.1649,0.16490001,0.16490003,0.164901,0.164901,8245001,8245002,1603105,1573802,1,0,1,0,0,69,2263682,1722565,0,1765854,0,0,0,0,2263682,29303,541117,43289,0,69,2263682,1722565,0,1765854,0,0,0,0,2263682,29303,541117,43289,0
166,0.1659,0.16590001,0.16590003,0.165901,0.165901,8295001,8295002,1655534,1630668,1,0,1,0,0,68,2225036,1765854,0,1802589,0,0,0,0,2225036,24866,459182,36735,0,68,2225036,1765854,0,1802589,0,0,0,0,2225036,24866,459182,36735,0
167,0.1669,0.16690001,0.16690003,0.166901,0.166901,8345001,8345002,1707962,1683236,1,0,1,0,0,69,2259186,1802589,0,1839117,0,0,0,0,2259186,24726,456597,36528,0,69,2259186,1802589,0,1839117,0,0,0,0,2259186,24726,456597,36528,0
168,0.1679,0.16790001,0.16790003,0.167901,0.167901,8395001,8395002,1760391,1742383,1,0,1,0,0,66,2171658,1839117,0,1865720,0,0,0,0,2171658,18008,332541,26603,0,66,2171658,1839117,0,1865720,0,0,0,0,2171658,18008,332541,26603,0
169,0.1689,0.16890001,0.16890003,0.168901,0.168901,8445001,8445002,1787435,1795601,1,0,1,0,0,52,1714924,1865720,0,1853656,0,0,0,0,1714924,-8166,-150796,-12064,0,52,1714924,1865720,0,1853656,0,0,0,0,1714924,-8166,-150796,-12064,0
170,0.1699,0.16990001,0.16990003,0.169901,0.169901,8495001,8495002,1792677,1838448,1,0,1,0,0,31,1008436,1853656,0,1786038,0,0,0,0,1008436,-45771,-845220,-67618,0,31,1008436,1853656,0,1786038,0,0,0,0,1008436,-45771,-845220,-67618,0
171,0.1709,0.17090001,0.17090003,0.170901,0.170901,8545001,8545002,1845106,1863446,1,0,1,0,0,44,1447366,1786038,0,1758944,0,0,0,0,1447366,-18340,-338672,-27094,0,44,1447366,1786038,0,1758944,0,0,0,0,1447366,-18340,-338672,-27094,0
172,0.1719,0.17190001,0.17190003,0.171901,0.171901,8595001,8595002,1897535,1898298,1,0,1,0,0,53,1744854,1758944,0,1757817,0,0,0,0,1744854,-763,-14090,-1127,0,53,1744854,1758944,0,1757817,0,0,0,0,1744854,-763,-14090,-1127,0
173,0.1729,0.17290001,0.17290003,0.172901,0.172901,8645001,8645002,1949964,1938538,1,0,1,0,0,60,1968813,1757817,0,1774697,0,0,0,0,1968813,11426,210996,16880,0,60,1968813,1757817,0,1774697,0,0,0,0,1968813,11426,210996,16880,0
174,0.1739,0.17390001,0.17390003,0.173901,0.173901,8695001,8695002,2002393,1986232,1,0,1,0,0,63,2073131,1774697,0,1798572,0,0,0,0,2073131,16161,298434,23875,0,63,2073131,1774697,0,1798572,0,0,0,0,2073131,16161,298434,23875,0
175,0.1749,0.17490001,0.17490003,0.174901,0.174901,8745001,8745002,2054821,2035120,1,0,1,0,0,66,2162376,1798572,0,1827676,0,0,0,0,2162376,19701,363804,29104,0,66,2162376,1798572,0,1827676,0,0,0,0,2162376,19701,363804,29104,0
176,0.1759,0.17590001,0.17590003,0.175901,0.175901,8795001,8795002,2107250,2085897,1,0,1,0,0,68,2221986,1827676,0,1859221,0,0,0,0,2221986,21353,394310,31545,0,68,2221986,1827676,0,1859221,0,0,0,0,2221986,21353,394310,31545,0
177,0.1769,0.17690001,0.17690003,0.176901,0.176901,8845001,8845002,2159679,2137276,1,0,1,0,0,69,2272921,1859221,0,1892317,0,0,0,0,2272921,22403,413700,33096,0,69,2272921,1859221,0,1892317,0,0,0,0,2272921,22403,413700,33096,0
178,0.1779,0.17790001,0.17790003,0.177901,0.177901,8895001,8895002,2212108,2190443,1,0,1,0,0,70,2292389,1892317,0,1924323,0,0,0,0,2292389,21665,400072,32006,0,70,2292389,1892317,0,1924323,0,0,0,0,2292389,21665,400072,32006,0
179,0.1789,0.17890001,0.17890003,0.178901,0.178901,8945001,8945002,2250493,2247679,1,0,1,0,0,60,1976287,1924323,0,1928480,0,0,0,0,1976287,2814,51964,4157,0,60,1976287,1924323,0,1928480,0,0,0,0,1976287,2814,51964,4157,0
180,0.1799,0.17990001,0.17990003,0.179901,0.179901,8995001,8995002,2255735,2297303,1,0,1,0,0,35,1160874,1928480,0,1867071,0,0,0,0,1160874,-41568,-767606,-61409,0,35,1160874,1928480,0,1867071,0,0,0,0,1160874,-41568,-767606,-61409,0
181,0.1809,0.18090001,0.18090003,0.180901,0.180901,9045001,9045002,2308164,2330769,1,0,1,0,0,44,1449641,1867071,0,1833677,0,0,0,0,1449641,-22605,-417430,-33394,0,44,1449641,1867071,0,1833677,0,0,0,0,1449641,-22605,-417430,-33394,0
182,0.1819,0.18190001,0.18190003,0.181901,0.181901,9095001,9095002,2360593,2363940,1,0,1,0,0,54,1771870,1833677,0,1828732,0,0,0,0,1771870,-3347,-61807,-4945,0,54,1771870,1833677,0,1828732,0,0,0,0,1771870,-3347,-61807,-4945,0
183,0.1829,0.18290001,0.18290003,0.182901,0.182901,9145001,9145002,2413022,2407424,1,0,1,0,0,59,1932106,1828732,0,1837002,0,0,0,0,1932106,5598,103374,8270,0,59,1932106,1828732,0,1837002,0,0,0,0,1932106,5598,103374,8270,0
184,0.1839,0.18390001,0.18390003,0.183901,0.183901,9195001,9195002,2465451,2453135,1,0,1,0,0,63,2064433,1837002,0,1855196,0,0,0,0,2064433,12316,227431,18194,0,63,2064433,1837002,0,1855196,0,0,0,0,2064433,12316,227431,18194,0
185,0.1849,0.18490001,0.18490003,0.184901,0.184901,9245001,9245002,2517879,2502783,1,0,1,0,0,65,2133963,1855196,0,1877497,0,0,0,0,2133963,15096,278767,22301,0,65,2133963,1855196,0,1877497,0,0,0,0,2133963,15096,278767,22301,0
186,0.1859,0.18590001,0.18590003,0.185901,0.185901,9295001,9295002,2570308,2556644,1,0,1,0,0,65,2129820,1877497,0,1897683,0,0,0,0,2129820,13664,252323,20186,0,65,2129820,1877497,0,1897683,0,0,0,0,2129820,13664,252323,20186,0
187,0.1869,0.18690001,0.18690003,0.186901,0.186901,9345001,9345002,2622737,2605305,1,0,1,0,0,68,2219587,1897683,0,1923435,0,0,0,0,2219587,17432,321904,25752,0,68,2219587,1897683,0,1923435,0,0,0,0,2219587,17432,321904,25752,0
188,0.1879,0.18790001,0.18790003,0.187901,0.187901,9395001,9395002,2675166,2658254,1,0,1,0,0,68,2235737,1923435,0,1948419,0,0,0,0,2235737,16912,312302,24984,0,68,2235737,1923435,0,1948419,0,0,0,0,2235737,16912,312302,24984,0
189,0.1889,0.18890001,0.18890003,0.188901,0.188901,9445001,9445002,2710277,2712718,1,0,1,0,0,58,1903343,1948419,0,1944813,0,0,0,0,1903343,-2441,-45076,-3606,0,58,1903343,1948419,0,1944813,0,0,0,0,1903343,-2441,-45076,-3606,0
190,0.1899,0.18990001,0.18990003,0.189901,0.189901,9495001,9495002,2715520,2762980,1,0,1,0,0,33,1068403,1944813,0,1874700,0,0,0,0,1068403,-47460,-876410,-70113,0,33,1068403,1944813,0,1874700,0,0,0,0,1068403,-47460,-876410,-70113,0
191,0.1909,0.19090001,0.19090003,0.190901,0.190901,9545001,9545002,2767949,2790546,1,0,1,0,0,44,1457418,1874700,0,1841317,0,0,0,0,1457418,-22597,-417282,-33383,0,44,1457418,1874700,0,1841317,0,0,0,0,1457418,-22597,-417282,-33383,0
192,0.1919,0.19190001,0.19190003,0.191901,0.191901,9595001,9595002,2820378,2823261,1,0,1,0,0,55,1788079,1841317,0,1837058,0,0,0,0,1788079,-2883,-53238,-4259,0,55,1788079,1841317,0,1837058,0,0,0,0,1788079,-2883,-53238,-4259,0
193,0.1929,0.19290001,0.19290003,0.192901,0.192901,9645001,9645002,2872806,2859206,1,0,1,0,0,64,2088199,1837058,0,1857149,0,0,0,0,2088199,13600,251141,20091,0,64,2088199,1837058,0,1857149,0,0,0,0,2088199,13600,251141,20091,0
194,0.1939,0.19390001,0.19390003,0.193901,0.193901,9695001,9695002,2925235,2900676,1,0,1,0,0,71,2310662,1857149,0,1893430,0,0,0,0,2310662,24559,453513,36281,0,71,2310662,1857149,0,1893430,0,0,0,0,2310662,24559,453513,36281,0
195,0.1949,0.19490001,0.19490003,0.194901,0.194901,9745001,9745002,2977664,2945718,1,0,1,0,0,76,2483354,1893430,0,1940624,0,0,0,0,2483354,31946,589924,47194,0,76,2483354,1893430,0,1940624,0,0,0,0,2483354,31946,589924,47194,0
196,0.1959,0.19590001,0.19590003,0.195901,0.195901,9795001,9795002,3030093,3001448,1,0,1,0,0,75,2469591,1940624,0,1982941,0,0,0,0,2469591,28645,528967,42317,0,75,2469591,1940624,0,1982941,0,0,0,0,2469591,28645,528967,42317,0
197,0.1969,0.19690001,0.19690003,0.196901,0.196901,9845001,9845002,3082522,3061798,1,0,1,0,0,72,2365636,1982941,0,2013557,0,0,0,0,2365636,20724,382695,30616,0,72,2365636,1982941,0,2013557,0,0,0,0,2365636,20724,382695,30616,0
198,0.1979,0.19790001,0.19790003,0.197901,0.197901,9895001,9895002,3134950,3117264,1,0,1,0,0,71,2340152,2013557,0,2039685,0,0,0,0,2340152,17686,326595,26128,0,71,2340152,2013557,0,2039685,0,0,0,0,2340152,17686,326595,26128,0
199,0.1989,0.19890001,0.19890003,0.198901,0.198901,9945001,9945002,3150705,3173777,1,0,1,0,0,49,1613631,2039685,0,2005601,0,0,0,0,1613631,-23072,-426054,-34084,0,49,1613631,2039685,0,2005601,0,0,0,0,1613631,-23072,-426054,-34084,0
200,0.1999,0.19990001,0.19990003,0.199901,0.199901,9995001,9995002,3155948,3219085,1,0,1,0,0,26,839696,2005601,0,1912329,0,0,0,0,839696,-63137,-1165905,-93272,0,26,839696,2005601,0,1912329,0,0,0,0,839696,-63137,-1165905,-93272,0
