source_time_s,physical_result_time_s,observed_result_time_s,source_observed_time_s,input_acceptance_cycle,result_cycle,v_ref_raw,v_meas_raw,enable,pi_reset,angle_init,test_mode,iq_ref_A,iq_ref_raw
0.0009,0.0009,0.0009,0.000901,0,0,0,0,1,0,0,0,0,0
0.0019,0.0019,0.0019,0.001901,0,0,0,0,1,0,0,0,0,0
0.0029,0.0029,0.0029,0.002901,0,0,0,0,1,0,0,0,0,0
0.0039,0.0039,0.0039,0.003901,0,0,0,0,1,0,0,0,0,0
0.0049,0.0049,0.0049,0.004901,0,0,0,0,1,0,0,0,0,0
0.0059,0.0059,0.0059,0.005901,0,0,0,0,1,0,0,0,0,0
0.0069,0.0069,0.0069,0.006901,0,0,0,0,1,0,0,0,0,0
0.0079,0.0079,0.0079,0.007901,0,0,0,0,1,0,0,0,0,0
0.0089,0.0089,0.0089,0.008901,0,0,0,0,1,0,0,0,0,0
0.0099,0.0099,0.0099,0.009901,0,0,0,0,1,0,0,0,0,0
0.0109,0.0109,0.0109,0.010901,0,0,0,0,1,0,0,0,0,0
0.0119,0.0119,0.0119,0.011901,0,0,0,0,1,0,0,0,0,0
0.0129,0.0129,0.0129,0.012901,0,0,0,0,1,0,0,0,0,0
0.0139,0.0139,0.0139,0.013901,0,0,0,0,1,0,0,0,0,0
0.0149,0.0149,0.0149,0.014901,0,0,0,0,1,0,0,0,0,0
0.0159,0.0159,0.0159,0.015901,0,0,0,0,1,0,0,0,0,0
0.0169,0.0169,0.0169,0.016901,0,0,0,0,1,0,0,0,0,0
0.0179,0.0179,0.0179,0.017901,0,0,0,0,1,0,0,0,0,0
0.0189,0.0189,0.0189,0.018901,0,0,0,0,1,0,0,0,0,0
0.0199,0.0199,0.0199,0.019901,0,0,0,0,1,0,0,0,0,0
0.0209,0.0209,0.0209,0.020901,0,0,0,0,1,0,0,0,0,0
0.0219,0.0219,0.0219,0.021901,0,0,0,0,1,0,0,0,0,0
0.0229,0.0229,0.0229,0.022901,0,0,0,0,1,0,0,0,0,0
0.0239,0.0239,0.0239,0.023901,0,0,0,0,1,0,0,0,0,0
0.0249,0.0249,0.0249,0.024901,0,0,0,0,1,0,0,0,0,0
0.0259,0.0259,0.0259,0.025901,0,0,0,0,1,0,0,0,0,0
0.0269,0.0269,0.0269,0.026901,0,0,0,0,1,0,0,0,0,0
0.0279,0.0279,0.0279,0.027901,0,0,0,0,1,0,0,0,0,0
0.0289,0.0289,0.0289,0.028901,0,0,0,0,1,0,0,0,0,0
0.0299,0.0299,0.0299,0.029901,0,0,0,0,1,0,0,0,0,0
0.0309,0.0309,0.0309,0.030901,0,0,0,0,1,0,0,0,0,0
0.0319,0.0319,0.0319,0.031901,0,0,0,0,1,0,0,0,0,0
0.0329,0.0329,0.0329,0.032901,0,0,0,0,1,0,0,0,0,0
0.0339,0.0339,0.0339,0.033901,0,0,0,0,1,0,0,0,0,0
0.0349,0.0349,0.0349,0.034901,0,0,0,0,1,0,0,0,0,0
0.0359,0.0359,0.0359,0.035901,0,0,0,0,1,0,0,0,0,0
0.0369,0.0369,0.0369,0.036901,0,0,0,0,1,0,0,0,0,0
0.0379,0.0379,0.0379,0.037901,0,0,0,0,1,0,0,0,0,0
0.0389,0.0389,0.0389,0.038901,0,0,0,0,1,0,0,0,0,0
0.0399,0.0399,0.0399,0.039901,0,0,0,0,1,0,0,0,0,0
0.0409,0.0409,0.0409,0.040901,0,0,0,0,1,0,0,0,0,0
0.0419,0.0419,0.0419,0.041901,0,0,0,0,1,0,0,0,0,0
0.0429,0.0429,0.0429,0.042901,0,0,0,0,1,0,0,0,0,0
0.0439,0.0439,0.0439,0.043901,0,0,0,0,1,0,0,0,0,0
0.0449,0.0449,0.0449,0.044901,0,0,0,0,1,0,0,0,0,0
0.0459,0.0459,0.0459,0.045901,0,0,0,0,1,0,0,0,0,0
0.0469,0.0469,0.0469,0.046901,0,0,0,0,1,0,0,0,0,0
0.0479,0.0479,0.0479,0.047901,0,0,0,0,1,0,0,0,0,0
0.0489,0.0489,0.0489,0.048901,0,0,0,0,1,0,0,0,0,0
0.0499,0.0499,0.0499,0.049901,0,0,0,0,1,0,0,0,0,0
0.0509,0.0509,0.0509,0.050901,0,0,47186,0,1,0,0,0,0.000811506368370641,27
0.0519,0.0519,0.0519,0.051901,0,0,99615,10838,1,0,0,0,0.00159171089401793,52
0.0529,0.0529,0.0529,0.052901,0,0,152044,44178,1,0,0,0,0.00204213607544281,67
0.0539,0.0539,0.0539,0.053901,0,0,204472,95684,1,0,0,0,0.00220641278974829,72
0.0549,0.0549,0.0549,0.054901,0,0,256901,155087,1,0,0,0,0.00223614680550399,73
0.0559,0.0559,0.0559,0.055901,0,0,309330,212985,1,0,0,0,0.00228216683332449,75
0.0569,0.0569,0.0569,0.056901,0,0,361759,274140,1,0,0,0,0.00226465422953707,74
0.0579,0.0579,0.0579,0.057901,0,0,414188,330304,1,0,0,0,0.00232096207426069,76
0.0589,0.0589,0.0589,0.058901,0,0,466616,389646,1,0,0,0,0.00231747515757537,76
0.0599,0.0599,0.0599,0.059901,0,0,519045,448944,1,0,0,0,0.00230525160283932,76
0.0609,0.0609,0.0609,0.060901,0,0,571474,509048,1,0,0,0,0.00226969453330558,74
0.0619,0.0619,0.0619,0.061901,0,0,623903,570794,1,0,0,0,0.00219534684152388,72
0.0629,0.0629,0.0629,0.062901,0,0,676332,625864,1,0,0,0,0.00222298697485122,73
0.0639,0.0639,0.0639,0.063901,0,0,728760,682514,1,0,0,0,0.00221982481933959,73
0.0649,0.0649,0.0649,0.064901,0,0,781189,741737,1,0,0,0,0.0021666066459086,71
0.0659,0.0659,0.0659,0.065901,0,0,833618,798230,1,0,0,0,0.00215098583637821,70
0.0669,0.0669,0.0669,0.066901,0,0,886047,857995,1,0,0,0,0.00207350958047301,68
0.0679,0.0679,0.0679,0.067901,0,0,938476,911030,1,0,0,0,0.00210167980137675,69
0.0689,0.0689,0.0689,0.068901,0,0,990904,966102,1,0,0,0,0.00209398520526339,69
0.0699,0.0699,0.0699,0.069901,0,0,1043333,1020698,1,0,0,0,0.00209083012819286,69
0.0709,0.0709,0.0709,0.070901,0,0,1095762,1072752,1,0,0,0,0.00212841790300454,70
0.0719,0.0719,0.0719,0.071901,0,0,1148191,1133219,1,0,0,0,0.00202183478164784,66
0.0729,0.0729,0.0729,0.072901,0,0,1200620,1180955,1,0,0,0,0.00212314204055689,70
0.0739,0.0739,0.0739,0.073901,0,0,1253048,1236482,1,0,0,0,0.00209691313053055,69
0.0749,0.0749,0.0749,0.074901,0,0,1305477,1288293,1,0,0,0,0.0021303293356545,70
0.0759,0.0759,0.0759,0.075901,0,0,1357906,1333394,1,0,0,0,0.00228000722791792,75
0.0769,0.0769,0.0769,0.076901,0,0,1410335,1382597,1,0,0,0,0.00236920264823685,78
0.0779,0.0779,0.0779,0.077901,0,0,1462764,1439846,1,0,0,0,0.0023244741396207,76
0.0789,0.0789,0.0789,0.078901,0,0,1515192,1498636,1,0,0,0,0.00224659721564656,74
0.0799,0.0799,0.0799,0.079901,0,0,1567621,1558126,1,0,0,0,0.002147933714577,70
0.0809,0.0809,0.0809,0.080901,0,0,1620050,1615054,1,0,0,0,0.00208363361876775,68
0.0819,0.0819,0.0819,0.081901,0,0,1672479,1667413,1,0,0,0,0.00209170816173696,69
0.0829,0.0829,0.0829,0.082901,0,0,1724908,1724968,1,0,0,0,0.00201050687583915,66
0.0839,0.0839,0.0839,0.083901,0,0,1777336,1777080,1,0,0,0,0.00201586887302288,66
0.0849,0.0849,0.0849,0.084901,0,0,1829765,1833121,1,0,0,0,0.00195409916738193,64
0.0859,0.0859,0.0859,0.085901,0,0,1882194,1883045,1,0,0,0,0.00199256226851736,65
0.0869,0.0869,0.0869,0.086901,0,0,1934623,1933658,1,0,0,0,0.00202262935907976,66
0.0879,0.0879,0.0879,0.087901,0,0,1987052,1985799,1,0,0,0,0.00202890192384687,66
0.0889,0.0889,0.0889,0.088901,0,0,2039480,2039420,1,0,0,0,0.00201011983674037,66
0.0899,0.0899,0.0899,0.089901,0,0,2091909,2089111,1,0,0,0,0.00205729344371471,67
0.0909,0.0909,0.0909,0.090901,0,0,2144338,2143223,1,0,0,0,0.00203218298845292,67
0.0919,0.0919,0.0919,0.091901,0,0,2196767,2196882,1,0,0,0,0.00201257196283589,66
0.0929,0.0929,0.0929,0.092901,0,0,2249196,2246508,1,0,0,0,0.00206060673234251,68
0.0939,0.0939,0.0939,0.093901,0,0,2301624,2300047,1,0,0,0,0.00204520570418232,67
0.0949,0.0949,0.0949,0.094901,0,0,2354053,2357558,1,0,0,0,0.00195998045083295,64
0.0959,0.0959,0.0959,0.095901,0,0,2406482,2408214,1,0,0,0,0.00198564762095108,65
0.0969,0.0969,0.0969,0.096901,0,0,2458911,2461750,1,0,0,0,0.00196421594239063,64
0.0979,0.0979,0.0979,0.097901,0,0,2511340,2510630,1,0,0,0,0.00202134783910651,66
0.0989,0.0989,0.0989,0.098901,0,0,2563768,2564846,1,0,0,0,0.0019915896401312,65
0.0999,0.0999,0.0999,0.099901,0,0,2616197,2614827,1,0,0,0,0.00203220705620058,67
0.1009,0.1009,0.1009,0.100901,0,0,2668626,2666829,1,0,0,0,0.00204143545000127,67
0.1019,0.1019,0.1019,0.101901,0,0,2721055,2723582,1,0,0,0,0.00196953357279593,65
0.1029,0.1029,0.1029,0.102901,0,0,2773484,2769616,1,0,0,0,0.0020760275938305,68
0.1039,0.1039,0.1039,0.103901,0,0,2825912,2823630,1,0,0,0,0.002054095592421,67
0.1049,0.1049,0.1049,0.104901,0,0,2878341,2873640,1,0,0,0,0.0020988281247663,69
0.1059,0.1059,0.1059,0.105901,0,0,2930770,2917054,1,0,0,0,0.00226033359615296,74
0.1069,0.1069,0.1069,0.106901,0,0,2983199,2966395,1,0,0,0,0.00233231493150867,76
0.1079,0.1079,0.1079,0.107901,0,0,3035628,3024922,1,0,0,0,0.00225055636691444,74
0.1089,0.1089,0.1089,0.108901,0,0,3088056,3082173,1,0,0,0,0.00218234602340811,72
0.1099,0.1099,0.1099,0.109901,0,0,3140485,3139227,1,0,0,0,0.00211090670656393,69
0.1109,0.1109,0.1109,0.110901,0,0,3192914,3196607,1,0,0,0,0.00202748522793362,66
0.1119,0.1119,0.1119,0.111901,0,0,3245343,3251311,1,0,0,0,0.00198327518671699,65
0.1129,0.1129,0.1129,0.112901,0,0,3297772,3300217,1,0,0,0,0.00203564231041632,67
0.1139,0.1139,0.1139,0.113901,0,0,3350200,3354767,1,0,0,0,0.00199579770815571,65
0.1149,0.1149,0.1149,0.114901,0,0,3402629,3407584,1,0,0,0,0.00198284800441228,65
0.1159,0.1159,0.1159,0.115901,0,0,3455058,3457665,1,0,0,0,0.00201639603692626,66
0.1169,0.1169,0.1169,0.116901,0,0,3507487,3510629,1,0,0,0,0.0020036089813462,66
0.1179,0.1179,0.1179,0.117901,0,0,3559916,3561724,1,0,0,0,0.00202222643984518,66
0.1189,0.1189,0.1189,0.118901,0,0,3612344,3614243,1,0,0,0,0.00201818458144024,66
0.1199,0.1199,0.1199,0.119901,0,0,3664773,3667756,1,0,0,0,0.00199693515211162,65
0.1209,0.1209,0.1209,0.120901,0,0,3717202,3719297,1,0,0,0,0.00200809584992118,66
0.1219,0.1219,0.1219,0.121901,0,0,3769631,3771344,1,0,0,0,0.00201177155985041,66
0.1229,0.1229,0.1229,0.122901,0,0,3822060,3820639,1,0,0,0,0.00206331517800015,68
0.1239,0.1239,0.1239,0.123901,0,0,3874488,3874151,1,0,0,0,0.00204663815637848,67
0.1249,0.1249,0.1249,0.124901,0,0,3926917,3931734,1,0,0,0,0.00195846191647912,64
0.1259,0.1259,0.1259,0.125901,0,0,3979346,3982525,1,0,0,0,0.00197999651383967,65
0.1269,0.1269,0.1269,0.126901,0,0,4031775,4036167,1,0,0,0,0.00195476925400993,64
0.1279,0.1279,0.1279,0.127901,0,0,4084204,4085121,1,0,0,0,0.00200847188485937,66
0.1289,0.1289,0.1289,0.128901,0,0,4136632,4139357,1,0,0,0,0.00197613121376735,65
0.1299,0.1299,0.1299,0.129901,0,0,4189061,4189419,1,0,0,0,0.00201308608252635,66
0.1309,0.1309,0.1309,0.130901,0,0,4241490,4239637,1,0,0,0,0.00205062724178958,67
0.1319,0.1319,0.1319,0.131901,0,0,4293919,4295179,1,0,0,0,0.00199963130022054,66
0.1329,0.1329,0.1329,0.132901,0,0,4346348,4343988,1,0,0,0,0.00206014525837332,68
0.1339,0.1339,0.1339,0.133901,0,0,4398776,4398739,1,0,0,0,0.00202346240216521,66
0.1349,0.1349,0.1349,0.134901,0,0,4451205,4448958,1,0,0,0,0.00206150986420018,68
0.1359,0.1359,0.1359,0.135901,0,0,4503634,4492435,1,0,0,0,0.00221856493635289,73
0.1369,0.1369,0.1369,0.136901,0,0,4556063,4540212,1,0,0,0,0.00231396654153468,76
0.1379,0.1379,0.1379,0.137901,0,0,4608492,4595043,1,0,0,0,0.00229446290245133,75
0.1389,0.1389,0.1389,0.138901,0,0,4660920,4653875,1,0,0,0,0.00220283962001937,72
0.1399,0.1399,0.1399,0.139901,0,0,4713349,4711271,1,0,0,0,0.00212710773469513,70
0.1409,0.1409,0.1409,0.140901,0,0,4765778,4768341,1,0,0,0,0.00205015377808441,67
0.1419,0.1419,0.1419,0.141901,0,0,4818207,4820809,1,0,0,0,0.00204595394229398,67
0.1429,0.1429,0.1429,0.142901,0,0,4870636,4876566,1,0,0,0,0.00198512309782417,65
0.1439,0.1439,0.1439,0.143901,0,0,4923064,4926376,1,0,0,0,0.00202201585422924,66
0.1449,0.1449,0.1449,0.144901,0,0,4975493,4980542,1,0,0,0,0.0019875847994483,65
0.1459,0.1459,0.1459,0.145901,0,0,5027922,5032581,1,0,0,0,0.00198733543327485,65
0.1469,0.1469,0.1469,0.146901,0,0,5080351,5086709,1,0,0,0,0.00195170151301746,64
0.1479,0.1479,0.1479,0.147901,0,0,5132780,5137823,1,0,0,0,0.00196556890080108,64
0.1489,0.1489,0.1489,0.148901,0,0,5185208,5183008,1,0,0,0,0.0020832115792649,68
0.1499,0.1499,0.1499,0.149901,0,0,5237637,5240349,1,0,0,0,0.00200175593310924,66
0.1509,0.1509,0.1509,0.150901,0,0,5242880,5290448,1,0,0,0,0.00122659087316121,40
0.1519,0.1519,0.1519,0.151901,0,0,5242880,5324800,1,0,0,0,0.000570356738682632,19
0.1529,0.1529,0.1529,0.152901,0,0,5242880,5341364,1,0,0,0,0.000172775942763436,6
0.1539,0.1539,0.1539,0.153901,0,0,5242880,5349493,1,0,0,0,-0.000102534654938061,-3
0.1549,0.1549,0.1549,0.154901,0,0,5242880,5348497,1,0,0,0,-0.000232089886578261,-8
0.1559,0.1559,0.1559,0.155901,0,0,5242880,5342057,1,0,0,0,-0.000266640882714746,-9
0.1569,0.1569,0.1569,0.156901,0,0,5242880,5334351,1,0,0,0,-0.000270560879321728,-9
0.1579,0.1579,0.1579,0.157901,0,0,5242880,5329543,1,0,0,0,-0.000313719605770322,-10
0.1589,0.1589,0.1589,0.158901,0,0,5242880,5318993,1,0,0,0,-0.000251521399295376,-8
0.1599,0.1599,0.1599,0.159901,0,0,5242880,5315121,1,0,0,0,-0.000289647474548578,-9
0.1609,0.1609,0.1609,0.160901,0,0,5242880,5306456,1,0,0,0,-0.000240022989440897,-8
0.1619,0.1619,0.1619,0.161901,0,0,5242880,5299715,1,0,0,0,-0.000211561496031858,-7
0.1629,0.1629,0.1629,0.162901,0,0,5242880,5292187,1,0,0,0,-0.000160285827381025,-5
0.1639,0.1639,0.1639,0.163901,0,0,5242880,5291955,1,0,0,0,-0.000224144768388757,-7
0.1649,0.1649,0.1649,0.164901,0,0,5242880,5284519,1,0,0,0,-0.000163779007505864,-5
0.1659,0.1659,0.1659,0.165901,0,0,5242880,5281965,1,0,0,0,-0.000177144773369167,-6
0.1669,0.1669,0.1669,0.166901,0,0,5242880,5277638,1,0,0,0,-0.000156499386448694,-5
0.1679,0.1679,0.1679,0.167901,0,0,5242880,5270802,1,0,0,0,-8.67575192531551e-05,-3
0.1689,0.1689,0.1689,0.168901,0,0,5242880,5269926,1,0,0,0,-0.000110105015886363,-4
0.1699,0.1699,0.1699,0.169901,0,0,5242880,5267432,1,0,0,0,-0.000104426455003906,-3
0.1709,0.1709,0.1709,0.170901,0,0,5242880,5262199,1,0,0,0,-4.82101578968219e-05,-2
0.1719,0.1719,0.1719,0.171901,0,0,5242880,5262745,1,0,0,0,-8.41833000327219e-05,-3
0.1729,0.1729,0.1729,0.172901,0,0,5242880,5261412,1,0,0,0,-8.85757875928149e-05,-3
0.1739,0.1739,0.1739,0.173901,0,0,5242880,5257244,1,0,0,0,-4.24019640846448e-05,-1
0.1749,0.1749,0.1749,0.174901,0,0,5242880,5258636,1,0,0,0,-8.61009454110864e-05,-3
0.1759,0.1759,0.1759,0.175901,0,0,5242880,5253669,1,0,0,0,-2.23636450147536e-05,-1
0.1769,0.1769,0.1769,0.176901,0,0,5242880,5251903,1,0,0,0,-6.83112016821235e-06,0
0.1779,0.1779,0.1779,0.177901,0,0,5242880,5254253,1,0,0,0,-5.96631037027233e-05,-2
0.1789,0.1789,0.1789,0.178901,0,0,5242880,5249559,1,0,0,0,5.41311193531388e-06,0
0.1799,0.1799,0.1799,0.179901,0,0,5242880,5248827,1,0,0,0,8.81446333273682e-06,0
0.1809,0.1809,0.1809,0.180901,0,0,5242880,5249587,1,0,0,0,-1.2434229253701e-05,0
0.1819,0.1819,0.1819,0.181901,0,0,5242880,5249472,1,0,0,0,-1.96864368234595e-05,-1
0.1829,0.1829,0.1829,0.182901,0,0,5242880,5250756,1,0,0,0,-5.08286837225282e-05,-2
0.1839,0.1839,0.1839,0.183901,0,0,5242880,5248852,1,0,0,0,-2.8924655855588e-05,-1
0.1849,0.1849,0.1849,0.184901,0,0,5242880,5245356,1,0,0,0,2.2981651359581e-05,1
0.1859,0.1859,0.1859,0.185901,0,0,5242880,5247232,1,0,0,0,-1.26886047439848e-05,0
0.1869,0.1869,0.1869,0.186901,0,0,5242880,5245833,1,0,0,0,5.38613300425045e-06,0
0.1879,0.1879,0.1879,0.187901,0,0,5242880,5246879,1,0,0,0,-1.66656353457056e-05,-1
0.1889,0.1889,0.1889,0.188901,0,0,5242880,5246770,1,0,0,0,-2.02937294752496e-05,-1
0.1899,0.1899,0.1899,0.189901,0,0,5242880,5247661,1,0,0,0,-4.09668446564906e-05,-1
0.1909,0.1909,0.1909,0.190901,0,0,5242880,5245533,1,0,0,0,-1.09480530148825e-05,0
0.1919,0.1919,0.1919,0.191901,0,0,5242880,5244035,1,0,0,0,1.11640151691523e-05,0
0.1929,0.1929,0.1929,0.192901,0,0,5242880,5244148,1,0,0,0,7.62437516235236e-06,0
0.1939,0.1939,0.1939,0.193901,0,0,5242880,5244365,1,0,0,0,2.15456253029291e-06,0
0.1949,0.1949,0.1949,0.194901,0,0,5242880,5248320,1,0,0,0,-6.79087775569625e-05,-2
0.1959,0.1959,0.1959,0.195901,0,0,5242880,5243162,1,0,0,0,1.33172641357546e-05,0
0.1969,0.1969,0.1969,0.196901,0,0,5242880,5242521,1,0,0,0,2.39465767326925e-05,1
0.1979,0.1979,0.1979,0.197901,0,0,5242880,5244896,1,0,0,0,-1.64005588872852e-05,-1
0.1989,0.1989,0.1989,0.198901,0,0,5242880,5243845,1,0,0,0,-1.10412893532782e-06,0
0.1999,0.1999,0.1999,0.199901,0,0,5242880,5241318,1,0,0,0,4.10377628296124e-05,1
0.2009,0.2009,0.2009,0.200901,0,0,5242880,4724121,1,0,0,0,0.00893796148616395,293
0.2019,0.2019,0.2019,0.201901,0,0,5242880,4340850,1,0,0,0,0.0162432229452668,532
0.2029,0.2029,0.2029,0.202901,0,0,5242880,4133757,1,0,0,0,0.0210458612112755,690
0.2039,0.2039,0.2039,0.203901,0,0,5242880,4081745,1,0,0,0,0.0234663609786249,769
0.2049,0.2049,0.2049,0.204901,0,0,5242880,4081924,1,0,0,0,0.0250608246191368,821
0.2059,0.2059,0.2059,0.205901,0,0,5242880,4137747,1,0,0,0,0.0256980730199618,842
0.2069,0.2069,0.2069,0.206901,0,0,5242880,4218311,1,0,0,0,0.0258330179789039,846
0.2079,0.2079,0.2079,0.207901,0,0,5242880,4308305,1,0,0,0,0.0256949331724365,842
0.2089,0.2089,0.2089,0.208901,0,0,5242880,4387204,1,0,0,0,0.0256238580791769,840
0.2099,0.2099,0.2099,0.209901,0,0,5242880,4468839,1,0,0,0,0.0253971693704167,832
0.2109,0.2109,0.2109,0.210901,0,0,5242880,4543235,1,0,0,0,0.0251826642675508,825
0.2119,0.2119,0.2119,0.211901,0,0,5242880,4613544,1,0,0,0,0.0249360998990665,817
0.2129,0.2129,0.2129,0.212901,0,0,5242880,4677131,1,0,0,0,0.0247083803894598,810
0.2139,0.2139,0.2139,0.213901,0,0,5242880,4733958,1,0,0,0,0.0245094618242433,803
0.2149,0.2149,0.2149,0.214901,0,0,5242880,4787497,1,0,0,0,0.0242888912457376,796
0.2159,0.2159,0.2159,0.215901,0,0,5242880,4831085,1,0,0,0,0.0241658019881097,792
0.2169,0.2169,0.2169,0.216901,0,0,5242880,4876627,1,0,0,0,0.0239491257437132,785
0.2179,0.2179,0.2179,0.217901,0,0,5242880,4913035,1,0,0,0,0.0238268906935916,781
0.2189,0.2189,0.2189,0.218901,0,0,5242880,4948875,1,0,0,0,0.0236643254401164,775
0.2199,0.2199,0.2199,0.219901,0,0,5242880,4980114,1,0,0,0,0.0235315804270001,771
0.2209,0.2209,0.2209,0.220901,0,0,5242880,5004541,1,0,0,0,0.0234730073307164,769
0.2219,0.2219,0.2219,0.221901,0,0,5242880,5030749,1,0,0,0,0.0233501929479216,765
0.2229,0.2229,0.2229,0.222901,0,0,5242880,5054261,1,0,0,0,0.0232376886387118,761
0.2239,0.2239,0.2239,0.223901,0,0,5242880,5069792,1,0,0,0,0.0232301036629931,761
0.2249,0.2249,0.2249,0.224901,0,0,5242880,5088232,1,0,0,0,0.0231511137038384,759
0.2259,0.2259,0.2259,0.225901,0,0,5242880,5105524,1,0,0,0,0.0230664919674564,756
0.2269,0.2269,0.2269,0.226901,0,0,5242880,5122842,1,0,0,0,0.0229576428450756,752
0.2279,0.2279,0.2279,0.227901,0,0,5242880,5133001,1,0,0,0,0.0229480874694771,752
0.2289,0.2289,0.2289,0.228901,0,0,5242880,5146900,1,0,0,0,0.0228602226475625,749
0.2299,0.2299,0.2299,0.229901,0,0,5242880,5154991,1,0,0,0,0.0228531329469796,749
0.2309,0.2309,0.2309,0.230901,0,0,5242880,5162698,1,0,0,0,0.0228415078107174,748
0.2319,0.2319,0.2319,0.231901,0,0,5242880,5167426,1,0,0,0,0.0228705040702389,749
0.2329,0.2329,0.2329,0.232901,0,0,5242880,5176141,1,0,0,0,0.022824446321811,748
0.2339,0.2339,0.2339,0.233901,0,0,5242880,5185369,1,0,0,0,0.0227575638251763,746
0.2349,0.2349,0.2349,0.234901,0,0,5242880,5189882,1,0,0,0,0.0227590774932094,746
0.2359,0.2359,0.2359,0.235901,0,0,5242880,5199462,1,0,0,0,0.0226672296010546,743
0.2369,0.2369,0.2369,0.236901,0,0,5242880,5202161,1,0,0,0,0.0226805446691488,743
0.2379,0.2379,0.2379,0.237901,0,0,5242880,5207674,1,0,0,0,0.0226417606121197,742
0.2389,0.2389,0.2389,0.238901,0,0,5242880,5208518,1,0,0,0,0.022675676540808,743
0.2399,0.2399,0.2399,0.239901,0,0,5242880,5216227,1,0,0,0,0.0225903769652153,740
0.2409,0.2409,0.2409,0.240901,0,0,5242880,5216844,1,0,0,0,0.022616430017764,741
0.2419,0.2419,0.2419,0.241901,0,0,5242880,5215973,1,0,0,0,0.0226672402608948,743
0.2429,0.2429,0.2429,0.242901,0,0,5242880,5221020,1,0,0,0,0.0226174635661029,741
0.2439,0.2439,0.2439,0.243901,0,0,5242880,5225347,1,0,0,0,0.0225731191080809,740
0.2449,0.2449,0.2449,0.244901,0,0,5242880,5228366,1,0,0,0,0.022545327239605,739
0.2459,0.2459,0.2459,0.245901,0,0,5242880,5230929,1,0,0,0,0.0225212149960087,738
0.2469,0.2469,0.2469,0.246901,0,0,5242880,5228520,1,0,0,0,0.0225790910142483,740
0.2479,0.2479,0.2479,0.247901,0,0,5242880,5230020,1,0,0,0,0.022573050530997,740
0.2489,0.2489,0.2489,0.248901,0,0,5242880,5230287,1,0,0,0,0.0225861407644528,740
0.2499,0.2499,0.2499,0.249901,0,0,5242880,5232382,1,0,0,0,0.0225674437996469,739
0.2509,0.2509,0.2509,0.250901,0,0,5242880,5752565,1,0,0,0,0.0136357539252355,447
0.2519,0.2519,0.2519,0.251901,0,0,5242880,6144250,1,0,0,0,0.00619827140312117,203
0.2529,0.2529,0.2529,0.252901,0,0,5242880,6344181,1,0,0,0,0.00151971149585342,50
0.2539,0.2539,0.2539,0.253901,0,0,5242880,6399437,1,0,0,0,-0.000945816209877264,-31
0.2549,0.2549,0.2549,0.254901,0,0,5242880,6394242,1,0,0,0,-0.00244770133694296,-80
0.2559,0.2559,0.2559,0.255901,0,0,5242880,6342710,1,0,0,0,-0.00314555110155287,-103
0.2569,0.2569,0.2569,0.256901,0,0,5242880,6264146,1,0,0,0,-0.00330760047126923,-108
0.2579,0.2579,0.2579,0.257901,0,0,5242880,6178001,1,0,0,0,-0.00323117027182442,-106
0.2589,0.2589,0.2589,0.258901,0,0,5242880,6093398,1,0,0,0,-0.00306275336433577,-100
0.2599,0.2599,0.2599,0.259901,0,0,5242880,6014435,1,0,0,0,-0.00287492601712924,-94
0.2609,0.2609,0.2609,0.260901,0,0,5242880,5938277,1,0,0,0,-0.00262669699174299,-86
0.2619,0.2619,0.2619,0.261901,0,0,5242880,5869991,1,0,0,0,-0.00240906810018696,-79
0.2629,0.2629,0.2629,0.262901,0,0,5242880,5809935,1,0,0,0,-0.00223901628830052,-73
0.2639,0.2639,0.2639,0.263901,0,0,5242880,5749308,1,0,0,0,-0.00197653087870049,-65
0.2649,0.2649,0.2649,0.264901,0,0,5242880,5696177,1,0,0,0,-0.00175956014118574,-58
0.2659,0.2659,0.2659,0.265901,0,0,5242880,5651032,1,0,0,0,-0.00160681799845272,-53
0.2669,0.2669,0.2669,0.266901,0,0,5242880,5609651,1,0,0,0,-0.00145669425211742,-48
0.2679,0.2679,0.2679,0.267901,0,0,5242880,5572861,1,0,0,0,-0.00132859977465338,-44
0.2689,0.2689,0.2689,0.268901,0,0,5242880,5536084,1,0,0,0,-0.00115010810528325,-38
0.2699,0.2699,0.2699,0.269901,0,0,5242880,5504819,1,0,0,0,-0.00101580712859512,-33
0.2709,0.2709,0.2709,0.270901,0,0,5242880,5475343,1,0,0,0,-0.000869276417534584,-28
0.2719,0.2719,0.2719,0.271901,0,0,5242880,5454974,1,0,0,0,-0.000838803903066597,-27
0.2729,0.2729,0.2729,0.272901,0,0,5242880,5435971,1,0,0,0,-0.000803783050716059,-26
0.2739,0.2739,0.2739,0.273901,0,0,5242880,5413092,1,0,0,0,-0.000675985483128385,-22
0.2749,0.2749,0.2749,0.274901,0,0,5242880,5396008,1,0,0,0,-0.000616358951310457,-20
0.2759,0.2759,0.2759,0.275901,0,0,5242880,5378814,1,0,0,0,-0.000531327256125579,-17
0.2769,0.2769,0.2769,0.276901,0,0,5242880,5367043,1,0,0,0,-0.000515923398324747,-17
0.2779,0.2779,0.2779,0.277901,0,0,5242880,5354954,1,0,0,0,-0.000478840928808174,-16
0.2789,0.2789,0.2789,0.278901,0,0,5242880,5339879,1,0,0,0,-0.000373781059223093,-12
0.2799,0.2799,0.2799,0.279901,0,0,5242880,5331433,1,0,0,0,-0.000361971861383342,-12
0.2809,0.2809,0.2809,0.280901,0,0,5242880,5322341,1,0,0,0,-0.000327439255612058,-11
0.2819,0.2819,0.2819,0.281901,0,0,5242880,5311669,1,0,0,0,-0.000253228412407059,-8
0.2829,0.2829,0.2829,0.282901,0,0,5242880,5305536,1,0,0,0,-0.000242392567595528,-8
0.2839,0.2839,0.2839,0.283901,0,0,5242880,5296407,1,0,0,0,-0.000171609412051818,-6
0.2849,0.2849,0.2849,0.284901,0,0,5242880,5290047,1,0,0,0,-0.000135869901258503,-4
0.2859,0.2859,0.2859,0.285901,0,0,5242880,5286894,1,0,0,0,-0.000146535795165678,-5
0.2869,0.2869,0.2869,0.286901,0,0,5242880,5284142,1,0,0,0,-0.000159765822320591,-5
0.2879,0.2879,0.2879,0.287901,0,0,5242880,5282987,1,0,0,0,-0.000196670996714655,-6
0.2889,0.2889,0.2889,0.288901,0,0,5242880,5275659,1,0,0,0,-0.000125818091999083,-4
0.2899,0.2899,0.2899,0.289901,0,0,5242880,5270792,1,0,0,0,-8.72247770002319e-05,-3
0.2909,0.2909,0.2909,0.290901,0,0,5242880,5273326,1,0,0,0,-0.000169206103423634,-6
0.2919,0.2919,0.2919,0.291901,0,0,5242880,5266037,1,0,0,0,-8.57345733372027e-05,-3
0.2929,0.2929,0.2929,0.292901,0,0,5242880,5265598,1,0,0,0,-0.00011005208446648,-4
0.2939,0.2939,0.2939,0.293901,0,0,5242880,5259643,1,0,0,0,-3.8895472260897e-05,-1
0.2949,0.2949,0.2949,0.294901,0,0,5242880,5263053,1,0,0,0,-0.00012059683453988,-4
0.2959,0.2959,0.2959,0.295901,0,0,5242880,5255667,1,0,0,0,-2.13238129900753e-05,-1
0.2969,0.2969,0.2969,0.296901,0,0,5242880,5259425,1,0,0,0,-0.000103550913519785,-3
0.2979,0.2979,0.2979,0.297901,0,0,5242880,5253908,1,0,0,0,-3.14316882904108e-05,-1
0.2989,0.2989,0.2989,0.298901,0,0,5242880,5255408,1,0,0,0,-7.24057377284652e-05,-2
0.2999,0.2999,0.2999,0.299901,0,0,5242880,5253633,1,0,0,0,-5.91168640047378e-05,-2
0.3009,0.3009,0.3009,0.300901,0,0,5195694,5249765,1,0,0,0,-0.000818883411267045,-27
0.3019,0.3019,0.3019,0.301901,0,0,5143265,5230695,1,0,0,0,-0.00146699004651085,-48
0.3029,0.3029,0.3029,0.302901,0,0,5090836,5193601,1,0,0,0,-0.00185100938983802,-61
0.3039,0.3039,0.3039,0.303901,0,0,5038408,5146876,1,0,0,0,-0.00209048462975067,-69
0.3049,0.3049,0.3049,0.304901,0,0,4985979,5101476,1,0,0,0,-0.00236061638532867,-77
0.3059,0.3059,0.3059,0.305901,0,0,4933550,5050807,1,0,0,0,-0.00254977883988987,-84
0.3069,0.3069,0.3069,0.306901,0,0,4881121,4991914,1,0,0,0,-0.00259993763882168,-85
0.3079,0.3079,0.3079,0.307901,0,0,4828692,4928239,1,0,0,0,-0.00255895224589206,-84
0.3089,0.3089,0.3089,0.308901,0,0,4776264,4862799,1,0,0,0,-0.00247215586804878,-81
0.3099,0.3099,0.3099,0.309901,0,0,4723835,4797512,1,0,0,0,-0.00237007994306387,-78
0.3109,0.3109,0.3109,0.310901,0,0,4671406,4735707,1,0,0,0,-0.0023101832875324,-76
0.3119,0.3119,0.3119,0.311901,0,0,4618977,4672682,1,0,0,0,-0.00221641806142165,-73
0.3129,0.3129,0.3129,0.312901,0,0,4566548,4613796,1,0,0,0,-0.00217926777274878,-71
0.3139,0.3139,0.3139,0.313901,0,0,4514120,4554284,1,0,0,0,-0.00212244782456405,-70
0.3149,0.3149,0.3149,0.314901,0,0,4461691,4497856,1,0,0,0,-0.00210892357989639,-69
0.3159,0.3159,0.3159,0.315901,0,0,4409262,4447095,1,0,0,0,-0.00218736566110016,-72
0.3169,0.3169,0.3169,0.316901,0,0,4356833,4389477,1,0,0,0,-0.00215018560560761,-70
0.3179,0.3179,0.3179,0.317901,0,0,4304404,4331742,1,0,0,0,-0.00210383471549632,-69
0.3189,0.3189,0.3189,0.318901,0,0,4251976,4275746,1,0,0,0,-0.00208009532692121,-68
0.3199,0.3199,0.3199,0.319901,0,0,4199547,4225137,1,0,0,0,-0.00214409927150319,-70
0.3209,0.3209,0.3209,0.320901,0,0,4147118,4169286,1,0,0,0,-0.00212045959613127,-69
0.3219,0.3219,0.3219,0.321901,0,0,4094689,4115060,1,0,0,0,-0.00212004347109643,-69
0.3229,0.3229,0.3229,0.322901,0,0,4042260,4061076,1,0,0,0,-0.00212132435734742,-70
0.3239,0.3239,0.3239,0.323901,0,0,3989832,4007101,1,0,0,0,-0.00212061755029532,-69
0.3249,0.3249,0.3249,0.324901,0,0,3937403,3948002,1,0,0,0,-0.00202967190266946,-67
0.3259,0.3259,0.3259,0.325901,0,0,3884974,3894348,1,0,0,0,-0.00202317290574845,-66
0.3269,0.3269,0.3269,0.326901,0,0,3832545,3841750,1,0,0,0,-0.00203315948626152,-67
0.3279,0.3279,0.3279,0.327901,0,0,3780116,3789726,1,0,0,0,-0.00205278201587181,-67
0.3289,0.3289,0.3289,0.328901,0,0,3727688,3737812,1,0,0,0,-0.00207485625932256,-68
0.3299,0.3299,0.3299,0.329901,0,0,3675259,3684769,1,0,0,0,-0.00207822765571989,-68
0.3309,0.3309,0.3309,0.330901,0,0,3622830,3631833,1,0,0,0,-0.00208258821160208,-68
0.3319,0.3319,0.3319,0.331901,0,0,3570401,3573841,1,0,0,0,-0.00199929884976894,-66
0.3329,0.3329,0.3329,0.332901,0,0,3517972,3525066,1,0,0,0,-0.00206686860151046,-68
0.3339,0.3339,0.3339,0.333901,0,0,3465544,3480039,1,0,0,0,-0.00220392843846014,-72
0.3349,0.3349,0.3349,0.334901,0,0,3413115,3434004,1,0,0,0,-0.00233383890593692,-76
0.3359,0.3359,0.3359,0.335901,0,0,3360686,3379111,1,0,0,0,-0.00232020158291596,-76
0.3369,0.3369,0.3369,0.336901,0,0,3308257,3321648,1,0,0,0,-0.00225897278357833,-74
0.3379,0.3379,0.3379,0.337901,0,0,3255828,3261095,1,0,0,0,-0.00213767429377658,-70
0.3389,0.3389,0.3389,0.338901,0,0,3203400,3205578,1,0,0,0,-0.00209180984845856,-69
0.3399,0.3399,0.3399,0.339901,0,0,3150971,3151465,1,0,0,0,-0.00206583696840278,-68
0.3409,0.3409,0.3409,0.340901,0,0,3098542,3100005,1,0,0,0,-0.0020831862921854,-68
0.3419,0.3419,0.3419,0.341901,0,0,3046113,3037931,1,0,0,0,-0.00191931270280487,-63
0.3429,0.3429,0.3429,0.342901,0,0,2993684,2988914,1,0,0,0,-0.00196673169391479,-64
0.3439,0.3439,0.3439,0.343901,0,0,2941256,2939784,1,0,0,0,-0.00201689620905662,-66
0.3449,0.3449,0.3449,0.344901,0,0,2888827,2884781,1,0,0,0,-0.00197060826398539,-65
0.3459,0.3459,0.3459,0.345901,0,0,2836398,2832359,1,0,0,0,-0.00196515263843139,-64
0.3469,0.3469,0.3469,0.346901,0,0,2783969,2785015,1,0,0,0,-0.00204704029247427,-67
0.3479,0.3479,0.3479,0.347901,0,0,2731540,2731061,1,0,0,0,-0.00202225400603339,-66
0.3489,0.3489,0.3489,0.348901,0,0,2679112,2678415,1,0,0,0,-0.00201785260375881,-66
0.3499,0.3499,0.3499,0.349901,0,0,2626683,2625996,1,0,0,0,-0.00201706087060771,-66
0.3509,0.3509,0.3509,0.350901,0,0,2574254,2575380,1,0,0,0,-0.00204730431450823,-67
0.3519,0.3519,0.3519,0.351901,0,0,2521825,2523298,1,0,0,0,-0.00205482047706872,-67
0.3529,0.3529,0.3529,0.352901,0,0,2469396,2468984,1,0,0,0,-0.00202442692140043,-66
0.3539,0.3539,0.3539,0.353901,0,0,2416968,2419256,1,0,0,0,-0.0020702973001578,-68
0.3549,0.3549,0.3549,0.354901,0,0,2364539,2359855,1,0,0,0,-0.0019535472032191,-64
0.3559,0.3559,0.3559,0.355901,0,0,2312110,2309815,1,0,0,0,-0.0019881711295322,-65
0.3569,0.3569,0.3569,0.356901,0,0,2259681,2256336,1,0,0,0,-0.00196695641342588,-64
0.3579,0.3579,0.3579,0.357901,0,0,2207252,2204379,1,0,0,0,-0.00197047030460575,-65
0.3589,0.3589,0.3589,0.358901,0,0,2154824,2155729,1,0,0,0,-0.00203150545347321,-67
0.3599,0.3599,0.3599,0.359901,0,0,2102395,2103234,1,0,0,0,-0.0020316066947002,-67
0.3609,0.3609,0.3609,0.360901,0,0,2049966,2051302,1,0,0,0,-0.00204131869378472,-67
0.3619,0.3619,0.3619,0.361901,0,0,1997537,1997853,1,0,0,0,-0.00202560295929635,-66
0.3629,0.3629,0.3629,0.362901,0,0,1945108,1947225,1,0,0,0,-0.00205701011751384,-67
0.3639,0.3639,0.3639,0.363901,0,0,1892680,1894325,1,0,0,0,-0.00205181330007172,-67
0.3649,0.3649,0.3649,0.364901,0,0,1840251,1846505,1,0,0,0,-0.00213333943065108,-70
0.3659,0.3659,0.3659,0.365901,0,0,1787822,1805222,1,0,0,0,-0.0023336286352598,-76
0.3669,0.3669,0.3669,0.366901,0,0,1735393,1749882,1,0,0,0,-0.00230750998667421,-76
0.3679,0.3679,0.3679,0.367901,0,0,1682964,1692102,1,0,0,0,-0.0022354074042342,-73
0.3689,0.3689,0.3689,0.368901,0,0,1630536,1632924,1,0,0,0,-0.00213191653170521,-70
0.3699,0.3699,0.3699,0.369901,0,0,1578107,1578121,1,0,0,0,-0.00209435976044751,-69
0.3709,0.3709,0.3709,0.370901,0,0,1525678,1521451,1,0,0,0,-0.00202144346201191,-66
0.3719,0.3719,0.3719,0.371901,0,0,1473249,1469933,1,0,0,0,-0.00203128928405513,-67
0.3729,0.3729,0.3729,0.372901,0,0,1420820,1415768,1,0,0,0,-0.00199687024066576,-65
0.3739,0.3739,0.3739,0.373901,0,0,1368392,1364222,1,0,0,0,-0.00200510269582855,-66
0.3749,0.3749,0.3749,0.374901,0,0,1315963,1311247,1,0,0,0,-0.00198997517498635,-65
0.3759,0.3759,0.3759,0.375901,0,0,1263534,1258029,1,0,0,0,-0.00196990928360709,-65
0.3769,0.3769,0.3769,0.376901,0,0,1211105,1206060,1,0,0,0,-0.00197024526021967,-65
0.3779,0.3779,0.3779,0.377901,0,0,1158676,1155521,1,0,0,0,-0.00199580922114501,-65
0.3789,0.3789,0.3789,0.378901,0,0,1106248,1104798,1,0,0,0,-0.00202080548905342,-66
0.3799,0.3799,0.3799,0.379901,0,0,1053819,1050709,1,0,0,0,-0.00199025938422294,-65
0.3809,0.3809,0.3809,0.380901,0,0,1001390,1000227,1,0,0,0,-0.00201944897525089,-66
0.3819,0.3819,0.3819,0.381901,0,0,948961,950390,1,0,0,0,-0.00206242265764329,-68
0.3829,0.3829,0.3829,0.382901,0,0,896532,896703,1,0,0,0,-0.00204275938909654,-67
0.3839,0.3839,0.3839,0.383901,0,0,844104,841648,1,0,0,0,-0.00199782576752786,-65
0.3849,0.3849,0.3849,0.384901,0,0,791675,786934,1,0,0,0,-0.00195513688465648,-64
0.3859,0.3859,0.3859,0.385901,0,0,739246,735940,1,0,0,0,-0.00197328947043021,-65
0.3869,0.3869,0.3869,0.386901,0,0,686817,683440,1,0,0,0,-0.00196753098132149,-64
0.3879,0.3879,0.3879,0.387901,0,0,634388,633933,1,0,0,0,-0.00201312349575026,-66
0.3889,0.3889,0.3889,0.388901,0,0,581960,583368,1,0,0,0,-0.00204455581468808,-67
0.3899,0.3899,0.3899,0.389901,0,0,529531,529937,1,0,0,0,-0.00202925443680431,-66
0.3909,0.3909,0.3909,0.390901,0,0,477102,477329,1,0,0,0,-0.00202672494390108,-66
0.3919,0.3919,0.3919,0.391901,0,0,424673,422390,1,0,0,0,-0.00198386589887208,-65
0.3929,0.3929,0.3929,0.392901,0,0,372244,377731,1,0,0,0,-0.00211435437447608,-69
0.3939,0.3939,0.3939,0.393901,0,0,319816,326778,1,0,0,0,-0.00214728040357153,-70
0.3949,0.3949,0.3949,0.394901,0,0,267387,277382,1,0,0,0,-0.00220902917540425,-72
0.3959,0.3959,0.3959,0.395901,0,0,214958,233875,1,0,0,0,-0.00237621046351753,-78
0.3969,0.3969,0.3969,0.396901,0,0,162529,173268,1,0,0,0,-0.00226159669362652,-74
0.3979,0.3979,0.3979,0.397901,0,0,110100,116616,1,0,0,0,-0.00220373992410293,-72
0.3989,0.3989,0.3989,0.398901,0,0,57672,58294,1,0,0,0,-0.00211134868465538,-69
0.3999,0.3999,0.3999,0.399901,0,0,5243,3530,1,0,0,0,-0.00207204033065315,-68
0.4009,0.4009,0.4009,0.400901,0,0,0,-49976,1,0,0,0,-0.00123964877571894,-41
0.4019,0.4019,0.4019,0.401901,0,0,0,-85877,1,0,0,0,-0.000553464493795176,-18
0.4029,0.4029,0.4029,0.402901,0,0,0,-101553,1,0,0,0,-0.000165711664311878,-5
0.4039,0.4039,0.4039,0.403901,0,0,0,-104938,1,0,0,0,3.22154306484624e-05,1
0.4049,0.4049,0.4049,0.404901,0,0,0,-110822,1,0,0,0,0.000277786537450659,9
0.4059,0.4059,0.4059,0.405901,0,0,0,-100469,1,0,0,0,0.000252212638546709,8
0.4069,0.4069,0.4069,0.406901,0,0,0,-90965,1,0,0,0,0.000226999907061223,7
0.4079,0.4079,0.4079,0.407901,0,0,0,-91406,1,0,0,0,0.000359723974267415,12
0.4089,0.4089,0.4089,0.408901,0,0,0,-81364,1,0,0,0,0.000312789539344486,10
0.4099,0.4099,0.4099,0.409901,0,0,0,-69745,1,0,0,0,0.000224906336323642,7
0.4109,0.4109,0.4109,0.410901,0,0,0,-59011,1,0,0,0,0.000136264715474104,4
0.4119,0.4119,0.4119,0.411901,0,0,0,-59426,1,0,0,0,0.00022458207049107,7
0.4129,0.4129,0.4129,0.412901,0,0,0,-53789,1,0,0,0,0.000209403497425642,7
0.4139,0.4139,0.4139,0.413901,0,0,0,-46365,1,0,0,0,0.000155731288012978,5
0.4149,0.4149,0.4149,0.414901,0,0,0,-40803,1,0,0,0,0.000123869665644241,4
0.4159,0.4159,0.4159,0.415901,0,0,0,-50491,1,0,0,0,0.000346621647367411,11
0.4169,0.4169,0.4169,0.416901,0,0,0,-47371,1,0,0,0,0.000362433668371238,12
0.4179,0.4179,0.4179,0.417901,0,0,0,-41307,1,0,0,0,0.000323314974849737,11
0.4189,0.4189,0.4189,0.418901,0,0,0,-35160,1,0,0,0,0.000274427799329599,9
0.4199,0.4199,0.4199,0.419901,0,0,0,-29674,1,0,0,0,0.00022846169972113,7
0.4209,0.4209,0.4209,0.420901,0,0,0,-24968,1,0,0,0,0.000188352716802299,6
0.4219,0.4219,0.4219,0.421901,0,0,0,-20985,1,0,0,0,0.000154204569960654,5
0.4229,0.4229,0.4229,0.422901,0,0,0,-17630,1,0,0,0,0.000125381697199506,4
0.4239,0.4239,0.4239,0.423901,0,0,0,-14810,1,0,0,0,0.000101129186856623,3
0.4249,0.4249,0.4249,0.424901,0,0,0,-12440,1,0,0,0,8.07453267131418e-05,3
0.4259,0.4259,0.4259,0.425901,0,0,0,-10449,1,0,0,0,6.36200299707686e-05,2
0.4269,0.4269,0.4269,0.426901,0,0,0,-8776,1,0,0,0,4.92345296960668e-05,2
0.4279,0.4279,0.4279,0.427901,0,0,0,-7372,1,0,0,0,3.71511552291313e-05,1
0.4289,0.4289,0.4289,0.428901,0,0,0,-6192,1,0,0,0,2.70016959538218e-05,1
0.4299,0.4299,0.4299,0.429901,0,0,0,-5201,1,0,0,0,1.84766948078215e-05,1
0.4309,0.4309,0.4309,0.430901,0,0,0,-4368,1,0,0,0,1.13161701129415e-05,0
0.4319,0.4319,0.4319,0.431901,0,0,0,-3669,1,0,0,0,5.30173515711655e-06,0
0.4329,0.4329,0.4329,0.432901,0,0,0,-3082,1,0,0,0,2.4995239189376e-07,0
0.4339,0.4339,0.4339,0.433901,0,0,0,-2589,1,0,0,0,-3.99325683031334e-06,0
0.4349,0.4349,0.4349,0.434901,0,0,0,-2174,1,0,0,0,-7.55731025633737e-06,0
0.4359,0.4359,0.4359,0.435901,0,0,0,-1826,1,0,0,0,-1.0550911548355e-05,0
0.4369,0.4369,0.4369,0.436901,0,0,0,-1534,1,0,0,0,-1.3065365617768e-05,0
0.4379,0.4379,0.4379,0.437901,0,0,0,-1288,1,0,0,0,-1.5177363387792e-05,0
0.4389,0.4389,0.4389,0.438901,0,0,0,-1082,1,0,0,0,-1.69513208568193e-05,-1
0.4399,0.4399,0.4399,0.439901,0,0,0,-909,1,0,0,0,-1.84413437847086e-05,-1
0.4409,0.4409,0.4409,0.440901,0,0,0,-764,1,0,0,0,-1.96928779190719e-05,-1
0.4419,0.4419,0.4419,0.441901,0,0,0,-641,1,0,0,0,-2.07440950917054e-05,-1
0.4429,0.4429,0.4429,0.442901,0,0,0,-539,1,0,0,0,-2.16270574605953e-05,-1
0.4439,0.4439,0.4439,0.443901,0,0,0,-452,1,0,0,0,-2.23686954067472e-05,-1
0.4449,0.4449,0.4449,0.444901,0,0,0,-380,1,0,0,0,-2.29916289116743e-05,-1
0.4459,0.4459,0.4459,0.445901,0,0,0,-319,1,0,0,0,-2.35148574675674e-05,-1
0.4469,0.4469,0.4469,0.446901,0,0,0,-268,1,0,0,0,-2.39543395624241e-05,-1
0.4479,0.4479,0.4479,0.447901,0,0,0,-225,1,0,0,0,-2.43234794144531e-05,-1
0.4489,0.4489,0.4489,0.448901,0,0,0,-189,1,0,0,0,-2.46335358011652e-05,-1
0.4499,0.4499,0.4499,0.449901,0,0,0,-159,1,0,0,0,-2.48939654524547e-05,-1
0.4509,0.4509,0.4509,0.450901,0,0,0,-133,1,0,0,0,-2.5112711481169e-05,-1
0.4519,0.4519,0.4519,0.451901,0,0,0,-112,1,0,0,0,-2.52964456483091e-05,-1
0.4529,0.4529,0.4529,0.452901,0,0,0,-94,1,0,0,0,-2.54507718519577e-05,-1
0.4539,0.4539,0.4539,0.453901,0,0,0,-79,1,0,0,0,-2.55803970463529e-05,-1
0.4549,0.4549,0.4549,0.454901,0,0,0,-66,1,0,0,0,-2.56892748041461e-05,-1
0.4559,0.4559,0.4559,0.455901,0,0,0,-56,1,0,0,0,-2.57807259004965e-05,-1
0.4569,0.4569,0.4569,0.456901,0,0,0,-47,1,0,0,0,-2.58575395968217e-05,-1
0.4579,0.4579,0.4579,0.457901,0,0,0,-39,1,0,0,0,-2.59220587133616e-05,-1
0.4589,0.4589,0.4589,0.458901,0,0,0,-33,1,0,0,0,-2.59762510852723e-05,-1
0.4599,0.4599,0.4599,0.459901,0,0,0,-28,1,0,0,0,-2.60217695816624e-05,-1
0.4609,0.4609,0.4609,0.460901,0,0,0,-23,1,0,0,0,-2.60600025181543e-05,-1
0.4619,0.4619,0.4619,0.461901,0,0,0,-20,1,0,0,0,-2.60921160005565e-05,-1
0.4629,0.4629,0.4629,0.462901,0,0,0,-16,1,0,0,0,-2.61190894911282e-05,-1
0.4639,0.4639,0.4639,0.463901,0,0,0,-14,1,0,0,0,-2.61417456822106e-05,-1
0.4649,0.4649,0.4649,0.464901,0,0,0,-12,1,0,0,0,-2.61607755883696e-05,-1
0.4659,0.4659,0.4659,0.465901,0,0,0,-10,1,0,0,0,-2.6176759622363e-05,-1
0.4669,0.4669,0.4669,0.466901,0,0,0,-8,1,0,0,0,-2.61901852977481e-05,-1
0.4679,0.4679,0.4679,0.467901,0,0,0,-7,1,0,0,0,-2.62014620980617e-05,-1
0.4689,0.4689,0.4689,0.468901,0,0,0,-6,1,0,0,0,-2.62109339660804e-05,-1
0.4699,0.4699,0.4699,0.469901,0,0,0,-5,1,0,0,0,-2.62188897940875e-05,-1
0.4709,0.4709,0.4709,0.470901,0,0,0,-4,1,0,0,0,-2.62255722350963e-05,-1
0.4719,0.4719,0.4719,0.471901,0,0,0,-3,1,0,0,0,-2.62311851037753e-05,-1
0.4729,0.4729,0.4729,0.472901,0,0,0,-3,1,0,0,0,-2.62358995928019e-05,-1
0.4739,0.4739,0.4739,0.473901,0,0,0,-2,1,0,0,0,-2.62398594942451e-05,-1
0.4749,0.4749,0.4749,0.474901,0,0,0,-2,1,0,0,0,-2.62431855852279e-05,-1
0.4759,0.4759,0.4759,0.475901,0,0,0,-2,1,0,0,0,-2.62459793116336e-05,-1
0.4769,0.4769,0.4769,0.476901,0,0,0,-1,1,0,0,0,-2.62483258822085e-05,-1
0.4779,0.4779,0.4779,0.477901,0,0,0,-1,1,0,0,0,-2.62502968674317e-05,-1
0.4789,0.4789,0.4789,0.478901,0,0,0,-12333,1,0,0,0,0.000185841745342937,6
0.4799,0.4799,0.4799,0.479901,0,0,0,-19269,1,0,0,0,0.000322083408071727,11
0.4809,0.4809,0.4809,0.480901,0,0,0,-18910,1,0,0,0,0.000342426270408181,11
0.4819,0.4819,0.4819,0.481901,0,0,0,-16717,1,0,0,0,0.000330729225293077,11
0.4829,0.4829,0.4829,0.482901,0,0,0,-12800,1,0,0,0,0.000286360201760136,9
0.4839,0.4839,0.4839,0.483901,0,0,0,5279,1,0,0,0,-6.94587404716857e-06,0
0.4849,0.4849,0.4849,0.484901,0,0,0,9338,1,0,0,0,-8.4013798262972e-05,-3
0.4859,0.4859,0.4859,0.485901,0,0,0,9343,1,0,0,0,-9.69567324674858e-05,-3
0.4869,0.4869,0.4869,0.486901,0,0,0,8307,1,0,0,0,-9.19850163584945e-05,-3
0.4879,0.4879,0.4879,0.487901,0,0,0,7118,1,0,0,0,-8.29624992334211e-05,-3
0.4889,0.4889,0.4889,0.488901,0,0,0,6021,1,0,0,0,-7.39014846847645e-05,-2
0.4899,0.4899,0.4899,0.489901,0,0,0,5071,1,0,0,0,-6.58372017715572e-05,-2
0.4909,0.4909,0.4909,0.490901,0,0,0,4263,1,0,0,0,-5.89249194308049e-05,-2
0.4919,0.4919,0.4919,0.491901,0,0,0,3582,1,0,0,0,-5.30765534240715e-05,-2
0.4929,0.4929,0.4929,0.492901,0,0,0,3009,1,0,0,0,-4.81512760910492e-05,-2
0.4939,0.4939,0.4939,0.493901,0,0,0,2528,1,0,0,0,-4.40103525634232e-05,-1
0.4949,0.4949,0.4949,0.494901,0,0,0,2123,1,0,0,0,-4.05309983086888e-05,-1
0.4959,0.4959,0.4959,0.495901,0,0,0,1783,1,0,0,0,-3.76081678094829e-05,-1
0.4969,0.4969,0.4969,0.496901,0,0,0,1498,1,0,0,0,-3.51530434642905e-05,-1
0.4979,0.4979,0.4979,0.497901,0,0,0,1258,1,0,0,0,-3.30908444914517e-05,-1
0.4989,0.4989,0.4989,0.498901,0,0,0,1057,1,0,0,0,-3.13587045269629e-05,-1
0.4999,0.4999,0.4999,0.499901,0,0,0,888,1,0,0,0,-2.99038026589289e-05,-1
0.5009,0.5009,0.5009,0.500901,0,0,-47186,746,1,0,0,0,-0.00084018813558324,-28
0.5019,0.5019,0.5019,0.501901,0,0,-99615,-15216,1,0,0,0,-0.00153329588452452,-50
0.5029,0.5029,0.5029,0.502901,0,0,-152044,-55859,1,0,0,0,-0.00185211575517375,-61
0.5039,0.5039,0.5039,0.503901,0,0,-204472,-99818,1,0,0,0,-0.00213010590625673,-70
0.5049,0.5049,0.5049,0.504901,0,0,-256901,-159457,1,0,0,0,-0.00215009499894086,-70
0.5059,0.5059,0.5059,0.505901,0,0,-309330,-211939,1,0,0,0,-0.00228325147373047,-75
0.5069,0.5069,0.5069,0.506901,0,0,-361759,-272251,1,0,0,0,-0.00228166295582338,-75
0.5079,0.5079,0.5079,0.507901,0,0,-414188,-332415,1,0,0,0,-0.00227178215729972,-74
0.5089,0.5089,0.5089,0.508901,0,0,-466616,-389107,1,0,0,0,-0.00231098288417756,-76
0.5099,0.5099,0.5099,0.509901,0,0,-519045,-448776,1,0,0,0,-0.00229309515595083,-75
0.5109,0.5109,0.5109,0.510901,0,0,-571474,-510399,1,0,0,0,-0.00223165033920968,-73
0.5119,0.5119,0.5119,0.511901,0,0,-623903,-567556,1,0,0,0,-0.00223436738786038,-73
0.5129,0.5129,0.5129,0.512901,0,0,-676332,-622606,1,0,0,0,-0.00226680819554997,-74
0.5139,0.5139,0.5139,0.513901,0,0,-728760,-685185,1,0,0,0,-0.00216616073607358,-71
0.5149,0.5149,0.5149,0.514901,0,0,-781189,-741127,1,0,0,0,-0.00216569461316052,-71
0.5159,0.5159,0.5159,0.515901,0,0,-833618,-793295,1,0,0,0,-0.00222530642377085,-73
0.5169,0.5169,0.5169,0.516901,0,0,-886047,-855202,1,0,0,0,-0.00211777349195371,-69
0.5179,0.5179,0.5179,0.517901,0,0,-938476,-910738,1,0,0,0,-0.00210677833676403,-69
0.5189,0.5189,0.5189,0.518901,0,0,-990904,-964624,1,0,0,0,-0.00211987556339324,-69
0.5199,0.5199,0.5199,0.519901,0,0,-1043333,-1020497,1,0,0,0,-0.0020967988738976,-69
0.5209,0.5209,0.5209,0.520901,0,0,-1095762,-1074864,1,0,0,0,-0.00209489267642844,-69
0.5219,0.5219,0.5219,0.521901,0,0,-1148191,-1127533,1,0,0,0,-0.00211950086325096,-69
0.5229,0.5229,0.5229,0.522901,0,0,-1200620,-1185389,1,0,0,0,-0.00205458802594424,-67
0.5239,0.5239,0.5239,0.523901,0,0,-1253048,-1240667,1,0,0,0,-0.00202655394539208,-66
0.5249,0.5249,0.5249,0.524901,0,0,-1305477,-1288892,1,0,0,0,-0.00211587503431437,-69
0.5259,0.5259,0.5259,0.525901,0,0,-1357906,-1334481,1,0,0,0,-0.00225631957299121,-74
0.5269,0.5269,0.5269,0.526901,0,0,-1410335,-1378961,1,0,0,0,-0.00242525523223265,-79
0.5279,0.5279,0.5279,0.527901,0,0,-1462764,-1437674,1,0,0,0,-0.00236034645802058,-77
0.5289,0.5289,0.5289,0.528901,0,0,-1515192,-1499398,1,0,0,0,-0.00223500040715384,-73
0.5299,0.5299,0.5299,0.529901,0,0,-1567621,-1555588,1,0,0,0,-0.00219204555812123,-72
0.5309,0.5309,0.5309,0.530901,0,0,-1620050,-1612493,1,0,0,0,-0.00213162661115865,-70
0.5319,0.5319,0.5319,0.531901,0,0,-1672479,-1666344,1,0,0,0,-0.00211757077501574,-69
0.5329,0.5329,0.5329,0.532901,0,0,-1724908,-1728568,1,0,0,0,-0.00195755105232527,-64
0.5339,0.5339,0.5339,0.533901,0,0,-1777336,-1776771,1,0,0,0,-0.00202518748581791,-66
0.5349,0.5349,0.5349,0.534901,0,0,-1829765,-1830093,1,0,0,0,-0.00201059743097306,-66
0.5359,0.5359,0.5359,0.535901,0,0,-1882194,-1882682,1,0,0,0,-0.0020073960216642,-66
0.5369,0.5369,0.5369,0.536901,0,0,-1934623,-1933797,1,0,0,0,-0.00202931640661589,-66
0.5379,0.5379,0.5379,0.537901,0,0,-1987052,-1986585,1,0,0,0,-0.00202428416794594,-66
0.5389,0.5389,0.5389,0.538901,0,0,-2039480,-2038733,1,0,0,0,-0.00202974728011821,-67
0.5399,0.5399,0.5399,0.539901,0,0,-2091909,-2092335,1,0,0,0,-0.00201059668404538,-66
0.5409,0.5409,0.5409,0.540901,0,0,-2144338,-2144384,1,0,0,0,-0.00201654732632064,-66
0.5419,0.5419,0.5419,0.541901,0,0,-2196767,-2197358,1,0,0,0,-0.00200710776964618,-66
0.5429,0.5429,0.5429,0.542901,0,0,-2249196,-2246541,1,0,0,0,-0.00206210731906906,-68
0.5439,0.5439,0.5439,0.543901,0,0,-2301624,-2303289,1,0,0,0,-0.00199148907015057,-65
0.5449,0.5449,0.5449,0.544901,0,0,-2354053,-2355362,1,0,0,0,-0.00199531830477838,-65
0.5459,0.5459,0.5459,0.545901,0,0,-2406482,-2406464,1,0,0,0,-0.00201632829474767,-66
0.5469,0.5469,0.5469,0.546901,0,0,-2458911,-2456369,1,0,0,0,-0.00205975467049905,-67
0.5479,0.5479,0.5479,0.547901,0,0,-2511340,-2512603,1,0,0,0,-0.00199781855723736,-65
0.5489,0.5489,0.5489,0.548901,0,0,-2563768,-2564431,1,0,0,0,-0.00200640817962338,-66
0.5499,0.5499,0.5499,0.549901,0,0,-2616197,-2615150,1,0,0,0,-0.00203490750387663,-67
0.5509,0.5509,0.5509,0.550901,0,0,-2668626,-2668821,1,0,0,0,-0.00201497919538914,-66
0.5519,0.5519,0.5519,0.551901,0,0,-2721055,-2720762,1,0,0,0,-0.0020231081144731,-66
0.5529,0.5529,0.5529,0.552901,0,0,-2773484,-2775753,1,0,0,0,-0.00197944132490023,-65
0.5539,0.5539,0.5539,0.553901,0,0,-2825912,-2829614,1,0,0,0,-0.00195168476253906,-64
0.5549,0.5549,0.5549,0.554901,0,0,-2878341,-2868397,1,0,0,0,-0.00218126655581845,-71
0.5559,0.5559,0.5559,0.555901,0,0,-2930770,-2912361,1,0,0,0,-0.00234053894582629,-77
0.5569,0.5569,0.5569,0.556901,0,0,-2983199,-2966594,1,0,0,0,-0.00233482808627419,-77
0.5579,0.5579,0.5579,0.557901,0,0,-3035628,-3027544,1,0,0,0,-0.00221112972121483,-72
0.5589,0.5589,0.5589,0.558901,0,0,-3088056,-3084875,1,0,0,0,-0.00213794048939473,-70
0.5599,0.5599,0.5599,0.559901,0,0,-3140485,-3139208,1,0,0,0,-0.00210957092767168,-69
0.5609,0.5609,0.5609,0.560901,0,0,-3192914,-3193371,1,0,0,0,-0.00208151174207098,-68
0.5619,0.5619,0.5619,0.561901,0,0,-3245343,-3244545,1,0,0,0,-0.00210245655379036,-69
0.5629,0.5629,0.5629,0.562901,0,0,-3297772,-3306655,1,0,0,0,-0.00193705087411019,-63
0.5639,0.5639,0.5639,0.563901,0,0,-3350200,-3355847,1,0,0,0,-0.00198050114461921,-65
0.5649,0.5649,0.5649,0.564901,0,0,-3402629,-3407318,1,0,0,0,-0.00198919607473299,-65
0.5659,0.5659,0.5659,0.565901,0,0,-3455058,-3459801,1,0,0,0,-0.00198182737647319,-65
0.5669,0.5669,0.5669,0.566901,0,0,-3507487,-3511538,1,0,0,0,-0.00198719303778631,-65
0.5679,0.5679,0.5679,0.567901,0,0,-3559916,-3561741,1,0,0,0,-0.00201990539844554,-66
0.5689,0.5689,0.5689,0.568901,0,0,-3612344,-3613448,1,0,0,0,-0.0020298072623001,-67
0.5699,0.5699,0.5699,0.569901,0,0,-3664773,-3665465,1,0,0,0,-0.00203536949711154,-67
0.5709,0.5709,0.5709,0.570901,0,0,-3717202,-3719026,1,0,0,0,-0.00201494185453229,-66
0.5719,0.5719,0.5719,0.571901,0,0,-3769631,-3770307,1,0,0,0,-0.00203217424749311,-67
0.5729,0.5729,0.5729,0.572901,0,0,-3822060,-3825503,1,0,0,0,-0.00198365059105785,-65
0.5739,0.5739,0.5739,0.573901,0,0,-3874488,-3877959,1,0,0,0,-0.00197844273261138,-65
0.5749,0.5749,0.5749,0.574901,0,0,-3926917,-3931077,1,0,0,0,-0.00196181035139802,-64
0.5759,0.5759,0.5759,0.575901,0,0,-3979346,-3981807,1,0,0,0,-0.00198531730554043,-65
0.5769,0.5769,0.5769,0.576901,0,0,-4031775,-4032946,1,0,0,0,-0.00200410728976294,-66
0.5779,0.5779,0.5779,0.577901,0,0,-4084204,-4086477,1,0,0,0,-0.00198353993130484,-65
0.5789,0.5789,0.5789,0.578901,0,0,-4136632,-4136425,1,0,0,0,-0.00202308324385608,-66
0.5799,0.5799,0.5799,0.579901,0,0,-4189061,-4187892,1,0,0,0,-0.00203989703890589,-67
0.5809,0.5809,0.5809,0.580901,0,0,-4241490,-4240798,1,0,0,0,-0.00203329620183949,-67
0.5819,0.5819,0.5819,0.581901,0,0,-4293919,-4293686,1,0,0,0,-0.00202635034394532,-66
0.5829,0.5829,0.5829,0.582901,0,0,-4346348,-4351501,1,0,0,0,-0.00193405199270385,-63
0.5839,0.5839,0.5839,0.583901,0,0,-4398776,-4395065,1,0,0,0,-0.00207941961760079,-68
0.5849,0.5849,0.5849,0.584901,0,0,-4451205,-4444746,1,0,0,0,-0.00213176930787022,-70
0.5859,0.5859,0.5859,0.585901,0,0,-4503634,-4491887,1,0,0,0,-0.00223160358868645,-73
0.5869,0.5869,0.5869,0.586901,0,0,-4556063,-4539805,1,0,0,0,-0.00232533611197052,-76
0.5879,0.5879,0.5879,0.587901,0,0,-4608492,-4597269,1,0,0,0,-0.0022611072517295,-74
0.5889,0.5889,0.5889,0.588901,0,0,-4660920,-4655829,1,0,0,0,-0.00217110132635188,-71
0.5899,0.5899,0.5899,0.589901,0,0,-4713349,-4711227,1,0,0,0,-0.00212704412612208,-70
0.5909,0.5909,0.5909,0.590901,0,0,-4765778,-4767896,1,0,0,0,-0.00205704195383989,-67
0.5919,0.5919,0.5919,0.591901,0,0,-4818207,-4819705,1,0,0,0,-0.00206479089085884,-68
0.5929,0.5929,0.5929,0.592901,0,0,-4870636,-4874582,1,0,0,0,-0.00202062928255691,-66
0.5939,0.5939,0.5939,0.593901,0,0,-4923064,-4930606,1,0,0,0,-0.0019533723639532,-64
0.5949,0.5949,0.5949,0.594901,0,0,-4975493,-4983074,1,0,0,0,-0.00194231621086183,-64
0.5959,0.5959,0.5959,0.595901,0,0,-5027922,-5030332,1,0,0,0,-0.00202081614003755,-66
0.5969,0.5969,0.5969,0.596901,0,0,-5080351,-5082092,1,0,0,0,-0.00202900458260618,-66
0.5979,0.5979,0.5979,0.597901,0,0,-5132780,-5136707,1,0,0,0,-0.00198901134598276,-65
0.5989,0.5989,0.5989,0.598901,0,0,-5185208,-5185150,1,0,0,0,-0.00205215485606891,-67
0.5999,0.5999,0.5999,0.599901,0,0,-5237637,-5240224,1,0,0,0,-0.00200673193934081,-66
0.6009,0.6009,0.6009,0.600901,0,0,-5242880,-5290338,1,0,0,0,-0.00123148911703811,-40
0.6019,0.6019,0.6019,0.601901,0,0,-5242880,-5324731,1,0,0,0,-0.000574702257293644,-19
0.6029,0.6029,0.6029,0.602901,0,0,-5242880,-5343264,1,0,0,0,-0.000143342093719915,-5
0.6039,0.6039,0.6039,0.603901,0,0,-5242880,-5349692,1,0,0,0,0.000105308943987084,3
0.6049,0.6049,0.6049,0.604901,0,0,-5242880,-5347259,1,0,0,0,0.000210422315688755,7
0.6059,0.6059,0.6059,0.605901,0,0,-5242880,-5341821,1,0,0,0,0.00026050819506165,9
0.6069,0.6069,0.6069,0.606901,0,0,-5242880,-5336200,1,0,0,0,0.000299975678882008,10
0.6079,0.6079,0.6079,0.607901,0,0,-5242880,-5327767,1,0,0,0,0.000283339416889753,9
0.6089,0.6089,0.6089,0.608901,0,0,-5242880,-5322874,1,0,0,0,0.000315966176157528,10
0.6099,0.6099,0.6099,0.609901,0,0,-5242880,-5315971,1,0,0,0,0.000307313430943857,10
0.6109,0.6109,0.6109,0.610901,0,0,-5242880,-5303379,1,0,0,0,0.000191322096191823,6
0.6119,0.6119,0.6119,0.611901,0,0,-5242880,-5296854,1,0,0,0,0.000162344137803269,5
0.6129,0.6129,0.6129,0.612901,0,0,-5242880,-5291971,1,0,0,0,0.000152618240100727,5
0.6139,0.6139,0.6139,0.613901,0,0,-5242880,-5288791,1,0,0,0,0.00016547514427052,5
0.6149,0.6149,0.6149,0.614901,0,0,-5242880,-5283763,1,0,0,0,0.000142162417890042,5
0.6159,0.6159,0.6159,0.615901,0,0,-5242880,-5284629,1,0,0,0,0.000213310279234877,7
0.6169,0.6169,0.6169,0.616901,0,0,-5242880,-5276432,1,0,0,0,0.000129768161468759,4
0.6179,0.6179,0.6179,0.617901,0,0,-5242880,-5272547,1,0,0,0,0.000109126021877336,4
0.6189,0.6189,0.6189,0.618901,0,0,-5242880,-5274618,1,0,0,0,0.000185565225184407,6
0.6199,0.6199,0.6199,0.619901,0,0,-5242880,-5264922,1,0,0,0,6.24650208580829e-05,2
0.6209,0.6209,0.6209,0.620901,0,0,-5242880,-5266651,1,0,0,0,0.000122534473431914,4
0.6219,0.6219,0.6219,0.621901,0,0,-5242880,-5260487,1,0,0,0,4.92335821611473e-05,2
0.6229,0.6229,0.6229,0.622901,0,0,-5242880,-5260939,1,0,0,0,8.12296933023776e-05,3
0.6239,0.6239,0.6239,0.623901,0,0,-5242880,-5256151,1,0,0,0,2.37341542468866e-05,1
0.6249,0.6249,0.6249,0.624901,0,0,-5242880,-5256500,1,0,0,0,4.79853548254197e-05,2
0.6259,0.6259,0.6259,0.625901,0,0,-5242880,-5255383,1,0,0,0,4.75183354083085e-05,2
0.6269,0.6269,0.6269,0.626901,0,0,-5242880,-5253013,1,0,0,0,2.39626521781917e-05,1
0.6279,0.6279,0.6279,0.627901,0,0,-5242880,-5255375,1,0,0,0,7.85342744206537e-05,3
0.6289,0.6289,0.6289,0.628901,0,0,-5242880,-5249858,1,0,0,0,8.29006535278939e-07,0
0.6299,0.6299,0.6299,0.629901,0,0,-5242880,-5253109,1,0,0,0,6.63413494192089e-05,2
0.6309,0.6309,0.6309,0.630901,0,0,-5242880,-5248709,1,0,0,0,4.74271516091426e-06,0
0.6319,0.6319,0.6319,0.631901,0,0,-5242880,-5250078,1,0,0,0,3.63126336407738e-05,1
0.6329,0.6329,0.6329,0.632901,0,0,-5242880,-5248651,1,0,0,0,2.16737707571474e-05,1
0.6339,0.6339,0.6339,0.633901,0,0,-5242880,-5246471,1,0,0,0,-7.87937918054846e-06,0
0.6349,0.6349,0.6349,0.634901,0,0,-5242880,-5251317,1,0,0,0,8.04047371400778e-05,3
0.6359,0.6359,0.6359,0.635901,0,0,-5242880,-5248232,1,0,0,0,3.89637374579236e-05,1
0.6369,0.6369,0.6369,0.636901,0,0,-5242880,-5246250,1,0,0,0,1.22347944518928e-05,0
0.6379,0.6379,0.6379,0.637901,0,0,-5242880,-5244286,1,0,0,0,-1.69129584258545e-05,-1
0.6389,0.6389,0.6389,0.638901,0,0,-5242880,-5247327,1,0,0,0,3.73346334265759e-05,1
0.6399,0.6399,0.6399,0.639901,0,0,-5242880,-5242645,1,0,0,0,-3.70756500916364e-05,-1
0.6409,0.6409,0.6409,0.640901,0,0,-5242880,-5246914,1,0,0,0,3.60178123205662e-05,1
0.6419,0.6419,0.6419,0.641901,0,0,-5242880,-5242996,1,0,0,0,-2.58189982584643e-05,-1
0.6429,0.6429,0.6429,0.642901,0,0,-5242880,-5243219,1,0,0,0,-2.18230392781061e-05,-1
0.6439,0.6439,0.6439,0.643901,0,0,-5242880,-5245987,1,0,0,0,2.62513999884029e-05,1
0.6449,0.6449,0.6449,0.644901,0,0,-5242880,-5243723,1,0,0,0,-8.40350791144561e-06,0
0.6459,0.6459,0.6459,0.645901,0,0,-5242880,-5243732,1,0,0,0,-7.0992215490618e-06,0
0.6469,0.6469,0.6469,0.646901,0,0,-5242880,-5244479,1,0,0,0,6.92702335728482e-06,0
0.6479,0.6479,0.6479,0.647901,0,0,-5242880,-5243283,1,0,0,0,-1.14472247648914e-05,0
0.6489,0.6489,0.6489,0.648901,0,0,-5242880,-5245963,1,0,0,0,3.51929290663642e-05,1
0.6499,0.6499,0.6499,0.649901,0,0,-5242880,-5241923,1,0,0,0,-3.00327415687718e-05,-1
0.6509,0.6509,0.6509,0.650901,0,0,-5242880,-5246447,1,0,0,0,4.64455171813289e-05,2
0.6519,0.6519,0.6519,0.651901,0,0,-5242880,-5239898,1,0,0,0,-6.12662237641493e-05,-2
0.6529,0.6529,0.6529,0.652901,0,0,-5242880,-5243660,1,0,0,0,-6.81054988208489e-07,0
0.6539,0.6539,0.6539,0.653901,0,0,-5242880,-5247018,1,0,0,0,5.8152033622696e-05,2
0.6549,0.6549,0.6549,0.654901,0,0,-5242880,-5242021,1,0,0,0,-2.2092531004143e-05,-1
0.6559,0.6559,0.6559,0.655901,0,0,-5242880,-5245693,1,0,0,0,3.98723363817306e-05,1
0.6569,0.6569,0.6569,0.656901,0,0,-5242880,-5241651,1,0,0,0,-2.57688550901384e-05,-1
0.6579,0.6579,0.6579,0.657901,0,0,-5242880,-5242382,1,0,0,0,-1.48848755086864e-05,0
0.6589,0.6589,0.6589,0.658901,0,0,-5242880,-5241663,1,0,0,0,-2.79359287818738e-05,-1
0.6599,0.6599,0.6599,0.659901,0,0,-5242880,-5241173,1,0,0,0,-3.80484933929103e-05,-1
0.6609,0.6609,0.6609,0.660901,0,0,-5242880,-5241169,1,0,0,0,-4.0457104581274e-05,-1
0.6619,0.6619,0.6619,0.661901,0,0,-5242880,-5246750,1,0,0,0,5.31715803628842e-05,2
0.6629,0.6629,0.6629,0.662901,0,0,-5242880,-5242681,1,0,0,0,-1.14928198872349e-05,0
0.6639,0.6639,0.6639,0.663901,0,0,-5242880,-5245036,1,0,0,0,2.87357362861328e-05,1
0.6649,0.6649,0.6649,0.664901,0,0,-5242880,-5241253,1,0,0,0,-3.33506804450233e-05,-1
0.6659,0.6659,0.6659,0.665901,0,0,-5242880,-5242501,1,0,0,0,-1.41361348055858e-05,0
0.6669,0.6669,0.6669,0.666901,0,0,-5242880,-5243614,1,0,0,0,4.48767854867381e-06,0
0.6679,0.6679,0.6679,0.667901,0,0,-5242880,-5241925,1,0,0,0,-2.35473708930631e-05,-1
0.6689,0.6689,0.6689,0.668901,0,0,-5242880,-5242308,1,0,0,0,-1.82776226664853e-05,-1
0.6699,0.6699,0.6699,0.669901,0,0,-5242880,-5242119,1,0,0,0,-2.23087671558108e-05,-1
0.6709,0.6709,0.6709,0.670901,0,0,-5242880,-5247551,1,0,0,0,7.0069057060682e-05,2
0.6719,0.6719,0.6719,0.671901,0,0,-5242880,-5243063,1,0,0,0,-7.02737285734658e-07,0
0.6729,0.6729,0.6729,0.672901,0,0,-5242880,-5244935,1,0,0,0,3.17414762236792e-05,1
0.6739,0.6739,0.6739,0.673901,0,0,-5242880,-5244304,1,0,0,0,2.37253383809858e-05,1
0.6749,0.6749,0.6749,0.674901,0,0,-5242880,-5239477,1,0,0,0,-5.73255017663009e-05,-2
0.6759,0.6759,0.6759,0.675901,0,0,-5242880,-5243457,1,0,0,0,6.4410642490032e-06,0
0.6769,0.6769,0.6769,0.676901,0,0,-5242880,-5246337,1,0,0,0,5.67539911697386e-05,2
0.6779,0.6779,0.6779,0.677901,0,0,-5242880,-5240745,1,0,0,0,-3.46592973017075e-05,-1
0.6789,0.6789,0.6789,0.678901,0,0,-5242880,-5240532,1,0,0,0,-4.12622834585074e-05,-1
0.6799,0.6799,0.6799,0.679901,0,0,-5242880,-5245258,1,0,0,0,3.67968039943355e-05,1
0.6809,0.6809,0.6809,0.680901,0,0,-5242880,-5243264,1,0,0,0,5.77119575052821e-06,0
0.6819,0.6819,0.6819,0.681901,0,0,-5242880,-5240476,1,0,0,0,-4.16442837289304e-05,-1
0.6829,0.6829,0.6829,0.682901,0,0,-5242880,-5244782,1,0,0,0,2.90996427132651e-05,1
0.6839,0.6839,0.6839,0.683901,0,0,-5242880,-5240552,1,0,0,0,-4.10342285113406e-05,-1
0.6849,0.6849,0.6849,0.684901,0,0,-5242880,-5240666,1,0,0,0,-4.22826158045249e-05,-1
0.6859,0.6859,0.6859,0.685901,0,0,-5242880,-5242736,1,0,0,0,-9.71865852980335e-06,0
0.6869,0.6869,0.6869,0.686901,0,0,-5242880,-5242986,1,0,0,0,-5.62532974731081e-06,0
0.6879,0.6879,0.6879,0.687901,0,0,-5242880,-5247593,1,0,0,0,7.37488278851251e-05,2
0.6889,0.6889,0.6889,0.688901,0,0,-5242880,-5242659,1,0,0,0,-4.61421929765036e-06,0
0.6899,0.6899,0.6899,0.689901,0,0,-5242880,-5244151,1,0,0,0,2.07356895012162e-05,1
0.6909,0.6909,0.6909,0.690901,0,0,-5242880,-5239678,1,0,0,0,-5.44364689849115e-05,-2
0.6919,0.6919,0.6919,0.691901,0,0,-5242880,-5240448,1,0,0,0,-4.56049362573223e-05,-1
0.6929,0.6929,0.6929,0.692901,0,0,-5242880,-5241923,1,0,0,0,-2.35856739403629e-05,-1
0.6939,0.6939,0.6939,0.693901,0,0,-5242880,-5242509,1,0,0,0,-1.48260636123408e-05,0
0.6949,0.6949,0.6949,0.694901,0,0,-5242880,-5247273,1,0,0,0,6.66079879708944e-05,2
0.6959,0.6959,0.6959,0.695901,0,0,-5242880,-5242530,1,0,0,0,-8.91929807789411e-06,0
0.6969,0.6969,0.6969,0.696901,0,0,-5242880,-5242194,1,0,0,0,-1.51829456117965e-05,0
0.6979,0.6979,0.6979,0.697901,0,0,-5242880,-5244713,1,0,0,0,2.71855485235226e-05,1
0.6989,0.6989,0.6989,0.698901,0,0,-5242880,-5243930,1,0,0,0,1.62509926638929e-05,1
0.6999,0.6999,0.6999,0.699901,0,0,-5242880,-5241586,1,0,0,0,-2.26172583025118e-05,-1
0.7009,0.7009,0.7009,0.700901,0,0,-5242880,-5241854,1,0,0,0,-1.9794115937462e-05,-1
0.7019,0.7019,0.7019,0.701901,0,0,-5242880,-5244576,1,0,0,0,2.5610759565909e-05,1
0.7029,0.7029,0.7029,0.702901,0,0,-5242880,-5243511,1,0,0,0,9.6230952169981e-06,0
0.7039,0.7039,0.7039,0.703901,0,0,-5242880,-5241200,1,0,0,0,-2.92553003386565e-05,-1
0.7049,0.7049,0.7049,0.704901,0,0,-5242880,-5241432,1,0,0,0,-2.75716538092692e-05,-1
0.7059,0.7059,0.7059,0.705901,0,0,-5242880,-5244064,1,0,0,0,1.57007086084637e-05,1
0.7069,0.7069,0.7069,0.706901,0,0,-5242880,-5243100,1,0,0,0,7.45332030528701e-07,0
0.7079,0.7079,0.7079,0.707901,0,0,-5242880,-5240844,1,0,0,0,-3.77463030652228e-05,-1
0.7089,0.7089,0.7089,0.708901,0,0,-5242880,-5240937,1,0,0,0,-3.89407105633625e-05,-1
0.7099,0.7099,0.7099,0.709901,0,0,-5242880,-5242643,1,0,0,0,-1.22715737465065e-05,0
0.7109,0.7109,0.7109,0.710901,0,0,-5242880,-5242332,1,0,0,0,-1.79500722292405e-05,-1
0.7119,0.7119,0.7119,0.711901,0,0,-5242880,-5246572,1,0,0,0,5.42047842548691e-05,2
0.7129,0.7129,0.7129,0.712901,0,0,-5242880,-5241345,1,0,0,0,-3.06025862282523e-05,-1
0.7139,0.7139,0.7139,0.713901,0,0,-5242880,-5241406,1,0,0,0,-3.16585914053386e-05,-1
0.7149,0.7149,0.7149,0.714901,0,0,-5242880,-5243306,1,0,0,0,-1.02208964455293e-06,0
0.7159,0.7159,0.7159,0.715901,0,0,-5242880,-5243663,1,0,0,0,5.7017892558618e-06,0
0.7169,0.7169,0.7169,0.716901,0,0,-5242880,-5244892,1,0,0,0,2.79221944961331e-05,1
0.7179,0.7179,0.7179,0.717901,0,0,-5242880,-5240935,1,0,0,0,-3.7370302752457e-05,-1
0.7189,0.7189,0.7189,0.718901,0,0,-5242880,-5241745,1,0,0,0,-2.61057402402238e-05,-1
0.7199,0.7199,0.7199,0.719901,0,0,-5242880,-5242582,1,0,0,0,-1.32831260714241e-05,0
0.7209,0.7209,0.7209,0.720901,0,0,-5242880,-5243009,1,0,0,0,-6.34579362250442e-06,0
0.7219,0.7219,0.7219,0.721901,0,0,-5242880,-5246917,1,0,0,0,6.10471912324951e-05,2
0.7229,0.7229,0.7229,0.722901,0,0,-5242880,-5241635,1,0,0,0,-2.42340977508099e-05,-1
0.7239,0.7239,0.7239,0.723901,0,0,-5242880,-5240809,1,0,0,0,-4.01654797797728e-05,-1
0.7249,0.7249,0.7249,0.724901,0,0,-5242880,-5241976,1,0,0,0,-2.29329323808475e-05,-1
0.7259,0.7259,0.7259,0.725901,0,0,-5242880,-5243968,1,0,0,0,1.00775840567364e-05,0
0.7269,0.7269,0.7269,0.726901,0,0,-5242880,-5244128,1,0,0,0,1.43199687934558e-05,0
0.7279,0.7279,0.7279,0.727901,0,0,-5242880,-5245144,1,0,0,0,3.35069526254483e-05,1
0.7289,0.7289,0.7289,0.728901,0,0,-5242880,-5243097,1,0,0,0,1.42883601828717e-06,0
0.7299,0.7299,0.7299,0.729901,0,0,-5242880,-5241742,1,0,0,0,-2.15837110057368e-05,-1
0.7309,0.7309,0.7309,0.730901,0,0,-5242880,-5241833,1,0,0,0,-2.15815604508328e-05,-1
0.7319,0.7319,0.7319,0.731901,0,0,-5242880,-5243039,1,0,0,0,-2.28429116440159e-06,0
0.7329,0.7329,0.7329,0.732901,0,0,-5242880,-5241925,1,0,0,0,-2.12173971200338e-05,-1
0.7339,0.7339,0.7339,0.733901,0,0,-5242880,-5244657,1,0,0,0,2.44490450706448e-05,1
0.7349,0.7349,0.7349,0.734901,0,0,-5242880,-5245510,1,0,0,0,4.15617042731686e-05,1
0.7359,0.7359,0.7359,0.735901,0,0,-5242880,-5243332,1,0,0,0,7.72299370133976e-06,0
0.7369,0.7369,0.7369,0.736901,0,0,-5242880,-5241815,1,0,0,0,-1.77484624572554e-05,-1
0.7379,0.7379,0.7379,0.737901,0,0,-5242880,-5241772,1,0,0,0,-1.99390673934112e-05,-1
0.7389,0.7389,0.7389,0.738901,0,0,-5242880,-5242921,1,0,0,0,-1.70797272764354e-06,0
0.7399,0.7399,0.7399,0.739901,0,0,-5242880,-5244589,1,0,0,0,2.70304643799413e-05,1
0.7409,0.7409,0.7409,0.740901,0,0,-5242880,-5245611,1,0,0,0,4.69687531140191e-05,2
0.7419,0.7419,0.7419,0.741901,0,0,-5242880,-5242769,1,0,0,0,1.84140867384899e-06,0
0.7429,0.7429,0.7429,0.742901,0,0,-5242880,-5247812,1,0,0,0,8.84123802047155e-05,3
0.7439,0.7439,0.7439,0.743901,0,0,-5242880,-5242513,1,0,0,0,4.07981539501233e-06,0
0.7449,0.7449,0.7449,0.744901,0,0,-5242880,-5240461,1,0,0,0,-3.17263385626974e-05,-1
0.7459,0.7459,0.7459,0.745901,0,0,-5242880,-5243184,1,0,0,0,1.17739568424025e-05,0
0.7469,0.7469,0.7469,0.746901,0,0,-5242880,-5241700,1,0,0,0,-1.33242453517968e-05,0
0.7479,0.7479,0.7479,0.747901,0,0,-5242880,-5245306,1,0,0,0,4.70626634942959e-05,2
0.7489,0.7489,0.7489,0.748901,0,0,-5242880,-5239576,1,0,0,0,-4.81393540821018e-05,-2
0.7499,0.7499,0.7499,0.749901,0,0,-5242880,-5239434,1,0,0,0,-5.51221087039866e-05,-2
0.7509,0.7509,0.7509,0.750901,0,0,-5195694,-5241015,1,0,0,0,0.000778835576352089,26
0.7519,0.7519,0.7519,0.751901,0,0,-5143265,-5223327,1,0,0,0,0.00143865596447155,47
0.7529,0.7529,0.7529,0.752901,0,0,-5090836,-5188512,1,0,0,0,0.00185172512459635,61
0.7539,0.7539,0.7539,0.753901,0,0,-5038408,-5138758,1,0,0,0,0.00203212249937264,67
0.7549,0.7549,0.7549,0.754901,0,0,-4985979,-5090815,1,0,0,0,0.00224733806110911,74
0.7559,0.7559,0.7559,0.755901,0,0,-4933550,-5044644,1,0,0,0,0.00249919903603104,82
0.7569,0.7569,0.7569,0.756901,0,0,-4881121,-4990366,1,0,0,0,0.00262024476675861,86
0.7579,0.7579,0.7579,0.757901,0,0,-4828692,-4925300,1,0,0,0,0.00255320200519856,84
0.7589,0.7589,0.7589,0.758901,0,0,-4776264,-4860115,1,0,0,0,0.00246674090647949,81
0.7599,0.7599,0.7599,0.759901,0,0,-4723835,-4794506,1,0,0,0,0.00235544356281579,77
0.7609,0.7609,0.7609,0.760901,0,0,-4671406,-4734814,1,0,0,0,0.00232776217184915,76
0.7619,0.7619,0.7619,0.761901,0,0,-4618977,-4670648,1,0,0,0,0.00221314338538779,73
0.7629,0.7629,0.7629,0.762901,0,0,-4566548,-4615431,1,0,0,0,0.00223627870838752,73
0.7639,0.7639,0.7639,0.763901,0,0,-4514120,-4552328,1,0,0,0,0.00211996572852516,69
0.7649,0.7649,0.7649,0.764901,0,0,-4461691,-4499306,1,0,0,0,0.0021623186111563,71
0.7659,0.7659,0.7659,0.765901,0,0,-4409262,-4443376,1,0,0,0,0.00215386757047345,71
0.7669,0.7669,0.7669,0.766901,0,0,-4356833,-4384909,1,0,0,0,0.00209694788476086,69
0.7679,0.7679,0.7679,0.767901,0,0,-4304404,-4330155,1,0,0,0,0.0020955978374898,69
0.7689,0.7689,0.7689,0.768901,0,0,-4251976,-4281926,1,0,0,0,0.00220324293361285,72
0.7699,0.7699,0.7699,0.769901,0,0,-4199547,-4221557,1,0,0,0,0.00210789832978209,69
0.7709,0.7709,0.7709,0.770901,0,0,-4147118,-4166675,1,0,0,0,0.00209599262702517,69
0.7719,0.7719,0.7719,0.771901,0,0,-4094689,-4112618,1,0,0,0,0.00209489253452704,69
0.7729,0.7729,0.7729,0.772901,0,0,-4042260,-4057467,1,0,0,0,0.00207274775073613,68
0.7739,0.7739,0.7739,0.773901,0,0,-3989832,-4000502,1,0,0,0,0.00201564990105831,66
0.7749,0.7749,0.7749,0.774901,0,0,-3937403,-3947266,1,0,0,0,0.00201645261973726,66
0.7759,0.7759,0.7759,0.775901,0,0,-3884974,-3894007,1,0,0,0,0.0020157540284207,66
0.7769,0.7769,0.7769,0.776901,0,0,-3832545,-3842303,1,0,0,0,0.00204064047771463,67
0.7779,0.7779,0.7779,0.777901,0,0,-3780116,-3788962,1,0,0,0,0.00203837067707932,67
0.7789,0.7789,0.7789,0.778901,0,0,-3727688,-3736308,1,0,0,0,0.00204667815076297,67
0.7799,0.7799,0.7799,0.779901,0,0,-3675259,-3686119,1,0,0,0,0.0020970531664355,69
0.7809,0.7809,0.7809,0.780901,0,0,-3622830,-3631147,1,0,0,0,0.00206825011392412,68
0.7819,0.7819,0.7819,0.781901,0,0,-3570401,-3573642,1,0,0,0,0.00199239660223925,65
0.7829,0.7829,0.7829,0.782901,0,0,-3517972,-3527481,1,0,0,0,0.00210465597897229,69
0.7839,0.7839,0.7839,0.783901,0,0,-3465544,-3473535,1,0,0,0,0.00209163311646131,69
0.7849,0.7849,0.7849,0.784901,0,0,-3413115,-3423690,1,0,0,0,0.00214707435510612,70
0.7859,0.7859,0.7859,0.785901,0,0,-3360686,-3380332,1,0,0,0,0.00231762948390237,76
0.7869,0.7869,0.7869,0.786901,0,0,-3308257,-3328482,1,0,0,0,0.00235461194579642,77
0.7879,0.7879,0.7879,0.787901,0,0,-3255828,-3266977,1,0,0,0,0.00222634768654205,73
0.7889,0.7889,0.7889,0.788901,0,0,-3203400,-3209603,1,0,0,0,0.00215663784268869,71
0.7899,0.7899,0.7899,0.789901,0,0,-3150971,-3154324,1,0,0,0,0.00211614948122568,69
0.7909,0.7909,0.7909,0.790901,0,0,-3098542,-3098751,1,0,0,0,0.00206668864632948,68
0.7919,0.7919,0.7919,0.791901,0,0,-3046113,-3045287,1,0,0,0,0.00204916472939298,67
0.7929,0.7929,0.7929,0.792901,0,0,-2993684,-2988515,1,0,0,0,0.00197334795669803,65
0.7939,0.7939,0.7939,0.793901,0,0,-2941256,-2939629,1,0,0,0,0.00202716104609396,66
0.7949,0.7949,0.7949,0.794901,0,0,-2888827,-2884431,1,0,0,0,0.00197729198961903,65
0.7959,0.7959,0.7959,0.795901,0,0,-2836398,-2831630,1,0,0,0,0.00196484759789435,64
0.7969,0.7969,0.7969,0.796901,0,0,-2783969,-2783233,1,0,0,0,0.00202762550052776,66
0.7979,0.7979,0.7979,0.797901,0,0,-2731540,-2730539,1,0,0,0,0.00202204453460689,66
0.7989,0.7989,0.7989,0.798901,0,0,-2679112,-2679583,1,0,0,0,0.0020459961510483,67
0.7999,0.7999,0.7999,0.799901,0,0,-2626683,-2624874,1,0,0,0,0.00200744324414037,66
0.8009,0.8009,0.8009,0.800901,0,0,-2574254,-2571745,1,0,0,0,0.00199290418386982,65
0.8019,0.8019,0.8019,0.801901,0,0,-2521825,-2521011,1,0,0,0,0.00201859914054179,66
0.8029,0.8029,0.8029,0.802901,0,0,-2469396,-2468534,1,0,0,0,0.00201665705344625,66
0.8039,0.8039,0.8039,0.803901,0,0,-2416968,-2413830,1,0,0,0,0.00197633224685676,65
0.8049,0.8049,0.8049,0.804901,0,0,-2364539,-2365953,1,0,0,0,0.00205029634145458,67
0.8059,0.8059,0.8059,0.805901,0,0,-2312110,-2308283,1,0,0,0,0.00196211163221706,64
0.8069,0.8069,0.8069,0.806901,0,0,-2259681,-2258896,1,0,0,0,0.00200915890979535,66
0.8079,0.8079,0.8079,0.807901,0,0,-2207252,-2205188,1,0,0,0,0.00198607733891933,65
0.8089,0.8089,0.8089,0.808901,0,0,-2154824,-2153293,1,0,0,0,0.00199242333407229,65
0.8099,0.8099,0.8099,0.809901,0,0,-2102395,-2104478,1,0,0,0,0.00205246247449721,67
0.8109,0.8109,0.8109,0.810901,0,0,-2049966,-2051061,1,0,0,0,0.0020383330985842,67
0.8119,0.8119,0.8119,0.811901,0,0,-1997537,-1995114,1,0,0,0,0.00197932896711551,65
0.8129,0.8129,0.8129,0.812901,0,0,-1945108,-1949981,1,0,0,0,0.00210146612557946,69
0.8139,0.8139,0.8139,0.813901,0,0,-1892680,-1898072,1,0,0,0,0.00211711086530058,69
0.8149,0.8149,0.8149,0.814901,0,0,-1840251,-1848778,1,0,0,0,0.00217844946082008,71
0.8159,0.8159,0.8159,0.815901,0,0,-1787822,-1805633,1,0,0,0,0.00234984070258868,77
0.8169,0.8169,0.8169,0.816901,0,0,-1735393,-1748554,1,0,0,0,0.00229436505372319,75
0.8179,0.8179,0.8179,0.817901,0,0,-1682964,-1689194,1,0,0,0,0.00219328072108199,72
0.8189,0.8189,0.8189,0.818901,0,0,-1630536,-1631580,1,0,0,0,0.00211267578275609,69
0.8199,0.8199,0.8199,0.819901,0,0,-1578107,-1576470,1,0,0,0,0.00206799057012741,68
0.8209,0.8209,0.8209,0.820901,0,0,-1525678,-1524880,1,0,0,0,0.00208017345809888,68
0.8219,0.8219,0.8219,0.821901,0,0,-1473249,-1465888,1,0,0,0,0.00196619055415357,64
0.8229,0.8229,0.8229,0.822901,0,0,-1420820,-1416072,1,0,0,0,0.00200100475616185,66
0.8239,0.8239,0.8239,0.823901,0,0,-1368392,-1362111,1,0,0,0,0.00196811989005847,64
0.8249,0.8249,0.8249,0.824901,0,0,-1315963,-1311862,1,0,0,0,0.00199697001508104,65
0.8259,0.8259,0.8259,0.825901,0,0,-1263534,-1259583,1,0,0,0,0.00199389907386685,65
0.8269,0.8269,0.8269,0.826901,0,0,-1211105,-1210172,1,0,0,0,0.00204035732354265,67
0.8279,0.8279,0.8279,0.827901,0,0,-1158676,-1153730,1,0,0,0,0.00197006873582375,65
0.8289,0.8289,0.8289,0.828901,0,0,-1106248,-1106075,1,0,0,0,0.00204535380160679,67
0.8299,0.8299,0.8299,0.829901,0,0,-1053819,-1052054,1,0,0,0,0.00201773703154464,66
0.8309,0.8309,0.8309,0.830901,0,0,-1001390,-998926,1,0,0,0,0.00200328974475449,66
0.8319,0.8319,0.8319,0.831901,0,0,-948961,-948019,1,0,0,0,0.00202605868514211,66
0.8329,0.8329,0.8329,0.832901,0,0,-896532,-895342,1,0,0,0,0.00202049673881737,66
0.8339,0.8339,0.8339,0.833901,0,0,-844104,-840452,1,0,0,0,0.00197653417023596,65
0.8349,0.8349,0.8349,0.834901,0,0,-791675,-792409,1,0,0,0,0.00204694320574723,67
0.8359,0.8359,0.8359,0.835901,0,0,-739246,-734555,1,0,0,0,0.00195465184269769,64
0.8369,0.8369,0.8369,0.836901,0,0,-686817,-685046,1,0,0,0,0.00199841054337682,65
0.8379,0.8379,0.8379,0.837901,0,0,-634388,-634091,1,0,0,0,0.00202131083881615,66
0.8389,0.8389,0.8389,0.838901,0,0,-581960,-579850,1,0,0,0,0.00198974223852048,65
0.8399,0.8399,0.8399,0.839901,0,0,-529531,-530324,1,0,0,0,0.00203676444959967,67
0.8409,0.8409,0.8409,0.840901,0,0,-477102,-478844,1,0,0,0,0.00205416872255556,67
0.8419,0.8419,0.8419,0.841901,0,0,-424673,-421061,1,0,0,0,0.00196448011176236,64
0.8429,0.8429,0.8429,0.842901,0,0,-372244,-375415,1,0,0,0,0.00207617192487741,68
0.8439,0.8439,0.8439,0.843901,0,0,-319816,-323391,1,0,0,0,0.00208749112405372,68
0.8449,0.8449,0.8449,0.844901,0,0,-267387,-274097,1,0,0,0,0.00214631755065457,70
0.8459,0.8459,0.8459,0.845901,0,0,-214958,-230980,1,0,0,0,0.00231570212347431,76
0.8469,0.8469,0.8469,0.846901,0,0,-162529,-179256,1,0,0,0,0.00234986852806939,77
0.8479,0.8479,0.8479,0.847901,0,0,-110100,-117749,1,0,0,0,0.00221674359048919,73
0.8489,0.8489,0.8489,0.848901,0,0,-57672,-60431,1,0,0,0,0.00214318922970979,70
0.8499,0.8499,0.8499,0.849901,0,0,-5243,-5215,1,0,0,0,0.00209905701309545,69
0.8509,0.8509,0.8509,0.850901,0,0,0,50373,1,0,0,0,0.00123317142320812,40
0.8519,0.8519,0.8519,0.851901,0,0,0,88534,1,0,0,0,0.000507568407005365,17
0.8529,0.8529,0.8529,0.852901,0,0,0,104740,1,0,0,0,0.000107051732363771,4
0.8539,0.8539,0.8539,0.853901,0,0,0,106248,1,0,0,0,-6.29882829865144e-05,-2
0.8549,0.8549,0.8549,0.854901,0,0,0,103473,1,0,0,0,-0.000161447153110859,-5
0.8559,0.8559,0.8559,0.855901,0,0,0,103704,1,0,0,0,-0.000307776215606814,-10
0.8569,0.8569,0.8569,0.856901,0,0,0,97423,1,0,0,0,-0.000342442385090563,-11
0.8579,0.8579,0.8579,0.857901,0,0,0,84986,1,0,0,0,-0.000262590943269238,-9
0.8589,0.8589,0.8589,0.858901,0,0,0,72349,1,0,0,0,-0.000162185469116106,-5
0.8599,0.8599,0.8599,0.859901,0,0,0,77044,1,0,0,0,-0.000342464157092214,-11
0.8609,0.8609,0.8609,0.860901,0,0,0,71101,1,0,0,0,-0.000346268307539373,-11
0.8619,0.8619,0.8619,0.861901,0,0,0,61676,1,0,0,0,-0.000281987452104653,-9
0.8629,0.8629,0.8629,0.862901,0,0,0,52402,1,0,0,0,-0.000207353519796154,-7
0.8639,0.8639,0.8639,0.863901,0,0,0,44197,1,0,0,0,-0.000138350762455289,-5
0.8649,0.8649,0.8649,0.864901,0,0,0,37179,1,0,0,0,-7.84607081362913e-05,-3
0.8659,0.8659,0.8659,0.865901,0,0,0,31246,1,0,0,0,-2.75655618586202e-05,-1
0.8669,0.8669,0.8669,0.866901,0,0,0,38689,1,0,0,0,-0.000198559581795434,-7
0.8679,0.8679,0.8679,0.867901,0,0,0,41484,1,0,0,0,-0.000299864362243543,-10
0.8689,0.8689,0.8689,0.868901,0,0,0,37594,1,0,0,0,-0.000290033422894482,-10
0.8699,0.8699,0.8699,0.869901,0,0,0,32418,1,0,0,0,-0.000252738569919384,-8
0.8709,0.8709,0.8709,0.870901,0,0,0,27486,1,0,0,0,-0.000212530157309149,-7
0.8719,0.8719,0.8719,0.871901,0,0,0,23166,1,0,0,0,-0.000176040021513773,-6
0.8729,0.8729,0.8729,0.872901,0,0,0,19482,1,0,0,0,-0.000144559119989176,-5
0.8739,0.8739,0.8739,0.873901,0,0,0,16371,1,0,0,0,-0.000117862665955312,-4
0.8749,0.8749,0.8749,0.874901,0,0,0,13753,1,0,0,0,-9.53613780301898e-05,-3
0.8759,0.8759,0.8759,0.875901,0,0,0,11552,1,0,0,0,-7.64377843376181e-05,-3
0.8769,0.8769,0.8769,0.876901,0,0,0,9704,1,0,0,0,-6.05357668764758e-05,-2
0.8779,0.8779,0.8779,0.877901,0,0,0,8150,1,0,0,0,-4.7176753701973e-05,-2
0.8789,0.8789,0.8789,0.878901,0,0,0,6846,1,0,0,0,-3.59552645760881e-05,-1
0.8799,0.8799,0.8799,0.879901,0,0,0,5750,1,0,0,0,-2.65296463898261e-05,-1
0.8809,0.8809,0.8809,0.880901,0,0,0,4830,1,0,0,0,-1.86126018463322e-05,-1
0.8819,0.8819,0.8819,0.881901,0,0,0,4057,1,0,0,0,-1.19627172283744e-05,0
0.8829,0.8829,0.8829,0.882901,0,0,0,3407,1,0,0,0,-6.37718809163975e-06,0
0.8839,0.8839,0.8839,0.883901,0,0,0,2862,1,0,0,0,-1.68566089344469e-06,0
0.8849,0.8849,0.8849,0.884901,0,0,0,2404,1,0,0,0,2.25495448399855e-06,0
0.8859,0.8859,0.8859,0.885901,0,0,0,2019,1,0,0,0,5.56484644414417e-06,0
0.8869,0.8869,0.8869,0.886901,0,0,0,1696,1,0,0,0,8.34496664849624e-06,0
0.8879,0.8879,0.8879,0.887901,0,0,0,1425,1,0,0,0,1.06801088076235e-05,0
0.8889,0.8889,0.8889,0.888901,0,0,0,1197,1,0,0,0,1.26414948193028e-05,0
0.8899,0.8899,0.8899,0.889901,0,0,0,1005,1,0,0,0,1.42889470164539e-05,0
0.8909,0.8909,0.8909,0.890901,0,0,0,844,1,0,0,0,1.56727127434294e-05,1
0.8919,0.8919,0.8919,0.891901,0,0,0,709,1,0,0,0,1.6834996899571e-05,1
0.8929,0.8929,0.8929,0.892901,0,0,0,596,1,0,0,0,1.78112491893767e-05,1
0.8939,0.8939,0.8939,0.893901,0,0,0,500,1,0,0,0,1.86312453394473e-05,1
0.8949,0.8949,0.8949,0.894901,0,0,0,420,1,0,0,0,1.93199952590584e-05,1
0.8959,0.8959,0.8959,0.895901,0,0,0,353,1,0,0,0,1.98985058431895e-05,1
0.8969,0.8969,0.8969,0.896901,0,0,0,296,1,0,0,0,2.03844216834994e-05,1
0.8979,0.8979,0.8979,0.897901,0,0,0,249,1,0,0,0,2.07925632289451e-05,1
0.8989,0.8989,0.8989,0.898901,0,0,0,209,1,0,0,0,2.11353788099571e-05,1
0.8999,0.8999,0.8999,0.899901,0,0,0,176,1,0,0,0,2.14233243129229e-05,1
0.9009,0.9009,0.9009,0.900901,0,0,0,-512881,1,0,0,0,0.00884476139894689,290
0.9019,0.9019,0.9019,0.901901,0,0,0,-913805,1,0,0,0,0.0164455199207072,539
0.9029,0.9029,0.9029,0.902901,0,0,0,-1117564,1,0,0,0,0.0212070321503443,695
0.9039,0.9039,0.9039,0.903901,0,0,0,-1171270,1,0,0,0,0.0236682745503687,776
0.9049,0.9049,0.9049,0.904901,0,0,0,-1146556,1,0,0,0,0.0248547312295381,814
0.9059,0.9059,0.9059,0.905901,0,0,0,-1100891,1,0,0,0,0.0256468528056956,840
0.9069,0.9069,0.9069,0.906901,0,0,0,-1029569,1,0,0,0,0.0259349162409639,850
0.9079,0.9079,0.9079,0.907901,0,0,0,-944145,1,0,0,0,0.0258823099747712,848
0.9089,0.9089,0.9089,0.908901,0,0,0,-858170,1,0,0,0,0.0257027066094826,842
0.9099,0.9099,0.9099,0.909901,0,0,0,-776020,1,0,0,0,0.0254706022857619,835
0.9109,0.9109,0.9109,0.910901,0,0,0,-697638,1,0,0,0,0.025190255040986,825
0.9119,0.9119,0.9119,0.911901,0,0,0,-624530,1,0,0,0,0.0248927886141508,816
0.9129,0.9129,0.9129,0.912901,0,0,0,-565085,1,0,0,0,0.0247297070946781,810
0.9139,0.9139,0.9139,0.913901,0,0,0,-507693,1,0,0,0,0.0245201395317355,803
0.9149,0.9149,0.9149,0.914901,0,0,0,-455337,1,0,0,0,0.0243182317592387,797
0.9159,0.9159,0.9159,0.915901,0,0,0,-406088,1,0,0,0,0.0240977089276116,790
0.9169,0.9169,0.9169,0.916901,0,0,0,-366012,1,0,0,0,0.0239672026074554,785
0.9179,0.9179,0.9179,0.917901,0,0,0,-327485,1,0,0,0,0.0238081817224645,780
0.9189,0.9189,0.9189,0.918901,0,0,0,-290435,1,0,0,0,0.02362156468429,774
0.9199,0.9199,0.9199,0.919901,0,0,0,-259848,1,0,0,0,0.0234951160372435,770
0.9209,0.9209,0.9209,0.920901,0,0,0,-236574,1,0,0,0,0.0234523631054463,768
0.9219,0.9219,0.9219,0.921901,0,0,0,-210783,1,0,0,0,0.0233342988803765,765
0.9229,0.9229,0.9229,0.922901,0,0,0,-188871,1,0,0,0,0.0232474501956257,762
0.9239,0.9239,0.9239,0.923901,0,0,0,-171291,1,0,0,0,0.0232049772932444,760
0.9249,0.9249,0.9249,0.924901,0,0,0,-151542,1,0,0,0,0.0231009964399808,757
0.9259,0.9259,0.9259,0.925901,0,0,0,-136982,1,0,0,0,0.0230590871146084,756
0.9269,0.9269,0.9269,0.926901,0,0,0,-124461,1,0,0,0,0.023032212693173,755
0.9279,0.9279,0.9279,0.927901,0,0,0,-109053,1,0,0,0,0.0229384664208319,752
0.9289,0.9289,0.9289,0.928901,0,0,0,-97987,1,0,0,0,0.0228981912958995,750
0.9299,0.9299,0.9299,0.929901,0,0,0,-87604,1,0,0,0,0.0228544395533578,749
0.9309,0.9309,0.9309,0.930901,0,0,0,-76543,1,0,0,0,0.0227847544452086,747
0.9319,0.9319,0.9319,0.931901,0,0,0,-72388,1,0,0,0,0.0228185944146344,748
0.9329,0.9329,0.9329,0.932901,0,0,0,-63734,1,0,0,0,0.0227693576022752,746
0.9339,0.9339,0.9339,0.933901,0,0,0,-55845,1,0,0,0,0.0227213796575731,745
0.9349,0.9349,0.9349,0.934901,0,0,0,-50656,1,0,0,0,0.022708975929599,744
0.9359,0.9359,0.9359,0.935901,0,0,0,-44861,1,0,0,0,0.0226790034348154,743
0.9369,0.9369,0.9369,0.936901,0,0,0,-39554,1,0,0,0,0.0226494516322305,742
0.9379,0.9379,0.9379,0.937901,0,0,0,-40143,1,0,0,0,0.0227140083196727,744
0.9389,0.9389,0.9389,0.938901,0,0,0,-36517,1,0,0,0,0.0227068740910524,744
0.9399,0.9399,0.9399,0.939901,0,0,0,-31346,1,0,0,0,0.0226681889358433,743
0.9409,0.9409,0.9409,0.940901,0,0,0,-24707,1,0,0,0,0.0225971306163925,740
0.9419,0.9419,0.9419,0.941901,0,0,0,-21422,1,0,0,0,0.0225746248253439,740
0.9429,0.9429,0.9429,0.942901,0,0,0,-19363,1,0,0,0,0.0225686999059577,740
0.9439,0.9439,0.9439,0.943901,0,0,0,-17849,1,0,0,0,0.0225692974567499,740
0.9449,0.9449,0.9449,0.944901,0,0,0,-16643,1,0,0,0,0.0225731083879547,740
0.9459,0.9459,0.9459,0.945901,0,0,0,-15650,1,0,0,0,0.0225789254499581,740
0.9469,0.9469,0.9469,0.946901,0,0,0,-14821,1,0,0,0,0.0225862155743777,740
0.9479,0.9479,0.9479,0.947901,0,0,0,-14128,1,0,0,0,0.0225946781429006,740
0.9489,0.9489,0.9489,0.948901,0,0,0,-13546,1,0,0,0,0.022604105661665,741
0.9499,0.9499,0.9499,0.949901,0,0,0,-12276,1,0,0,0,0.0226008994677541,741
0.9509,0.9509,0.9509,0.950901,0,0,0,-11038,1,0,0,0,0.0225964996370459,740
0.9519,0.9519,0.9519,0.951901,0,0,0,-6075,1,0,0,0,0.0225263293418829,738
0.9529,0.9529,0.9529,0.952901,0,0,0,-5014,1,0,0,0,0.0225164395360661,738
0.9539,0.9539,0.9539,0.953901,0,0,0,-5364,1,0,0,0,0.0225293595561244,738
0.9549,0.9549,0.9549,0.954901,0,0,0,-6038,1,0,0,0,0.0225483283645349,739
0.9559,0.9559,0.9559,0.955901,0,0,0,-6720,1,0,0,0,0.0225683672671843,740
0.9569,0.9569,0.9569,0.956901,0,0,0,-5171,1,0,0,0,0.0225509769784456,739
0.9579,0.9579,0.9579,0.957901,0,0,0,-5052,1,0,0,0,0.022556052176046,739
0.9589,0.9589,0.9589,0.958901,0,0,0,-3079,1,0,0,0,0.0225290642134476,738
0.9599,0.9599,0.9599,0.959901,0,0,0,-2912,1,0,0,0,0.0225304239830182,738
0.9609,0.9609,0.9609,0.960901,0,0,0,-2363,1,0,0,0,0.0225249952110337,738
0.9619,0.9619,0.9619,0.961901,0,0,0,-131,1,0,0,0,0.0224898613252167,737
0.9629,0.9629,0.9629,0.962901,0,0,0,-709,1,0,0,0,0.0224999745245257,737
0.9639,0.9639,0.9639,0.963901,0,0,0,-1944,1,0,0,0,0.022522195495224,738
0.9649,0.9649,0.9649,0.964901,0,0,0,-3211,1,0,0,0,0.0225466627449416,739
0.9659,0.9659,0.9659,0.965901,0,0,0,-3564,1,0,0,0,0.0225571546912048,739
0.9669,0.9669,0.9669,0.966901,0,0,0,-3723,1,0,0,0,0.0225647884720416,739
0.9679,0.9679,0.9679,0.967901,0,0,0,64,1,0,0,0,0.0225047855948281,737
0.9689,0.9689,0.9689,0.968901,0,0,0,156,1,0,0,0,0.022503116093536,737
0.9699,0.9699,0.9699,0.969901,0,0,0,-1016,1,0,0,0,0.0225230596441142,738
0.9709,0.9709,0.9709,0.970901,0,0,0,-2384,1,0,0,0,0.0225479853682265,739
0.9719,0.9719,0.9719,0.971901,0,0,0,-1494,1,0,0,0,0.0225359442053049,738
0.9729,0.9729,0.9729,0.972901,0,0,0,-1953,1,0,0,0,0.0225458930614045,739
0.9739,0.9739,0.9739,0.973901,0,0,0,-472,1,0,0,0,0.0225231151533559,738
0.9749,0.9749,0.9749,0.974901,0,0,0,-721,1,0,0,0,0.0225280467544249,738
0.9759,0.9759,0.9759,0.975901,0,0,0,-523,1,0,0,0,0.0225256290155822,738
0.9769,0.9769,0.9769,0.976901,0,0,0,1415,1,0,0,0,0.0224930275601725,737
0.9779,0.9779,0.9779,0.977901,0,0,0,590,1,0,0,0,0.022505268876826,737
0.9789,0.9789,0.9789,0.978901,0,0,0,-853,1,0,0,0,0.0225292776574212,738
0.9799,0.9799,0.9799,0.979901,0,0,0,-2993,1,0,0,0,0.0225672428430363,739
0.9809,0.9809,0.9809,0.980901,0,0,0,-2161,1,0,0,0,0.0225570585593356,739
0.9819,0.9819,0.9819,0.981901,0,0,0,-285,1,0,0,0,0.0225277677132032,738
0.9829,0.9829,0.9829,0.982901,0,0,0,1293,1,0,0,0,0.0225010272020798,737
0.9839,0.9839,0.9839,0.983901,0,0,0,375,1,0,0,0,0.0225150366139755,738
0.9849,0.9849,0.9849,0.984901,0,0,0,-1083,1,0,0,0,0.0225395834541968,739
0.9859,0.9859,0.9859,0.985901,0,0,0,-358,1,0,0,0,0.0225286082611919,738
0.9869,0.9869,0.9869,0.986901,0,0,0,-971,1,0,0,0,0.0225396408638683,739
0.9879,0.9879,0.9879,0.987901,0,0,0,361,1,0,0,0,0.0225180679772089,738
0.9889,0.9889,0.9889,0.988901,0,0,0,1491,1,0,0,0,0.022498140992691,737
0.9899,0.9899,0.9899,0.989901,0,0,0,3444,1,0,0,0,0.0224625000341411,736
0.9909,0.9909,0.9909,0.990901,0,0,0,2398,1,0,0,0,0.0224757574832949,736
0.9919,0.9919,0.9919,0.991901,0,0,0,697,1,0,0,0,0.0225017115947732,737
0.9929,0.9929,0.9929,0.992901,0,0,0,-983,1,0,0,0,0.0225296485695109,738
0.9939,0.9939,0.9939,0.993901,0,0,0,-2472,1,0,0,0,0.0225565952392307,739
0.9949,0.9949,0.9949,0.994901,0,0,0,-2964,1,0,0,0,0.0225684595255971,740
0.9959,0.9959,0.9959,0.995901,0,0,0,-379,1,0,0,0,0.0225280856899438,738
0.9969,0.9969,0.9969,0.996901,0,0,0,1391,1,0,0,0,0.022498163439672,737
0.9979,0.9979,0.9979,0.997901,0,0,0,512,1,0,0,0,0.022511374792822,738
0.9989,0.9989,0.9989,0.998901,0,0,0,-951,1,0,0,0,0.0225358247152958,738
0.9999,0.9999,0.9999,0.999901,0,0,0,-244,1,0,0,0,0.0225249681747018,738
1.0009,1.0009,1.0009,1.000901,0,0,0,-889,1,0,0,0,0.0225363966902321,738
1.0019,1.0019,1.0019,1.001901,0,0,0,426,1,0,0,0,0.0225150098697036,738
1.0029,1.0029,1.0029,1.002901,0,0,0,35,1,0,0,0,0.0225211552587279,738
1.0039,1.0039,1.0039,1.003901,0,0,0,116,1,0,0,0,0.0225196997797167,738
1.0049,1.0049,1.0049,1.004901,0,0,0,1965,1,0,0,0,0.0224877405570841,737
1.0059,1.0059,1.0059,1.005901,0,0,0,1057,1,0,0,0,0.0225006673501139,737
1.0069,1.0069,1.0069,1.006901,0,0,0,-460,1,0,0,0,0.0225252965644048,738
1.0079,1.0079,1.0079,1.007901,0,0,0,-1183,1,0,0,0,0.0225383622155043,739
1.0089,1.0089,1.0089,1.008901,0,0,0,-1701,1,0,0,0,0.0225489034693681,739
1.0099,1.0099,1.0099,1.009901,0,0,0,1769,1,0,0,0,0.0224915708238234,737
1.0109,1.0109,1.0109,1.010901,0,0,0,1574,1,0,0,0,0.0224924745793982,737
1.0119,1.0119,1.0119,1.011901,0,0,0,170,1,0,0,0,0.0225144638268538,738
1.0129,1.0129,1.0129,1.012901,0,0,0,-498,1,0,0,0,0.0225257208026159,738
1.0139,1.0139,1.0139,1.013901,0,0,0,-139,1,0,0,0,0.0225202325243371,738
1.0149,1.0149,1.0149,1.014901,0,0,0,-370,1,0,0,0,0.0225243846506248,738
1.0159,1.0159,1.0159,1.015901,0,0,0,650,1,0,0,0,0.0225073553389103,738
1.0169,1.0169,1.0169,1.016901,0,0,0,-487,1,0,0,0,0.0225260251532861,738
1.0179,1.0179,1.0179,1.017901,0,0,0,1755,1,0,0,0,0.0224881288209959,737
1.0189,1.0189,1.0189,1.018901,0,0,0,1749,1,0,0,0,0.0224858164893936,737
1.0199,1.0199,1.0199,1.019901,0,0,0,388,1,0,0,0,0.0225068260612271,738
1.0209,1.0209,1.0209,1.020901,0,0,0,-1869,1,0,0,0,0.0225450941181261,739
1.0219,1.0219,1.0219,1.021901,0,0,0,-1188,1,0,0,0,0.0225359563990025,738
1.0229,1.0229,1.0229,1.022901,0,0,0,554,1,0,0,0,0.0225076384542253,738
1.0239,1.0239,1.0239,1.023901,0,0,0,2004,1,0,0,0,0.0224819406371449,737
1.0249,1.0249,1.0249,1.024901,0,0,0,974,1,0,0,0,0.0224968948393335,737
1.0259,1.0259,1.0259,1.025901,0,0,0,-579,1,0,0,0,0.022522256352159,738
1.0269,1.0269,1.0269,1.026901,0,0,0,-1202,1,0,0,0,0.0225337672214362,738
1.0279,1.0279,1.0279,1.027901,0,0,0,-753,1,0,0,0,0.0225277033728873,738
1.0289,1.0289,1.0289,1.028901,0,0,0,-892,1,0,0,0,0.0225311307431315,738
1.0299,1.0299,1.0299,1.029901,0,0,0,209,1,0,0,0,0.0225134188590549,738
1.0309,1.0309,1.0309,1.030901,0,0,0,-858,1,0,0,0,0.0225314927702904,738
1.0319,1.0319,1.0319,1.031901,0,0,0,1443,1,0,0,0,0.0224930890061039,737
1.0329,1.0329,1.0329,1.032901,0,0,0,1487,1,0,0,0,0.0224903483481948,737
1.0339,1.0339,1.0339,1.033901,0,0,0,168,1,0,0,0,0.0225109975046585,738
1.0349,1.0349,1.0349,1.034901,0,0,0,-1356,1,0,0,0,0.0225369664550324,738
1.0359,1.0359,1.0359,1.035901,0,0,0,-1981,1,0,0,0,0.0225495830056653,739
1.0369,1.0369,1.0369,1.036901,0,0,0,-2386,1,0,0,0,0.0225592654148863,739
1.0379,1.0379,1.0379,1.037901,0,0,0,1190,1,0,0,0,0.0225010640554081,737
1.0389,1.0389,1.0389,1.038901,0,0,0,1087,1,0,0,0,0.0225011930709758,737
1.0399,1.0399,1.0399,1.039901,0,0,0,-232,1,0,0,0,0.0225223711069028,738
1.0409,1.0409,1.0409,1.040901,0,0,0,-825,1,0,0,0,0.0225328914110194,738
1.0419,1.0419,1.0419,1.041901,0,0,0,-410,1,0,0,0,0.0225268973224217,738
1.0429,1.0429,1.0429,1.042901,0,0,0,-1563,1,0,0,0,0.0225472828130447,739
1.0439,1.0439,1.0439,1.043901,0,0,0,-304,1,0,0,0,0.0225277780795815,738
1.0449,1.0449,1.0449,1.044901,0,0,0,-628,1,0,0,0,0.0225337785924659,738
1.0459,1.0459,1.0459,1.045901,0,0,0,1839,1,0,0,0,0.0224922144145301,737
1.0469,1.0469,1.0469,1.046901,0,0,0,1881,1,0,0,0,0.0224889546167782,737
1.0479,1.0479,1.0479,1.047901,0,0,0,517,1,0,0,0,0.0225098209761168,738
1.0489,1.0489,1.0489,1.048901,0,0,0,-1754,1,0,0,0,0.0225481683823254,739
1.0499,1.0499,1.0499,1.049901,0,0,0,-1094,1,0,0,0,0.0225392295056806,739
1.0509,1.0509,1.0509,1.050901,0,0,0,519642,1,0,0,0,0.0135850865042751,445
1.0519,1.0519,1.0519,1.051901,0,0,0,919448,1,0,0,0,0.00599424732978503,196
1.0529,1.0529,1.0529,1.052901,0,0,0,1106026,1,0,0,0,0.00152045046693283,50
1.0539,1.0539,1.0539,1.053901,0,0,0,1169793,1,0,0,0,-0.00109793531791575,-36
1.0549,1.0549,1.0549,1.054901,0,0,0,1158965,1,0,0,0,-0.00252117313914898,-83
1.0559,1.0559,1.0559,1.055901,0,0,0,1095655,1,0,0,0,-0.00302691515833743,-99
1.0569,1.0569,1.0569,1.056901,0,0,0,1022519,1,0,0,0,-0.00327656376190436,-107
1.0579,1.0579,1.0579,1.057901,0,0,0,936330,1,0,0,0,-0.00320111884541365,-105
1.0589,1.0589,1.0589,1.058901,0,0,0,850381,1,0,0,0,-0.00301119420023343,-99
1.0599,1.0599,1.0599,1.059901,0,0,0,772497,1,0,0,0,-0.00284174333818652,-93
1.0609,1.0609,1.0609,1.060901,0,0,0,695225,1,0,0,0,-0.00257564107371499,-84
1.0619,1.0619,1.0619,1.061901,0,0,0,630115,1,0,0,0,-0.00241240943482651,-79
1.0629,1.0629,1.0629,1.062901,0,0,0,566054,1,0,0,0,-0.00217761067390404,-71
1.0639,1.0639,1.0639,1.063901,0,0,0,510735,1,0,0,0,-0.00200504129042259,-66
1.0649,1.0649,1.0649,1.064901,0,0,0,457344,1,0,0,0,-0.00178950291651774,-59
1.0659,1.0659,1.0659,1.065901,0,0,0,410379,1,0,0,0,-0.00161102991083927,-53
1.0669,1.0669,1.0669,1.066901,0,0,0,363451,1,0,0,0,-0.00136858185627724,-45
1.0679,1.0679,1.0679,1.067901,0,0,0,327832,1,0,0,0,-0.00125606099337806,-41
1.0689,1.0689,1.0689,1.068901,0,0,0,298690,1,0,0,0,-0.00120591651135093,-40
1.0699,1.0699,1.0699,1.069901,0,0,0,266261,1,0,0,0,-0.00105915783944876,-35
1.0709,1.0709,1.0709,1.070901,0,0,0,239079,1,0,0,0,-0.000958013426973779,-31
1.0719,1.0719,1.0719,1.071901,0,0,0,214514,1,0,0,0,-0.000864482685047975,-28
1.0729,1.0729,1.0729,1.072901,0,0,0,193012,1,0,0,0,-0.000789829994437251,-26
1.0739,1.0739,1.0739,1.073901,0,0,0,166045,1,0,0,0,-0.000591598617770882,-19
1.0749,1.0749,1.0749,1.074901,0,0,0,156648,1,0,0,0,-0.000658447310519438,-22
1.0759,1.0759,1.0759,1.075901,0,0,0,138242,1,0,0,0,-0.000557413412267969,-18
1.0769,1.0769,1.0769,1.076901,0,0,0,118155,1,0,0,0,-0.000402149057039562,-13
1.0779,1.0779,1.0779,1.077901,0,0,0,115846,1,0,0,0,-0.000525010269011487,-17
1.0789,1.0789,1.0789,1.078901,0,0,0,103794,1,0,0,0,-0.00047711825050904,-16
1.0799,1.0799,1.0799,1.079901,0,0,0,89166,1,0,0,0,-0.000368354432028004,-12
1.0809,1.0809,1.0809,1.080901,0,0,0,75502,1,0,0,0,-0.000256032739377555,-8
1.0819,1.0819,1.0819,1.081901,0,0,0,63603,1,0,0,0,-0.000155275113867857,-5
1.0829,1.0829,1.0829,1.082901,0,0,0,68464,1,0,0,0,-0.00032639081353287,-11
1.0839,1.0839,1.0839,1.083901,0,0,0,64614,1,0,0,0,-0.000354373895340304,-12
1.0849,1.0849,1.0849,1.084901,0,0,0,56447,1,0,0,0,-0.000302807776723872,-10
1.0859,1.0859,1.0859,1.085901,0,0,0,48077,1,0,0,0,-0.000236530352766439,-8
1.0869,1.0869,1.0869,1.086901,0,0,0,40586,1,0,0,0,-0.000173835909762603,-6
1.0879,1.0879,1.0879,1.087901,0,0,0,34152,1,0,0,0,-0.000119027075737346,-4
1.0889,1.0889,1.0889,1.088901,0,0,0,28705,1,0,0,0,-7.23333581466854e-05,-2
1.0899,1.0899,1.0899,1.089901,0,0,0,24116,1,0,0,0,-3.29121884807226e-05,-1
1.0909,1.0909,1.0909,1.090901,0,0,0,20258,1,0,0,0,2.60865035779038e-07,0
1.0919,1.0919,1.0919,1.091901,0,0,0,17016,1,0,0,0,2.81431554106924e-05,1
1.0929,1.0929,1.0929,1.092901,0,0,0,14293,1,0,0,0,5.15684438359562e-05,2
1.0939,1.0939,1.0939,1.093901,0,0,0,24444,1,0,0,0,-0.000142677695717355,-5
1.0949,1.0949,1.0949,1.094901,0,0,0,29518,1,0,0,0,-0.000263567688831761,-9
1.0959,1.0959,1.0959,1.095901,0,0,0,27542,1,0,0,0,-0.000270203961059408,-9
1.0969,1.0969,1.0969,1.096901,0,0,0,23975,1,0,0,0,-0.000246745749609262,-8
1.0979,1.0979,1.0979,1.097901,0,0,0,20395,1,0,0,0,-0.000218160893055133,-7
1.0989,1.0989,1.0989,1.098901,0,0,0,17209,1,0,0,0,-0.00019143435985775,-6
1.0999,1.0999,1.0999,1.099901,0,0,0,14479,1,0,0,0,-0.000168154473424444,-6
1.1009,1.1009,1.1009,1.100901,0,0,0,12169,1,0,0,0,-0.000148346448421085,-5
1.1019,1.1019,1.1019,1.101901,0,0,0,10223,1,0,0,0,-0.00013163106107389,-4
1.1029,1.1029,1.1029,1.102901,0,0,0,8588,1,0,0,0,-0.000117567297517587,-4
1.1039,1.1039,1.1039,1.103901,0,0,0,7213,1,0,0,0,-0.000105747261013168,-3
1.1049,1.1049,1.1049,1.104901,0,0,0,6059,1,0,0,0,-9.58168790314132e-05,-3
1.1059,1.1059,1.1059,1.105901,0,0,0,-10890,1,0,0,0,0.000187335794861793,6
1.1069,1.1069,1.1069,1.106901,0,0,0,-15446,1,0,0,0,0.000280667947662076,9
1.1079,1.1079,1.1079,1.107901,0,0,0,-14900,1,0,0,0,0.000292539859457278,10
1.1089,1.1089,1.1089,1.108901,0,0,0,-13105,1,0,0,0,0.000282161850200654,9
1.1099,1.1099,1.1099,1.109901,0,0,0,-11188,1,0,0,0,0.000267219707737624,9
1.1109,1.1109,1.1109,1.110901,0,0,0,2987,1,0,0,0,3.8840997616835e-05,1
1.1119,1.1119,1.1119,1.111901,0,0,0,11478,1,0,0,0,-0.00011130150791328,-4
1.1129,1.1129,1.1129,1.112901,0,0,0,12385,1,0,0,0,-0.000142686596993024,-5
1.1139,1.1139,1.1139,1.113901,0,0,0,11242,1,0,0,0,-0.00014007054546768,-5
1.1149,1.1149,1.1149,1.114901,0,0,0,9699,1,0,0,0,-0.000129008605385013,-4
1.1159,1.1159,1.1159,1.115901,0,0,0,8225,1,0,0,0,-0.000117005427463498,-4
1.1169,1.1169,1.1169,1.116901,0,0,0,6933,1,0,0,0,-0.000106093880457532,-3
1.1179,1.1179,1.1179,1.117901,0,0,0,5831,1,0,0,0,-9.66750318452636e-05,-3
1.1189,1.1189,1.1189,1.118901,0,0,0,4900,1,0,0,0,-8.86861053196778e-05,-3
1.1199,1.1199,1.1199,1.119901,0,0,0,4116,1,0,0,0,-8.19521150304675e-05,-3
1.1209,1.1209,1.1209,1.120901,0,0,0,3457,1,0,0,0,-7.62886830002829e-05,-2
1.1219,1.1219,1.1219,1.121901,0,0,0,2904,1,0,0,0,-7.1529501234539e-05,-2
1.1229,1.1229,1.1229,1.122901,0,0,0,2439,1,0,0,0,-6.75313805833636e-05,-2
1.1239,1.1239,1.1239,1.123901,0,0,0,2049,1,0,0,0,-6.41729796726048e-05,-2
1.1249,1.1249,1.1249,1.124901,0,0,0,1721,1,0,0,0,-6.13520511509377e-05,-2
1.1259,1.1259,1.1259,1.125901,0,0,0,1445,1,0,0,0,-5.89826128898517e-05,-2
1.1269,1.1269,1.1269,1.126901,0,0,0,1214,1,0,0,0,-5.69924141628781e-05,-2
1.1279,1.1279,1.1279,1.127901,0,0,0,-15797,1,0,0,0,0.00023388908437522,8
1.1289,1.1289,1.1289,1.128901,0,0,0,-18863,1,0,0,0,0.000308365847867639,10
1.1299,1.1299,1.1299,1.129901,0,0,0,-17556,1,0,0,0,0.000311830756023649,10
1.1309,1.1309,1.1309,1.130901,0,0,0,-15269,1,0,0,0,0.000296664398933618,10
1.1319,1.1319,1.1319,1.131901,0,0,0,-12986,1,0,0,0,0.000278395670268213,9
1.1329,1.1329,1.1329,1.132901,0,0,0,2856,1,0,0,0,2.38131030243512e-05,1
1.1339,1.1339,1.1339,1.133901,0,0,0,10366,1,0,0,0,-0.000109278735997594,-4
1.1349,1.1349,1.1349,1.134901,0,0,0,11145,1,0,0,0,-0.000136923168558614,-4
1.1359,1.1359,1.1359,1.135901,0,0,0,10106,1,0,0,0,-0.000134402001497729,-4
1.1369,1.1369,1.1369,1.136901,0,0,0,8717,1,0,0,0,-0.000124409938346349,-4
1.1379,1.1379,1.1379,1.137901,0,0,0,7391,1,0,0,0,-0.00011360830265767,-4
1.1389,1.1389,1.1389,1.138901,0,0,0,6230,1,0,0,0,-0.00010379864497287,-3
1.1399,1.1399,1.1399,1.139901,0,0,0,5239,1,0,0,0,-9.53336669106797e-05,-3
1.1409,1.1409,1.1409,1.140901,0,0,0,4403,1,0,0,0,-8.81546086487466e-05,-3
1.1419,1.1419,1.1419,1.141901,0,0,0,3699,1,0,0,0,-8.21035141389278e-05,-3
1.1429,1.1429,1.1429,1.142901,0,0,0,3107,1,0,0,0,-7.70144870413079e-05,-3
1.1439,1.1439,1.1439,1.143901,0,0,0,2610,1,0,0,0,-7.27380208473421e-05,-2
1.1449,1.1449,1.1449,1.144901,0,0,0,2192,1,0,0,0,-6.91454296395075e-05,-2
1.1459,1.1459,1.1459,1.145901,0,0,0,1841,1,0,0,0,-6.61276735242937e-05,-2
1.1469,1.1469,1.1469,1.146901,0,0,0,1546,1,0,0,0,-6.35928742764565e-05,-2
1.1479,1.1479,1.1479,1.147901,0,0,0,1299,1,0,0,0,-6.1463770432796e-05,-2
1.1489,1.1489,1.1489,1.148901,0,0,0,-3264,1,0,0,0,1.52286002312614e-05,0
1.1499,1.1499,1.1499,1.149901,0,0,0,-17174,1,0,0,0,0.00025894239736195,8
1.1509,1.1509,1.1509,1.150901,0,0,0,-18840,1,0,0,0,0.000311226066366186,10
1.1519,1.1519,1.1519,1.151901,0,0,0,-17175,1,0,0,0,0.000308513801671804,10
1.1529,1.1529,1.1529,1.152901,0,0,0,-14840,1,0,0,0,0.000291971772672804,10
1.1539,1.1539,1.1539,1.153901,0,0,0,-12591,1,0,0,0,0.000273713935626559,9
1.1549,1.1549,1.1549,1.154901,0,0,0,6202,1,0,0,0,-3.21662835531876e-05,-1
1.1559,1.1559,1.1559,1.155901,0,0,0,10793,1,0,0,0,-0.00011964945582587,-4
1.1569,1.1569,1.1569,1.156901,0,0,0,10773,1,0,0,0,-0.000134163920079755,-4
1.1579,1.1579,1.1579,1.157901,0,0,0,9572,1,0,0,0,-0.000128316771955694,-4
1.1589,1.1589,1.1589,1.158901,0,0,0,8199,1,0,0,0,-0.000117887336222319,-4
1.1599,1.1599,1.1599,1.159901,0,0,0,6936,1,0,0,0,-0.00010743913877171,-4
1.1609,1.1609,1.1609,1.160901,0,0,0,5841,1,0,0,0,-9.81468515385606e-05,-3
1.1619,1.1619,1.1619,1.161901,0,0,0,4910,1,0,0,0,-9.01838892373134e-05,-3
1.1629,1.1629,1.1629,1.162901,0,0,0,4126,1,0,0,0,-8.34471304948669e-05,-3
1.1639,1.1639,1.1639,1.163901,0,0,0,3466,1,0,0,0,-7.77738547734098e-05,-3
1.1649,1.1649,1.1649,1.164901,0,0,0,2911,1,0,0,0,-7.30041049240846e-05,-2
1.1659,1.1659,1.1659,1.165901,0,0,0,2445,1,0,0,0,-6.89964041079836e-05,-2
1.1669,1.1669,1.1669,1.166901,0,0,0,2054,1,0,0,0,-6.56297411736364e-05,-2
1.1679,1.1679,1.1679,1.167901,0,0,0,1725,1,0,0,0,-6.28018071822247e-05,-2
1.1689,1.1689,1.1689,1.168901,0,0,0,1449,1,0,0,0,-6.04264645850051e-05,-2
1.1699,1.1699,1.1699,1.169901,0,0,0,1217,1,0,0,0,-5.84313003914059e-05,-2
1.1709,1.1709,1.1709,1.170901,0,0,0,-487,1,0,0,0,-3.07945369103946e-05,-1
1.1719,1.1719,1.1719,1.171901,0,0,0,-16656,1,0,0,0,0.000247949561012918,8
1.1729,1.1729,1.1729,1.172901,0,0,0,-18960,1,0,0,0,0.000310494517383317,10
1.1739,1.1739,1.1739,1.173901,0,0,0,-17446,1,0,0,0,0.000310537908556845,10
1.1749,1.1749,1.1749,1.174901,0,0,0,-15119,1,0,0,0,0.000294516843887983,10
1.1759,1.1759,1.1759,1.175901,0,0,0,-12841,1,0,0,0,0.000276147896293277,9
1.1769,1.1769,1.1769,1.176901,0,0,0,4155,1,0,0,0,1.50793609471586e-06,0
1.1779,1.1779,1.1779,1.177901,0,0,0,10568,1,0,0,0,-0.000114489513148042,-4
1.1789,1.1789,1.1789,1.178901,0,0,0,11041,1,0,0,0,-0.000137174670769844,-4
1.1799,1.1799,1.1799,1.179901,0,0,0,9936,1,0,0,0,-0.000133363264182695,-4
1.1809,1.1809,1.1809,1.180901,0,0,0,8549,1,0,0,0,-0.00012316704956893,-4
1.1819,1.1819,1.1819,1.181901,0,0,0,7242,1,0,0,0,-0.00011246301026337,-4
1.1829,1.1829,1.1829,1.182901,0,0,0,6102,1,0,0,0,-0.00010281764002308,-3
1.1839,1.1839,1.1839,1.183901,0,0,0,5131,1,0,0,0,-9.45158341894281e-05,-3
1.1849,1.1849,1.1849,1.184901,0,0,0,4312,1,0,0,0,-8.74815341646529e-05,-3
1.1859,1.1859,1.1859,1.185901,0,0,0,3622,1,0,0,0,-8.15543847016332e-05,-3
1.1869,1.1869,1.1869,1.186901,0,0,0,3043,1,0,0,0,-7.65701852101996e-05,-3
1.1879,1.1879,1.1879,1.187901,0,0,0,2556,1,0,0,0,-7.23819887318839e-05,-2
1.1889,1.1889,1.1889,1.188901,0,0,0,2147,1,0,0,0,-6.88636065003752e-05,-2
1.1899,1.1899,1.1899,1.189901,0,0,0,1803,1,0,0,0,-6.59082023218623e-05,-2
1.1909,1.1909,1.1909,1.190901,0,0,0,1514,1,0,0,0,-6.34257814515075e-05,-2
1.1919,1.1919,1.1919,1.191901,0,0,0,1272,1,0,0,0,-6.13406743837136e-05,-2
1.1929,1.1929,1.1929,1.192901,0,0,0,-9769,1,0,0,0,0.000126800427582375,4
1.1939,1.1939,1.1939,1.193901,0,0,0,-18322,1,0,0,0,0.000287327850715436,9
1.1949,1.1949,1.1949,1.194901,0,0,0,-18484,1,0,0,0,0.000315323614411231,10
1.1959,1.1959,1.1959,1.195901,0,0,0,-16472,1,0,0,0,0.000306155510397598,10
1.1969,1.1969,1.1969,1.196901,0,0,0,-14125,1,0,0,0,0.000288456755335337,9
1.1979,1.1979,1.1979,1.197901,0,0,0,-5122,1,0,0,0,0.000153043634426551,5
1.1989,1.1989,1.1989,1.198901,0,0,0,8491,1,0,0,0,-7.40250746705722e-05,-2
1.1999,1.1999,1.1999,1.199901,0,0,0,11046,1,0,0,0,-0.000129639627557258,-4
