row,offset_ns,clk,init_reset,pi_reset,sample_tick,clk_enable,result_valid,ref_raw,meas_raw,iq_ref_raw,integrator_register_raw,excess_register_raw,hard_reset
49,2,1,0,0,1,1,0,2097152,0,0,0,0,0
49,12,0,0,0,1,1,0,2097152,0,0,0,0,0
49,22,1,0,0,1,1,0,2097152,0,0,0,0,0
49,32,0,0,0,0,1,0,2097152,0,0,0,0,0
49,42,1,0,0,0,1,1,2097152,0,1182,3098128,0,0
49,52,0,0,0,0,1,1,2097152,0,1182,3098128,0,0
49,62,1,0,0,0,1,0,2097152,0,1182,3098128,0,0
49,72,0,0,0,0,1,0,2097152,0,1182,3098128,0,0
49,82,1,0,0,0,1,0,2097152,0,1182,3098128,0,0
49,92,0,0,0,0,1,0,2097152,0,1182,3098128,0,0
49,102,1,0,0,0,1,0,2097152,0,1182,3098128,0,0
49,112,0,0,0,0,1,0,2097152,0,1182,3098128,0,0
49,122,1,0,0,0,1,0,2097152,0,1182,3098128,0,0
49,132,0,0,0,0,1,0,2097152,0,1182,3098128,0,0
49,142,1,0,0,0,1,0,2097152,0,1182,3098128,0,0
49,152,0,0,0,0,1,0,2097152,0,1182,3098128,0,0
449,2,1,0,1,1,1,0,116292174,0,32768,536870912,1610612711,0
449,12,0,0,1,1,1,0,116292174,0,32768,536870912,1610612711,0
449,22,1,0,1,1,1,0,116292174,0,32768,536870912,1610612711,0
449,32,0,0,1,0,1,0,116292174,0,32768,536870912,1610612711,0
449,42,1,0,1,0,1,1,116292174,0,0,0,1610612711,1
449,52,0,0,1,0,1,1,116292174,0,0,0,1610612711,1
449,62,1,0,1,0,1,0,116292174,0,0,0,1610612711,1
449,72,0,0,1,0,1,0,116292174,0,0,0,1610612711,1
449,82,1,0,1,0,1,0,116292174,0,0,0,1610612711,1
449,92,0,0,1,0,1,0,116292174,0,0,0,1610612711,1
449,102,1,0,1,0,1,0,116292174,0,0,0,1610612711,1
449,112,0,0,1,0,1,0,116292174,0,0,0,1610612711,1
449,122,1,0,1,0,1,0,116292174,0,0,0,1610612711,1
449,132,0,0,1,0,1,0,116292174,0,0,0,1610612711,1
449,142,1,0,1,0,1,0,116292174,0,0,0,1610612711,1
449,152,0,0,1,0,1,0,116292174,0,0,0,1610612711,1
509,2,1,0,0,1,1,0,116292174,0,32768,355898329,1360645746,0
509,12,0,0,0,1,1,0,116292174,0,32768,355898329,1360645746,0
509,22,1,0,0,1,1,0,116292174,0,32768,355898329,1360645746,0
509,32,0,0,0,0,1,0,116292174,0,32768,355898329,1360645746,0
509,42,1,0,0,0,1,1,116292174,0,0,0,1429640128,1
509,52,0,0,0,0,1,1,116292174,0,0,0,1429640128,1
509,62,1,0,0,0,1,0,116292174,0,0,0,1429640128,1
509,72,0,0,0,0,1,0,116292174,0,0,0,1429640128,1
509,82,1,0,0,0,1,0,116292174,0,0,0,1429640128,1
509,92,0,0,0,0,1,0,116292174,0,0,0,1429640128,1
509,102,1,0,0,0,1,0,116292174,0,0,0,1429640128,1
509,112,0,0,0,0,1,0,116292174,0,0,0,1429640128,1
509,122,1,0,0,0,1,0,116292174,0,0,0,1429640128,1
509,132,0,0,0,0,1,0,116292174,0,0,0,1429640128,1
509,142,1,0,0,0,1,0,116292174,0,0,0,1429640128,1
509,152,0,0,0,0,1,0,116292174,0,0,0,1429640128,1
1959,2,1,0,0,1,1,0,5242880,10485760,-11175,-401825639,0,0
1959,12,0,0,0,1,1,0,5242880,10485760,-11175,-401825639,0,0
1959,22,1,0,0,1,1,0,5242880,10485760,-11175,-401825639,0,0
1959,32,0,0,0,0,1,0,5242880,10485760,-11175,-401825639,0,0
1959,42,1,0,0,0,1,1,5242880,10485760,-15217,0,0,0
1959,52,0,0,0,0,1,1,5242880,10485760,-15217,0,0,0
1959,62,1,0,0,0,1,0,5242880,10485760,-15217,0,0,0
1959,72,0,0,0,0,1,0,5242880,10485760,-15217,0,0,0
1959,82,1,0,0,0,1,0,5242880,10485760,-15217,0,0,0
1959,92,0,0,0,0,1,0,5242880,10485760,-15217,0,0,0
1959,102,1,0,0,0,1,0,5242880,10485760,-15217,0,0,0
1959,112,0,0,0,0,1,0,5242880,10485760,-15217,0,0,0
1959,122,1,0,0,0,1,0,5242880,10485760,-15217,0,0,0
1959,132,0,0,0,0,1,0,5242880,10485760,-15217,0,0,0
1959,142,1,0,0,0,1,0,5242880,10485760,-15217,0,0,0
1959,152,0,0,0,0,1,0,5242880,10485760,-15217,0,0,0
