SID,type,old_block_name,formal_block_name,old_tag,formal_tag
1612,ToWorkspace,Log,FPGA_Interface_Log,,
1458,Inport,ia,ia_A,,
1461,Inport,ib,ib_A,,
1464,Inport,ic,ic_A,,
1467,Inport,theta,theta_e_rad,,
1470,Inport,we,omega_e_radps,,
1473,Inport,id_cmd,outer_id_ref_A,,
1476,Inport,iq_cmd,outer_iq_ref_A,,
1479,Inport,vdc,vdc_V,,
1838,From,Read_1453_12_1598_12,Read_range_flags_1838,range_flags,range_flags
1856,From,Read_1453_13_1752_1,Read_id_ref_1856,id_ref,id_ref
1858,From,Read_1453_14_1754_1,Read_iq_ref_1858,iq_ref,iq_ref
1806,From,Read_1455_1_1738_1,Read_PWM_EN_1806,PWM_EN,PWM_EN
1835,From,Read_1567_10_1598_10,Read_raw_duty_v_1835,raw_duty_v,raw_duty_v
1818,From,Read_1567_10_1736_1,Read_raw_duty_v_1818,raw_duty_v,raw_duty_v
1836,From,Read_1567_11_1598_11,Read_raw_duty_w_1836,raw_duty_w,raw_duty_w
1820,From,Read_1567_11_1737_1,Read_raw_duty_w_1820,raw_duty_w,raw_duty_w
1822,From,Read_1567_1_1598_1,Read_cmp_u_active_1822,cmp_u_active,cmp_u_active
1847,From,Read_1567_1_1727_1,Read_cmp_u_active_1847,cmp_u_active,cmp_u_active
1824,From,Read_1567_2_1598_2,Read_cmp_v_active_1824,cmp_v_active,cmp_v_active
1848,From,Read_1567_2_1728_1,Read_cmp_v_active_1848,cmp_v_active,cmp_v_active
1826,From,Read_1567_3_1598_3,Read_cmp_w_active_1826,cmp_w_active,cmp_w_active
1849,From,Read_1567_3_1729_1,Read_cmp_w_active_1849,cmp_w_active,cmp_w_active
1828,From,Read_1567_4_1598_4,Read_accepted_sample_id_1828,accepted_sample_id,accepted_sample_id
1850,From,Read_1567_4_1730_1,Read_accepted_sample_id_1850,accepted_sample_id,accepted_sample_id
1830,From,Read_1567_5_1598_5,Read_active_command_id_1830,active_command_id,active_command_id
1851,From,Read_1567_5_1731_1,Read_active_command_id_1851,active_command_id,active_command_id
1831,From,Read_1567_6_1598_6,Read_active_valid_1831,active_valid,active_valid
1852,From,Read_1567_6_1732_1,Read_active_valid_1852,active_valid,active_valid
1808,From,Read_1567_6_1738_2,Read_active_valid_1808,active_valid,active_valid
1832,From,Read_1567_7_1598_7,Read_needs_reset_1832,needs_reset,needs_reset
1854,From,Read_1567_7_1734_1,Read_needs_reset_1854,needs_reset,needs_reset
1810,From,Read_1567_7_1738_3,Read_needs_reset_1810,needs_reset,needs_reset
1833,From,Read_1567_8_1598_8,Read_fault_code_1833,fault_code,fault_code
1853,From,Read_1567_8_1733_1,Read_fault_code_1853,fault_code,fault_code
1812,From,Read_1567_8_1738_4,Read_fault_code_1812,fault_code,fault_code
1834,From,Read_1567_9_1598_9,Read_raw_duty_u_1834,raw_duty_u,raw_duty_u
1816,From,Read_1567_9_1735_1,Read_raw_duty_u_1816,raw_duty_u,raw_duty_u
1840,From,Read_1735_1_1723_1,Read_fpga_duty_u_1840,fpga_duty_u,fpga_duty_u
1842,From,Read_1736_1_1724_1,Read_fpga_duty_v_1842,fpga_duty_v,fpga_duty_v
1844,From,Read_1737_1_1725_1,Read_fpga_duty_w_1844,fpga_duty_w,fpga_duty_w
1814,From,Read_1738_1_1739_1,Read_bridge_status_1814,bridge_status,bridge_status
1846,From,Read_1739_1_1726_1,Read_fpga_bridge_enable_1846,fpga_bridge_enable,fpga_bridge_enable
1837,Goto,Route_1453_12,Publish_range_flags,range_flags,range_flags
1855,Goto,Route_1453_13,Publish_id_ref,id_ref,id_ref
1857,Goto,Route_1453_14,Publish_iq_ref,iq_ref,iq_ref
1805,Goto,Route_1455_1,Publish_PWM_EN,PWM_EN,PWM_EN
1821,Goto,Route_1567_1,Publish_cmp_u_active,cmp_u_active,cmp_u_active
1817,Goto,Route_1567_10,Publish_raw_duty_v,raw_duty_v,raw_duty_v
1819,Goto,Route_1567_11,Publish_raw_duty_w,raw_duty_w,raw_duty_w
1823,Goto,Route_1567_2,Publish_cmp_v_active,cmp_v_active,cmp_v_active
1825,Goto,Route_1567_3,Publish_cmp_w_active,cmp_w_active,cmp_w_active
1827,Goto,Route_1567_4,Publish_accepted_sample_id,accepted_sample_id,accepted_sample_id
1829,Goto,Route_1567_5,Publish_active_command_id,active_command_id,active_command_id
1807,Goto,Route_1567_6,Publish_active_valid,active_valid,active_valid
1809,Goto,Route_1567_7,Publish_needs_reset,needs_reset,needs_reset
1811,Goto,Route_1567_8,Publish_fault_code,fault_code,fault_code
1815,Goto,Route_1567_9,Publish_raw_duty_u,raw_duty_u,raw_duty_u
1839,Goto,Route_1735_1,Publish_fpga_duty_u,fpga_duty_u,fpga_duty_u
1841,Goto,Route_1736_1,Publish_fpga_duty_v,fpga_duty_v,fpga_duty_v
1843,Goto,Route_1737_1,Publish_fpga_duty_w,fpga_duty_w,fpga_duty_w
1813,Goto,Route_1738_1,Publish_bridge_status,bridge_status,bridge_status
1845,Goto,Route_1739_1,Publish_fpga_bridge_enable,fpga_bridge_enable,fpga_bridge_enable
1752,Outport,Monitor_id_ref,fpga_id_ref_A,,
1754,Outport,Monitor_iq_ref,fpga_iq_ref_A,,
1755,Inport,id_ref,fpga_id_ref_A,,
1757,Inport,iq_ref,fpga_iq_ref_A,,
1759,Inport,id,id_A,,
1761,Inport,iq,iq_A,,
1763,Inport,ia,ia_A,,
1765,Inport,ib,ib_A,,
1767,Inport,ic,ic_A,,
1773,Inport,theta_e,theta_e_rad,,
1775,Inport,omega_e,omega_e_radps,,
1801,Inport,vd,vd_V,,
1803,Inport,vq,vq_V,,
1750,ToWorkspace,Log,Motor_Control_Log,,
1764,DataTypeConversion,ia_double,ia_A_double,,
1766,DataTypeConversion,ib_double,ib_A_double,,
1768,DataTypeConversion,ic_double,ic_A_double,,
1760,DataTypeConversion,id_double,id_A_double,,
1756,DataTypeConversion,id_ref_double,fpga_id_ref_A_double,,
1762,DataTypeConversion,iq_double,iq_A_double,,
1758,DataTypeConversion,iq_ref_double,fpga_iq_ref_A_double,,
1776,DataTypeConversion,omega_e_double,omega_e_radps_double,,
1774,DataTypeConversion,theta_e_double,theta_e_rad_double,,
1802,DataTypeConversion,vd_double,vd_V_double,,
1804,DataTypeConversion,vq_double,vq_V_double,,
1481,From,FPGA_Live_PI_Reset,Read_PI_Reset_1481,PI_Reset,PI_Reset
1454,From,FPGA_Live_PWM_EN,Read_PWM_EN_1454,PWM_EN,PWM_EN
1457,From,FPGA_Live_ia,Read_ia_A_1457,ia,ia_A
1460,From,FPGA_Live_ib,Read_ib_A_1460,ib,ib_A
1463,From,FPGA_Live_ic,Read_ic_A_1463,ic,ic_A
1472,From,FPGA_Live_id_cmd,Read_outer_id_ref_A_1472,S7D_Outer_Id,outer_id_ref_A
1475,From,FPGA_Live_iq_cmd,Read_outer_iq_ref_A_1475,S7D_Outer_Iq,outer_iq_ref_A
1466,From,FPGA_Live_theta,Read_theta_e_rad_1466,theta,theta_e_rad
1478,From,FPGA_Live_vdc,Read_vdc_V_1478,vdc,vdc_V
1469,From,FPGA_Live_we,Read_omega_e_radps_1469,we,omega_e_radps
492,Goto,Feedback_ia,Publish_ia_A,ia,ia_A
494,Goto,Feedback_ib,Publish_ib_A,ib,ib_A
496,Goto,Feedback_ic,Publish_ic_A,ic,ic_A
501,Goto,Feedback_omega_e,Publish_omega_e_radps,we,omega_e_radps
498,Goto,Feedback_theta_e,Publish_theta_e_rad,theta,theta_e_rad
489,Goto,Feedback_v_mmps,Publish_v_mmps,v,v_mmps
485,Goto,Feedback_x_mm,Publish_x_mm,x_mm,x_mm
1860,From,From_Step7C_Monitor_01,Read_fpga_id_ref_A_1860,id_ref,fpga_id_ref_A
1862,From,From_Step7C_Monitor_02,Read_fpga_iq_ref_A_1862,iq_ref,fpga_iq_ref_A
1864,From,From_Step7C_Monitor_03,Read_id_A_1864,id,id_A
1866,From,From_Step7C_Monitor_04,Read_iq_A_1866,iq,iq_A
1867,From,From_Step7C_Monitor_05,Read_ia_A_1867,ia,ia_A
1868,From,From_Step7C_Monitor_06,Read_ib_A_1868,ib,ib_A
1869,From,From_Step7C_Monitor_07,Read_ic_A_1869,ic,ic_A
1870,From,From_Step7C_Monitor_08,Read_x_mm_1870,x_mm,x_mm
1871,From,From_Step7C_Monitor_09,Read_v_mmps_1871,v,v_mmps
1872,From,From_Step7C_Monitor_10,Read_theta_e_rad_1872,theta,theta_e_rad
1873,From,From_Step7C_Monitor_11,Read_omega_e_radps_1873,we,omega_e_radps
1875,From,From_Step7C_Monitor_12,Read_cmp_u_active_1875,cmp_u_active,cmp_u_active
1877,From,From_Step7C_Monitor_13,Read_cmp_v_active_1877,cmp_v_active,cmp_v_active
1879,From,From_Step7C_Monitor_14,Read_cmp_w_active_1879,cmp_w_active,cmp_w_active
1881,From,From_Step7C_Monitor_15,Read_fpga_duty_u_1881,fpga_duty_u,fpga_duty_u
1883,From,From_Step7C_Monitor_16,Read_fpga_duty_v_1883,fpga_duty_v,fpga_duty_v
1885,From,From_Step7C_Monitor_17,Read_fpga_duty_w_1885,fpga_duty_w,fpga_duty_w
1887,From,From_Step7C_Monitor_18,Read_accepted_sample_id_1887,accepted_sample_id,accepted_sample_id
1889,From,From_Step7C_Monitor_19,Read_active_command_id_1889,active_command_id,active_command_id
1891,From,From_Step7C_Monitor_20,Read_active_valid_1891,active_valid,active_valid
1893,From,From_Step7C_Monitor_21,Read_fpga_bridge_enable_1893,fpga_bridge_enable,fpga_bridge_enable
1895,From,From_Step7C_Monitor_22,Read_fault_code_1895,fault_code,fault_code
1897,From,From_Step7C_Monitor_23,Read_needs_reset_1897,needs_reset,needs_reset
1899,From,From_Step7C_Monitor_24,Read_vd_V_1899,vd,vd_V
1901,From,From_Step7C_Monitor_25,Read_vq_V_1901,vq,vq_V
1859,Goto,Goto_S7C_Signal_01,Publish_fpga_id_ref_A,id_ref,fpga_id_ref_A
1861,Goto,Goto_S7C_Signal_02,Publish_fpga_iq_ref_A,iq_ref,fpga_iq_ref_A
1863,Goto,Goto_S7C_Signal_03,Publish_id_A,id,id_A
1865,Goto,Goto_S7C_Signal_04,Publish_iq_A,iq,iq_A
1874,Goto,Goto_S7C_Signal_12,Publish_cmp_u_active,cmp_u_active,cmp_u_active
1876,Goto,Goto_S7C_Signal_13,Publish_cmp_v_active,cmp_v_active,cmp_v_active
1878,Goto,Goto_S7C_Signal_14,Publish_cmp_w_active,cmp_w_active,cmp_w_active
1880,Goto,Goto_S7C_Signal_15,Publish_fpga_duty_u,fpga_duty_u,fpga_duty_u
1882,Goto,Goto_S7C_Signal_16,Publish_fpga_duty_v,fpga_duty_v,fpga_duty_v
1884,Goto,Goto_S7C_Signal_17,Publish_fpga_duty_w,fpga_duty_w,fpga_duty_w
1886,Goto,Goto_S7C_Signal_18,Publish_accepted_sample_id,accepted_sample_id,accepted_sample_id
1888,Goto,Goto_S7C_Signal_19,Publish_active_command_id,active_command_id,active_command_id
1890,Goto,Goto_S7C_Signal_20,Publish_active_valid,active_valid,active_valid
1892,Goto,Goto_S7C_Signal_21,Publish_fpga_bridge_enable,fpga_bridge_enable,fpga_bridge_enable
1894,Goto,Goto_S7C_Signal_22,Publish_fault_code,fault_code,fault_code
1896,Goto,Goto_S7C_Signal_23,Publish_needs_reset,needs_reset,needs_reset
1898,Goto,Goto_S7C_Signal_24,Publish_vd_V,vd,vd_V
1900,Goto,Goto_S7C_Signal_25,Publish_vq_V,vq,vq_V
1243,Goto,Host_Close_EN,Publish_speed_loop_enable,Close_EN,speed_loop_enable
1257,Goto,Host_PI_Reset,Publish_PI_Reset,PI_Reset,PI_Reset
1247,Goto,Host_PWM_EN,Publish_PWM_EN,PWM_EN,PWM_EN
1245,Goto,Host_Pos_EN,Publish_position_loop_enable,Pos_EN,position_loop_enable
1251,Goto,Host_id_cmd,Publish_host_id_ref_A,id_cmd,host_id_ref_A
1255,Goto,Host_iq_cmd,Publish_host_iq_test_ref_A,iq_cmd,host_iq_test_ref_A
1253,Goto,Host_iq_mode,Publish_host_iq_test_mode,iq_mode,host_iq_test_mode
941,Goto,Host_load_cmd,Publish_load_N,load_N,load_N
1249,Goto,Host_v_cmd,Publish_host_v_ref_mmps,v_cmd,host_v_ref_mmps
939,Goto,Host_vdc_cmd,Publish_vdc_V,vdc,vdc_V
1275,From,PWM_For_PI_Reset,Read_PWM_EN_1275,PWM_EN,PWM_EN
1244,From,Read_Close_EN,Read_speed_loop_enable_1244,Close_EN,speed_loop_enable
1258,From,Read_PI_Reset,Read_PI_Reset_1258,PI_Reset,PI_Reset
1248,From,Read_PWM_EN,Read_PWM_EN_1248,PWM_EN,PWM_EN
1246,From,Read_Pos_EN,Read_position_loop_enable_1246,Pos_EN,position_loop_enable
1961,From,Read_fpga_bridge_enable_local,Read_fpga_bridge_enable_1961,fpga_bridge_enable,fpga_bridge_enable
1958,From,Read_fpga_duty_u_local,Read_fpga_duty_u_1958,fpga_duty_u,fpga_duty_u
1959,From,Read_fpga_duty_v_local,Read_fpga_duty_v_1959,fpga_duty_v,fpga_duty_v
1960,From,Read_fpga_duty_w_local,Read_fpga_duty_w_1960,fpga_duty_w,fpga_duty_w
493,From,Read_ia_0,Read_ia_A_493,ia,ia_A
923,From,Read_ia_local,Read_ia_A_923,ia,ia_A
495,From,Read_ib_0,Read_ib_A_495,ib,ib_A
924,From,Read_ib_local,Read_ib_A_924,ib,ib_A
497,From,Read_ic_0,Read_ic_A_497,ic,ic_A
925,From,Read_ic_local,Read_ic_A_925,ic,ic_A
1252,From,Read_id_cmd,Read_host_id_ref_A_1252,id_cmd,host_id_ref_A
1256,From,Read_iq_cmd,Read_host_iq_test_ref_A_1256,iq_cmd,host_iq_test_ref_A
1254,From,Read_iq_mode,Read_host_iq_test_mode_1254,iq_mode,host_iq_test_mode
942,From,Read_load_cmd,Read_load_N_942,load_N,load_N
502,From,Read_omega_e_0,Read_omega_e_radps_502,we,omega_e_radps
499,From,Read_theta_e_0,Read_theta_e_rad_499,theta,theta_e_rad
500,From,Read_theta_e_1,Read_theta_e_rad_500,theta,theta_e_rad
1250,From,Read_v_cmd,Read_host_v_ref_mmps_1250,v_cmd,host_v_ref_mmps
922,From,Read_v_local,Read_v_mmps_922,v,v_mmps
1962,From,Read_vd_local,Read_vd_V_1962,vd,vd_V
940,From,Read_vdc_cmd,Read_vdc_V_940,vdc,vdc_V
1963,From,Read_vq_local,Read_vq_V_1963,vq,vq_V
488,From,Read_x_mm_2,Read_x_mm_488,x_mm,x_mm
921,From,Read_x_mm_local,Read_x_mm_921,x_mm,x_mm
1278,From,Read_x_mm_local1,Read_x_ref_mm_1278,x_ref,x_ref_mm
938,From,Scope_Reference,Read_x_ref_mm_938,x_ref,x_ref_mm
926,Goto,Signal_x_ref,Publish_x_ref_mm,x_ref,x_ref_mm
1748,SubSystem,Step7C_Monitor,Motor_Control_Monitor,,
1904,Goto,Step7D_Outer_Id,Publish_outer_id_ref_A,S7D_Outer_Id,outer_id_ref_A
1905,Goto,Step7D_Outer_Iq,Publish_outer_iq_ref_A,S7D_Outer_Iq,outer_iq_ref_A
